timestamp,wind_speed_m_s,solar_irradiance_w_m2,temperature_c
2024-12-31T19:00:00+00:00,3.0,0.0,-11.1
2024-12-31T20:00:00+00:00,3.19,0.0,-12.1
2024-12-31T21:00:00+00:00,3.04,0.0,-12.0
2024-12-31T22:00:00+00:00,3.16,0.0,-13.9
2024-12-31T23:00:00+00:00,3.38,0.0,-14.3
2025-01-01T00:00:00+00:00,3.28,0.0,-14.6
2025-01-01T01:00:00+00:00,3.3,0.0,-14.6
2025-01-01T02:00:00+00:00,3.5,0.0,-15.8
2025-01-01T03:00:00+00:00,3.53,0.0,-15.7
2025-01-01T04:00:00+00:00,3.87,6.0,-15.6
2025-01-01T05:00:00+00:00,4.83,57.0,-14.9
2025-01-01T06:00:00+00:00,5.3,113.0,-14.9
2025-01-01T07:00:00+00:00,5.64,148.0,-14.7
2025-01-01T08:00:00+00:00,5.98,170.0,-13.6
2025-01-01T09:00:00+00:00,6.21,153.0,-13.5
2025-01-01T10:00:00+00:00,6.17,101.0,-12.7
2025-01-01T11:00:00+00:00,6.38,40.0,-12.6
2025-01-01T12:00:00+00:00,6.36,1.0,-12.3
2025-01-01T13:00:00+00:00,6.59,0.0,-12.0
2025-01-01T14:00:00+00:00,7.07,0.0,-9.3
2025-01-01T15:00:00+00:00,7.35,0.0,-9.3
2025-01-01T16:00:00+00:00,7.43,0.0,-9.0
2025-01-01T17:00:00+00:00,7.36,0.0,-7.3
2025-01-01T18:00:00+00:00,7.37,0.0,-7.2
2025-01-01T19:00:00+00:00,7.59,0.0,-7.2
2025-01-01T20:00:00+00:00,8.02,0.0,-6.1
2025-01-01T21:00:00+00:00,8.25,0.0,-5.8
2025-01-01T22:00:00+00:00,8.63,0.0,-4.9
2025-01-01T23:00:00+00:00,8.07,0.0,-4.7
2025-01-02T00:00:00+00:00,7.61,0.0,-4.5
2025-01-02T01:00:00+00:00,7.27,0.0,-4.4
2025-01-02T02:00:00+00:00,7.24,0.0,-5.0
2025-01-02T03:00:00+00:00,7.42,0.0,-4.8
2025-01-02T04:00:00+00:00,7.18,5.0,-4.8
2025-01-02T05:00:00+00:00,7.03,55.0,-6.1
2025-01-02T06:00:00+00:00,6.91,108.0,-6.5
2025-01-02T07:00:00+00:00,6.75,141.0,-6.8
2025-01-02T08:00:00+00:00,6.68,123.0,-7.9
2025-01-02T09:00:00+00:00,6.15,122.0,-7.7
2025-01-02T10:00:00+00:00,6.16,97.0,-9.3
2025-01-02T11:00:00+00:00,5.96,41.0,-9.2
2025-01-02T12:00:00+00:00,5.96,1.0,-9.2
2025-01-02T13:00:00+00:00,5.7,0.0,-9.6
2025-01-02T14:00:00+00:00,5.53,0.0,-10.0
2025-01-02T15:00:00+00:00,5.52,0.0,-10.1
2025-01-02T16:00:00+00:00,5.58,0.0,-10.1
2025-01-02T17:00:00+00:00,5.7,0.0,-9.8
2025-01-02T18:00:00+00:00,5.91,0.0,-9.8
2025-01-02T19:00:00+00:00,6.17,0.0,-9.6
2025-01-02T20:00:00+00:00,6.58,0.0,-8.5
2025-01-02T21:00:00+00:00,6.97,0.0,-8.7
2025-01-02T22:00:00+00:00,7.53,0.0,-8.2
2025-01-02T23:00:00+00:00,7.78,0.0,-8.0
2025-01-03T00:00:00+00:00,8.44,0.0,-7.7
2025-01-03T01:00:00+00:00,8.81,0.0,-7.4
2025-01-03T02:00:00+00:00,8.86,0.0,-5.8
2025-01-03T03:00:00+00:00,9.03,0.0,-5.7
2025-01-03T04:00:00+00:00,9.14,3.0,-5.1
2025-01-03T05:00:00+00:00,9.06,22.0,-2.9
2025-01-03T06:00:00+00:00,8.77,54.0,-2.7
2025-01-03T07:00:00+00:00,8.56,64.0,-2.3
2025-01-03T08:00:00+00:00,8.25,90.0,-1.0
2025-01-03T09:00:00+00:00,8.01,68.0,-0.9
2025-01-03T10:00:00+00:00,7.67,54.0,-0.4
2025-01-03T11:00:00+00:00,7.49,24.0,-0.4
2025-01-03T12:00:00+00:00,7.09,1.0,-0.4
2025-01-03T13:00:00+00:00,6.7,0.0,-0.4
2025-01-03T14:00:00+00:00,6.51,0.0,-0.3
2025-01-03T15:00:00+00:00,6.38,0.0,-0.3
2025-01-03T16:00:00+00:00,6.34,0.0,-0.4
2025-01-03T17:00:00+00:00,6.36,0.0,-0.5
2025-01-03T18:00:00+00:00,6.27,0.0,-0.7
2025-01-03T19:00:00+00:00,6.26,0.0,-1.0
2025-01-03T20:00:00+00:00,6.22,0.0,-1.6
2025-01-03T21:00:00+00:00,6.26,0.0,-1.6
2025-01-03T22:00:00+00:00,5.94,0.0,-2.2
2025-01-03T23:00:00+00:00,5.91,0.0,-2.2
2025-01-04T00:00:00+00:00,5.4,0.0,-2.1
2025-01-04T01:00:00+00:00,4.83,0.0,-2.1
2025-01-04T02:00:00+00:00,4.47,0.0,-2.6
2025-01-04T03:00:00+00:00,4.19,0.0,-2.7
2025-01-04T04:00:00+00:00,4.24,5.0,-2.7
2025-01-04T05:00:00+00:00,4.76,53.0,-2.9
2025-01-04T06:00:00+00:00,5.13,102.0,-2.8
2025-01-04T07:00:00+00:00,5.41,135.0,-2.6
2025-01-04T08:00:00+00:00,5.16,146.0,-2.7
2025-01-04T09:00:00+00:00,4.61,115.0,-2.8
2025-01-04T10:00:00+00:00,4.39,94.0,-4.3
2025-01-04T11:00:00+00:00,3.84,40.0,-4.4
2025-01-04T12:00:00+00:00,3.63,2.0,-4.7
2025-01-04T13:00:00+00:00,3.48,0.0,-4.7
2025-01-04T14:00:00+00:00,3.54,0.0,-5.0
2025-01-04T15:00:00+00:00,3.66,0.0,-4.7
2025-01-04T16:00:00+00:00,3.78,0.0,-4.6
2025-01-04T17:00:00+00:00,3.68,0.0,-4.4
2025-01-04T18:00:00+00:00,3.26,0.0,-4.4
2025-01-04T19:00:00+00:00,2.8,0.0,-4.3
2025-01-04T20:00:00+00:00,2.58,0.0,-4.4
2025-01-04T21:00:00+00:00,2.49,0.0,-4.4
2025-01-04T22:00:00+00:00,2.23,0.0,-5.0
2025-01-04T23:00:00+00:00,2.03,0.0,-5.2
2025-01-05T00:00:00+00:00,2.37,0.0,-5.2
2025-01-05T01:00:00+00:00,2.75,0.0,-5.3
2025-01-05T02:00:00+00:00,2.79,0.0,-5.8
2025-01-05T03:00:00+00:00,2.44,0.0,-5.9
2025-01-05T04:00:00+00:00,2.55,6.0,-6.0
2025-01-05T05:00:00+00:00,3.32,56.0,-6.1
2025-01-05T06:00:00+00:00,3.92,93.0,-6.1
2025-01-05T07:00:00+00:00,4.14,111.0,-6.2
2025-01-05T08:00:00+00:00,4.47,129.0,-6.2
2025-01-05T09:00:00+00:00,4.65,114.0,-6.2
2025-01-05T10:00:00+00:00,4.88,77.0,-6.7
2025-01-05T11:00:00+00:00,4.41,30.0,-6.8
2025-01-05T12:00:00+00:00,3.3,2.0,-6.9
2025-01-05T13:00:00+00:00,3.72,0.0,-6.7
2025-01-05T14:00:00+00:00,3.83,0.0,-6.1
2025-01-05T15:00:00+00:00,4.03,0.0,-5.8
2025-01-05T16:00:00+00:00,4.02,0.0,-5.7
2025-01-05T17:00:00+00:00,4.12,0.0,-5.1
2025-01-05T18:00:00+00:00,4.05,0.0,-4.8
2025-01-05T19:00:00+00:00,3.98,0.0,-4.8
2025-01-05T20:00:00+00:00,4.08,0.0,-5.1
2025-01-05T21:00:00+00:00,4.27,0.0,-5.1
2025-01-05T22:00:00+00:00,4.44,0.0,-5.6
2025-01-05T23:00:00+00:00,4.65,0.0,-5.7
2025-01-06T00:00:00+00:00,4.54,0.0,-6.0
2025-01-06T01:00:00+00:00,4.31,0.0,-6.1
2025-01-06T02:00:00+00:00,3.97,0.0,-5.8
2025-01-06T03:00:00+00:00,3.83,0.0,-5.8
2025-01-06T04:00:00+00:00,4.04,5.0,-5.7
2025-01-06T05:00:00+00:00,4.33,44.0,-4.6
2025-01-06T06:00:00+00:00,4.19,78.0,-4.5
2025-01-06T07:00:00+00:00,3.96,129.0,-4.5
2025-01-06T08:00:00+00:00,3.97,141.0,-4.0
2025-01-06T09:00:00+00:00,3.67,113.0,-3.8
2025-01-06T10:00:00+00:00,3.4,75.0,-4.3
2025-01-06T11:00:00+00:00,3.15,34.0,-4.3
2025-01-06T12:00:00+00:00,3.11,2.0,-4.0
2025-01-06T13:00:00+00:00,3.02,0.0,-3.9
2025-01-06T14:00:00+00:00,3.06,0.0,-4.3
2025-01-06T15:00:00+00:00,3.21,0.0,-4.1
2025-01-06T16:00:00+00:00,3.31,0.0,-4.2
2025-01-06T17:00:00+00:00,3.32,0.0,-4.5
2025-01-06T18:00:00+00:00,3.25,0.0,-4.6
2025-01-06T19:00:00+00:00,3.2,0.0,-4.8
2025-01-06T20:00:00+00:00,3.0,0.0,-5.0
2025-01-06T21:00:00+00:00,2.9,0.0,-4.7
2025-01-06T22:00:00+00:00,2.62,0.0,-4.6
2025-01-06T23:00:00+00:00,2.37,0.0,-4.8
2025-01-07T00:00:00+00:00,2.33,0.0,-5.0
2025-01-07T01:00:00+00:00,2.58,0.0,-5.3
2025-01-07T02:00:00+00:00,2.88,0.0,-5.7
2025-01-07T03:00:00+00:00,3.03,0.0,-5.8
2025-01-07T04:00:00+00:00,3.08,7.0,-6.2
2025-01-07T05:00:00+00:00,3.13,59.0,-5.5
2025-01-07T06:00:00+00:00,3.08,114.0,-5.2
2025-01-07T07:00:00+00:00,2.91,145.0,-5.0
2025-01-07T08:00:00+00:00,3.04,163.0,-4.5
2025-01-07T09:00:00+00:00,3.18,114.0,-4.2
2025-01-07T10:00:00+00:00,3.36,77.0,-4.3
2025-01-07T11:00:00+00:00,3.42,27.0,-4.1
2025-01-07T12:00:00+00:00,3.35,1.0,-3.7
2025-01-07T13:00:00+00:00,3.23,0.0,-3.5
2025-01-07T14:00:00+00:00,2.82,0.0,-3.8
2025-01-07T15:00:00+00:00,2.58,0.0,-3.7
2025-01-07T16:00:00+00:00,3.24,0.0,-3.7
2025-01-07T17:00:00+00:00,4.45,0.0,-4.6
2025-01-07T18:00:00+00:00,5.5,0.0,-4.5
2025-01-07T19:00:00+00:00,6.63,0.0,-4.1
2025-01-07T20:00:00+00:00,7.18,0.0,-6.2
2025-01-07T21:00:00+00:00,7.13,0.0,-6.5
2025-01-07T22:00:00+00:00,7.09,0.0,-9.8
2025-01-07T23:00:00+00:00,7.15,0.0,-10.0
2025-01-08T00:00:00+00:00,7.42,0.0,-10.3
2025-01-08T01:00:00+00:00,6.94,0.0,-10.9
2025-01-08T02:00:00+00:00,6.12,0.0,-13.5
2025-01-08T03:00:00+00:00,5.39,0.0,-14.0
2025-01-08T04:00:00+00:00,4.58,12.0,-14.2
2025-01-08T05:00:00+00:00,4.11,102.0,-14.9
2025-01-08T06:00:00+00:00,3.79,200.0,-14.7
2025-01-08T07:00:00+00:00,3.3,265.0,-14.3
2025-01-08T08:00:00+00:00,3.16,284.0,-13.2
2025-01-08T09:00:00+00:00,3.28,254.0,-13.3
2025-01-08T10:00:00+00:00,3.26,181.0,-14.6
2025-01-08T11:00:00+00:00,2.97,80.0,-15.2
2025-01-08T12:00:00+00:00,2.88,5.0,-16.1
2025-01-08T13:00:00+00:00,3.09,0.0,-15.8
2025-01-08T14:00:00+00:00,3.65,0.0,-14.5
2025-01-08T15:00:00+00:00,3.83,0.0,-14.2
2025-01-08T16:00:00+00:00,4.16,0.0,-13.7
2025-01-08T17:00:00+00:00,4.92,0.0,-12.0
2025-01-08T18:00:00+00:00,5.46,0.0,-11.8
2025-01-08T19:00:00+00:00,6.09,0.0,-11.4
2025-01-08T20:00:00+00:00,6.45,0.0,-10.0
2025-01-08T21:00:00+00:00,6.63,0.0,-10.1
2025-01-08T22:00:00+00:00,7.31,0.0,-8.5
2025-01-08T23:00:00+00:00,7.22,0.0,-8.5
2025-01-09T00:00:00+00:00,7.15,0.0,-8.4
2025-01-09T01:00:00+00:00,7.03,0.0,-8.1
2025-01-09T02:00:00+00:00,6.86,0.0,-7.3
2025-01-09T03:00:00+00:00,6.82,0.0,-7.4
2025-01-09T04:00:00+00:00,6.78,7.0,-7.2
2025-01-09T05:00:00+00:00,6.81,70.0,-6.2
2025-01-09T06:00:00+00:00,6.9,157.0,-6.1
2025-01-09T07:00:00+00:00,6.98,177.0,-5.8
2025-01-09T08:00:00+00:00,6.88,193.0,-5.0
2025-01-09T09:00:00+00:00,6.86,154.0,-5.0
2025-01-09T10:00:00+00:00,7.34,106.0,-5.3
2025-01-09T11:00:00+00:00,6.94,47.0,-5.3
2025-01-09T12:00:00+00:00,6.67,4.0,-5.2
2025-01-09T13:00:00+00:00,6.31,0.0,-5.1
2025-01-09T14:00:00+00:00,6.14,0.0,-5.0
2025-01-09T15:00:00+00:00,6.09,0.0,-5.0
2025-01-09T16:00:00+00:00,6.03,0.0,-5.0
2025-01-09T17:00:00+00:00,5.83,0.0,-5.0
2025-01-09T18:00:00+00:00,5.66,0.0,-5.3
2025-01-09T19:00:00+00:00,5.45,0.0,-5.9
2025-01-09T20:00:00+00:00,5.31,0.0,-6.5
2025-01-09T21:00:00+00:00,5.44,0.0,-6.7
2025-01-09T22:00:00+00:00,6.14,0.0,-6.5
2025-01-09T23:00:00+00:00,5.84,0.0,-6.5
2025-01-10T00:00:00+00:00,5.66,0.0,-6.7
2025-01-10T01:00:00+00:00,5.81,0.0,-6.9
2025-01-10T02:00:00+00:00,5.89,0.0,-7.2
2025-01-10T03:00:00+00:00,5.87,0.0,-7.0
2025-01-10T04:00:00+00:00,5.97,12.0,-7.2
2025-01-10T05:00:00+00:00,6.35,96.0,-6.8
2025-01-10T06:00:00+00:00,6.44,192.0,-6.4
2025-01-10T07:00:00+00:00,6.32,247.0,-6.4
2025-01-10T08:00:00+00:00,5.99,259.0,-5.4
2025-01-10T09:00:00+00:00,5.67,240.0,-5.2
2025-01-10T10:00:00+00:00,5.58,170.0,-6.5
2025-01-10T11:00:00+00:00,5.14,78.0,-6.6
2025-01-10T12:00:00+00:00,4.69,6.0,-6.6
2025-01-10T13:00:00+00:00,4.35,0.0,-6.3
2025-01-10T14:00:00+00:00,4.28,0.0,-6.6
2025-01-10T15:00:00+00:00,4.14,0.0,-6.1
2025-01-10T16:00:00+00:00,3.96,0.0,-6.2
2025-01-10T17:00:00+00:00,3.79,0.0,-7.0
2025-01-10T18:00:00+00:00,3.63,0.0,-6.8
2025-01-10T19:00:00+00:00,3.36,0.0,-6.4
2025-01-10T20:00:00+00:00,3.14,0.0,-7.1
2025-01-10T21:00:00+00:00,2.8,0.0,-7.3
2025-01-10T22:00:00+00:00,2.31,0.0,-7.9
2025-01-10T23:00:00+00:00,2.33,0.0,-7.8
2025-01-11T00:00:00+00:00,2.35,0.0,-7.8
2025-01-11T01:00:00+00:00,1.91,0.0,-8.6
2025-01-11T02:00:00+00:00,1.62,0.0,-9.3
2025-01-11T03:00:00+00:00,1.51,0.0,-9.8
2025-01-11T04:00:00+00:00,1.91,11.0,-9.3
2025-01-11T05:00:00+00:00,1.63,86.0,-7.7
2025-01-11T06:00:00+00:00,1.73,177.0,-7.7
2025-01-11T07:00:00+00:00,1.98,242.0,-7.9
2025-01-11T08:00:00+00:00,2.05,258.0,-6.9
2025-01-11T09:00:00+00:00,1.77,238.0,-7.1
2025-01-11T10:00:00+00:00,1.77,174.0,-8.8
2025-01-11T11:00:00+00:00,2.44,80.0,-8.7
2025-01-11T12:00:00+00:00,2.55,7.0,-9.3
2025-01-11T13:00:00+00:00,2.25,0.0,-9.4
2025-01-11T14:00:00+00:00,1.89,0.0,-10.2
2025-01-11T15:00:00+00:00,1.77,0.0,-9.8
2025-01-11T16:00:00+00:00,1.74,0.0,-9.8
2025-01-11T17:00:00+00:00,1.72,0.0,-9.5
2025-01-11T18:00:00+00:00,1.72,0.0,-9.4
2025-01-11T19:00:00+00:00,1.77,0.0,-9.4
2025-01-11T20:00:00+00:00,1.74,0.0,-10.4
2025-01-11T21:00:00+00:00,1.7,0.0,-10.4
2025-01-11T22:00:00+00:00,1.75,0.0,-10.9
2025-01-11T23:00:00+00:00,1.67,0.0,-10.9
2025-01-12T00:00:00+00:00,1.67,0.0,-11.9
2025-01-12T01:00:00+00:00,1.5,0.0,-12.0
2025-01-12T02:00:00+00:00,1.55,0.0,-12.9
2025-01-12T03:00:00+00:00,1.66,0.0,-12.8
2025-01-12T04:00:00+00:00,0.97,11.0,-12.5
2025-01-12T05:00:00+00:00,1.31,82.0,-9.9
2025-01-12T06:00:00+00:00,1.21,169.0,-9.3
2025-01-12T07:00:00+00:00,1.09,205.0,-9.0
2025-01-12T08:00:00+00:00,1.14,239.0,-7.4
2025-01-12T09:00:00+00:00,0.93,213.0,-7.7
2025-01-12T10:00:00+00:00,1.23,158.0,-9.3
2025-01-12T11:00:00+00:00,1.3,77.0,-9.4
2025-01-12T12:00:00+00:00,1.39,7.0,-10.4
2025-01-12T13:00:00+00:00,1.7,0.0,-10.5
2025-01-12T14:00:00+00:00,2.15,0.0,-12.4
2025-01-12T15:00:00+00:00,2.1,0.0,-12.5
2025-01-12T16:00:00+00:00,2.26,0.0,-12.6
2025-01-12T17:00:00+00:00,2.27,0.0,-13.7
2025-01-12T18:00:00+00:00,2.06,0.0,-13.8
2025-01-12T19:00:00+00:00,2.06,0.0,-14.2
2025-01-12T20:00:00+00:00,2.0,0.0,-15.0
2025-01-12T21:00:00+00:00,2.0,0.0,-14.8
2025-01-12T22:00:00+00:00,2.26,0.0,-15.8
2025-01-12T23:00:00+00:00,2.26,0.0,-15.7
2025-01-13T00:00:00+00:00,2.27,0.0,-15.5
2025-01-13T01:00:00+00:00,2.17,0.0,-15.2
2025-01-13T02:00:00+00:00,2.15,0.0,-14.8
2025-01-13T03:00:00+00:00,2.06,0.0,-14.7
2025-01-13T04:00:00+00:00,1.9,13.0,-14.2
2025-01-13T05:00:00+00:00,2.02,97.0,-10.9
2025-01-13T06:00:00+00:00,2.01,185.0,-10.0
2025-01-13T07:00:00+00:00,1.9,256.0,-9.6
2025-01-13T08:00:00+00:00,1.85,279.0,-7.4
2025-01-13T09:00:00+00:00,1.9,251.0,-7.5
2025-01-13T10:00:00+00:00,2.13,185.0,-9.1
2025-01-13T11:00:00+00:00,2.24,87.0,-9.4
2025-01-13T12:00:00+00:00,2.25,9.0,-9.6
2025-01-13T13:00:00+00:00,2.21,0.0,-10.0
2025-01-13T14:00:00+00:00,2.3,0.0,-11.3
2025-01-13T15:00:00+00:00,2.4,0.0,-11.4
2025-01-13T16:00:00+00:00,2.51,0.0,-11.5
2025-01-13T17:00:00+00:00,2.51,0.0,-12.2
2025-01-13T18:00:00+00:00,2.56,0.0,-12.5
2025-01-13T19:00:00+00:00,2.51,0.0,-12.4
2025-01-13T20:00:00+00:00,2.43,0.0,-12.7
2025-01-13T21:00:00+00:00,2.33,0.0,-12.9
2025-01-13T22:00:00+00:00,2.4,0.0,-13.6
2025-01-13T23:00:00+00:00,2.49,0.0,-13.7
2025-01-14T00:00:00+00:00,2.52,0.0,-13.8
2025-01-14T01:00:00+00:00,2.62,0.0,-13.6
2025-01-14T02:00:00+00:00,2.63,0.0,-13.7
2025-01-14T03:00:00+00:00,2.73,0.0,-13.5
2025-01-14T04:00:00+00:00,2.77,15.0,-13.4
2025-01-14T05:00:00+00:00,2.78,105.0,-10.3
2025-01-14T06:00:00+00:00,2.76,203.0,-9.9
2025-01-14T07:00:00+00:00,2.75,269.0,-9.5
2025-01-14T08:00:00+00:00,2.74,290.0,-6.7
2025-01-14T09:00:00+00:00,2.67,264.0,-6.6
2025-01-14T10:00:00+00:00,2.83,194.0,-7.9
2025-01-14T11:00:00+00:00,2.83,94.0,-8.2
2025-01-14T12:00:00+00:00,2.98,10.0,-8.8
2025-01-14T13:00:00+00:00,3.16,0.0,-9.1
2025-01-14T14:00:00+00:00,3.3,0.0,-10.1
2025-01-14T15:00:00+00:00,3.3,0.0,-10.1
2025-01-14T16:00:00+00:00,3.3,0.0,-10.2
2025-01-14T17:00:00+00:00,3.25,0.0,-10.5
2025-01-14T18:00:00+00:00,3.3,0.0,-10.3
2025-01-14T19:00:00+00:00,3.45,0.0,-10.4
2025-01-14T20:00:00+00:00,3.55,0.0,-10.6
2025-01-14T21:00:00+00:00,3.56,0.0,-10.7
2025-01-14T22:00:00+00:00,3.85,0.0,-12.0
2025-01-14T23:00:00+00:00,3.75,0.0,-12.0
2025-01-15T00:00:00+00:00,3.85,0.0,-11.9
2025-01-15T01:00:00+00:00,4.0,0.0,-12.0
2025-01-15T02:00:00+00:00,4.13,0.0,-13.0
2025-01-15T03:00:00+00:00,4.11,0.0,-12.9
2025-01-15T04:00:00+00:00,4.25,16.0,-12.7
2025-01-15T05:00:00+00:00,4.46,108.0,-11.5
2025-01-15T06:00:00+00:00,4.54,206.0,-11.3
2025-01-15T07:00:00+00:00,4.35,273.0,-11.3
2025-01-15T08:00:00+00:00,4.18,296.0,-10.2
2025-01-15T09:00:00+00:00,4.19,269.0,-10.3
2025-01-15T10:00:00+00:00,4.04,200.0,-11.7
2025-01-15T11:00:00+00:00,3.65,96.0,-12.2
2025-01-15T12:00:00+00:00,3.58,11.0,-12.8
2025-01-15T13:00:00+00:00,3.67,0.0,-12.9
2025-01-15T14:00:00+00:00,3.67,0.0,-13.3
2025-01-15T15:00:00+00:00,3.67,0.0,-13.1
2025-01-15T16:00:00+00:00,3.74,0.0,-13.0
2025-01-15T17:00:00+00:00,3.87,0.0,-12.4
2025-01-15T18:00:00+00:00,4.14,0.0,-12.0
2025-01-15T19:00:00+00:00,4.33,0.0,-11.9
2025-01-15T20:00:00+00:00,4.34,0.0,-11.1
2025-01-15T21:00:00+00:00,4.44,0.0,-10.6
2025-01-15T22:00:00+00:00,4.22,0.0,-10.6
2025-01-15T23:00:00+00:00,4.42,0.0,-10.6
2025-01-16T00:00:00+00:00,4.55,0.0,-10.8
2025-01-16T01:00:00+00:00,4.33,0.0,-10.7
2025-01-16T02:00:00+00:00,4.32,0.0,-11.1
2025-01-16T03:00:00+00:00,4.52,0.0,-11.3
2025-01-16T04:00:00+00:00,4.74,12.0,-10.9
2025-01-16T05:00:00+00:00,4.99,67.0,-10.5
2025-01-16T06:00:00+00:00,5.47,140.0,-10.8
2025-01-16T07:00:00+00:00,5.69,171.0,-10.7
2025-01-16T08:00:00+00:00,5.63,169.0,-9.6
2025-01-16T09:00:00+00:00,5.27,131.0,-9.4
2025-01-16T10:00:00+00:00,5.18,98.0,-9.6
2025-01-16T11:00:00+00:00,5.24,56.0,-9.6
2025-01-16T12:00:00+00:00,5.2,8.0,-9.8
2025-01-16T13:00:00+00:00,5.23,0.0,-9.8
2025-01-16T14:00:00+00:00,5.34,0.0,-9.9
2025-01-16T15:00:00+00:00,5.26,0.0,-9.8
2025-01-16T16:00:00+00:00,5.09,0.0,-9.6
2025-01-16T17:00:00+00:00,4.92,0.0,-8.9
2025-01-16T18:00:00+00:00,4.81,0.0,-8.8
2025-01-16T19:00:00+00:00,4.96,0.0,-8.7
2025-01-16T20:00:00+00:00,5.08,0.0,-8.4
2025-01-16T21:00:00+00:00,5.23,0.0,-8.3
2025-01-16T22:00:00+00:00,5.52,0.0,-7.7
2025-01-16T23:00:00+00:00,5.59,0.0,-7.5
2025-01-17T00:00:00+00:00,5.79,0.0,-7.4
2025-01-17T01:00:00+00:00,5.91,0.0,-7.3
2025-01-17T02:00:00+00:00,5.94,0.0,-6.9
2025-01-17T03:00:00+00:00,5.88,0.0,-6.8
2025-01-17T04:00:00+00:00,5.81,12.0,-6.9
2025-01-17T05:00:00+00:00,5.71,75.0,-6.1
2025-01-17T06:00:00+00:00,6.19,138.0,-6.0
2025-01-17T07:00:00+00:00,6.77,181.0,-5.9
2025-01-17T08:00:00+00:00,7.15,190.0,-5.3
2025-01-17T09:00:00+00:00,6.86,155.0,-5.3
2025-01-17T10:00:00+00:00,5.85,120.0,-5.6
2025-01-17T11:00:00+00:00,5.99,58.0,-5.3
2025-01-17T12:00:00+00:00,5.84,9.0,-5.2
2025-01-17T13:00:00+00:00,5.7,0.0,-5.0
2025-01-17T14:00:00+00:00,5.51,0.0,-5.5
2025-01-17T15:00:00+00:00,5.12,0.0,-5.7
2025-01-17T16:00:00+00:00,4.98,0.0,-5.8
2025-01-17T17:00:00+00:00,5.03,0.0,-6.9
2025-01-17T18:00:00+00:00,4.95,0.0,-7.1
2025-01-17T19:00:00+00:00,4.65,0.0,-7.5
2025-01-17T20:00:00+00:00,4.37,0.0,-8.0
2025-01-17T21:00:00+00:00,4.17,0.0,-8.0
2025-01-17T22:00:00+00:00,3.93,0.0,-8.3
2025-01-17T23:00:00+00:00,3.76,0.0,-8.5
2025-01-18T00:00:00+00:00,3.69,0.0,-8.5
2025-01-18T01:00:00+00:00,3.25,0.0,-8.6
2025-01-18T02:00:00+00:00,2.79,0.0,-9.2
2025-01-18T03:00:00+00:00,2.57,0.0,-9.1
2025-01-18T04:00:00+00:00,2.59,14.0,-9.6
2025-01-18T05:00:00+00:00,2.74,90.0,-8.6
2025-01-18T06:00:00+00:00,2.78,164.0,-8.3
2025-01-18T07:00:00+00:00,3.06,211.0,-8.1
2025-01-18T08:00:00+00:00,3.23,243.0,-6.9
2025-01-18T09:00:00+00:00,3.42,190.0,-6.7
2025-01-18T10:00:00+00:00,4.18,139.0,-7.2
2025-01-18T11:00:00+00:00,3.94,63.0,-7.3
2025-01-18T12:00:00+00:00,4.08,11.0,-7.3
2025-01-18T13:00:00+00:00,3.93,0.0,-8.1
2025-01-18T14:00:00+00:00,3.68,0.0,-8.9
2025-01-18T15:00:00+00:00,3.68,0.0,-8.8
2025-01-18T16:00:00+00:00,3.89,0.0,-8.8
2025-01-18T17:00:00+00:00,4.0,0.0,-9.0
2025-01-18T18:00:00+00:00,4.0,0.0,-8.8
2025-01-18T19:00:00+00:00,3.89,0.0,-8.9
2025-01-18T20:00:00+00:00,3.85,0.0,-8.3
2025-01-18T21:00:00+00:00,3.85,0.0,-8.2
2025-01-18T22:00:00+00:00,3.11,0.0,-7.7
2025-01-18T23:00:00+00:00,2.65,0.0,-7.6
2025-01-19T00:00:00+00:00,2.4,0.0,-7.5
2025-01-19T01:00:00+00:00,2.44,0.0,-7.8
2025-01-19T02:00:00+00:00,2.71,0.0,-7.2
2025-01-19T03:00:00+00:00,3.05,0.0,-7.0
2025-01-19T04:00:00+00:00,3.27,15.0,-7.1
2025-01-19T05:00:00+00:00,3.31,95.0,-5.7
2025-01-19T06:00:00+00:00,3.36,179.0,-5.5
2025-01-19T07:00:00+00:00,3.33,210.0,-5.4
2025-01-19T08:00:00+00:00,3.2,249.0,-4.3
2025-01-19T09:00:00+00:00,3.06,234.0,-4.4
2025-01-19T10:00:00+00:00,3.08,177.0,-4.7
2025-01-19T11:00:00+00:00,3.04,96.0,-5.1
2025-01-19T12:00:00+00:00,3.04,15.0,-5.5
2025-01-19T13:00:00+00:00,3.11,0.0,-6.1
2025-01-19T14:00:00+00:00,3.08,0.0,-5.9
2025-01-19T15:00:00+00:00,3.15,0.0,-5.2
2025-01-19T16:00:00+00:00,3.35,0.0,-4.6
2025-01-19T17:00:00+00:00,3.8,0.0,-2.5
2025-01-19T18:00:00+00:00,4.16,0.0,-1.8
2025-01-19T19:00:00+00:00,4.51,0.0,-1.7
2025-01-19T20:00:00+00:00,4.7,0.0,-1.0
2025-01-19T21:00:00+00:00,4.86,0.0,-1.1
2025-01-19T22:00:00+00:00,5.84,0.0,-0.4
2025-01-19T23:00:00+00:00,5.98,0.0,-0.4
2025-01-20T00:00:00+00:00,5.81,0.0,-0.3
2025-01-20T01:00:00+00:00,5.45,0.0,-0.5
2025-01-20T02:00:00+00:00,5.51,0.0,-0.9
2025-01-20T03:00:00+00:00,5.73,0.0,-0.8
2025-01-20T04:00:00+00:00,5.73,10.0,-0.8
2025-01-20T05:00:00+00:00,5.46,61.0,-0.5
2025-01-20T06:00:00+00:00,5.49,107.0,-0.3
2025-01-20T07:00:00+00:00,5.68,134.0,-0.2
2025-01-20T08:00:00+00:00,6.22,140.0,-0.1
2025-01-20T09:00:00+00:00,6.67,108.0,-0.4
2025-01-20T10:00:00+00:00,7.03,80.0,-1.1
2025-01-20T11:00:00+00:00,6.89,45.0,-1.3
2025-01-20T12:00:00+00:00,6.81,7.0,-1.2
2025-01-20T13:00:00+00:00,6.76,0.0,-1.2
2025-01-20T14:00:00+00:00,6.72,0.0,-1.5
2025-01-20T15:00:00+00:00,6.81,0.0,-1.5
2025-01-20T16:00:00+00:00,6.62,0.0,-1.6
2025-01-20T17:00:00+00:00,6.53,0.0,-1.5
2025-01-20T18:00:00+00:00,6.67,0.0,-1.3
2025-01-20T19:00:00+00:00,6.76,0.0,-1.1
2025-01-20T20:00:00+00:00,6.77,0.0,-1.7
2025-01-20T21:00:00+00:00,6.59,0.0,-1.7
2025-01-20T22:00:00+00:00,6.93,0.0,-3.0
2025-01-20T23:00:00+00:00,7.49,0.0,-2.9
2025-01-21T00:00:00+00:00,7.97,0.0,-3.0
2025-01-21T01:00:00+00:00,7.95,0.0,-3.1
2025-01-21T02:00:00+00:00,8.22,0.0,-3.0
2025-01-21T03:00:00+00:00,8.46,0.0,-2.9
2025-01-21T04:00:00+00:00,8.42,11.0,-3.0
2025-01-21T05:00:00+00:00,8.31,67.0,-2.9
2025-01-21T06:00:00+00:00,8.56,127.0,-3.0
2025-01-21T07:00:00+00:00,8.07,162.0,-2.9
2025-01-21T08:00:00+00:00,9.13,183.0,-2.4
2025-01-21T09:00:00+00:00,9.36,173.0,-2.3
2025-01-21T10:00:00+00:00,9.82,116.0,-2.3
2025-01-21T11:00:00+00:00,8.97,61.0,-2.2
2025-01-21T12:00:00+00:00,8.77,12.0,-2.1
2025-01-21T13:00:00+00:00,9.18,0.0,-2.3
2025-01-21T14:00:00+00:00,9.2,0.0,-2.7
2025-01-21T15:00:00+00:00,9.93,0.0,-2.3
2025-01-21T16:00:00+00:00,9.44,0.0,-2.4
2025-01-21T17:00:00+00:00,8.17,0.0,-4.4
2025-01-21T18:00:00+00:00,8.35,0.0,-4.6
2025-01-21T19:00:00+00:00,9.3,0.0,-4.7
2025-01-21T20:00:00+00:00,9.0,0.0,-9.0
2025-01-21T21:00:00+00:00,8.63,0.0,-9.0
2025-01-21T22:00:00+00:00,9.91,0.0,-12.1
2025-01-21T23:00:00+00:00,10.2,0.0,-15.3
2025-01-22T00:00:00+00:00,9.51,0.0,-15.5
2025-01-22T01:00:00+00:00,8.67,0.0,-15.3
2025-01-22T02:00:00+00:00,8.12,0.0,-17.9
2025-01-22T03:00:00+00:00,7.96,0.0,-17.9
2025-01-22T04:00:00+00:00,8.0,16.0,-18.2
2025-01-22T05:00:00+00:00,8.05,89.0,-18.9
2025-01-22T06:00:00+00:00,7.53,203.0,-18.7
2025-01-22T07:00:00+00:00,7.72,266.0,-18.7
2025-01-22T08:00:00+00:00,7.59,277.0,-18.5
2025-01-22T09:00:00+00:00,7.0,257.0,-18.2
2025-01-22T10:00:00+00:00,6.32,199.0,-19.7
2025-01-22T11:00:00+00:00,6.2,114.0,-20.9
2025-01-22T12:00:00+00:00,6.61,22.0,-22.2
2025-01-22T13:00:00+00:00,6.76,0.0,-23.3
2025-01-22T14:00:00+00:00,6.25,0.0,-24.5
2025-01-22T15:00:00+00:00,5.84,0.0,-24.0
2025-01-22T16:00:00+00:00,5.83,0.0,-23.3
2025-01-22T17:00:00+00:00,6.0,0.0,-24.0
2025-01-22T18:00:00+00:00,6.1,0.0,-23.7
2025-01-22T19:00:00+00:00,6.2,0.0,-23.3
2025-01-22T20:00:00+00:00,6.23,0.0,-23.8
2025-01-22T21:00:00+00:00,6.36,0.0,-23.8
2025-01-22T22:00:00+00:00,6.19,0.0,-24.7
2025-01-22T23:00:00+00:00,6.26,0.0,-25.0
2025-01-23T00:00:00+00:00,6.28,0.0,-25.2
2025-01-23T01:00:00+00:00,6.2,0.0,-25.3
2025-01-23T02:00:00+00:00,6.28,0.0,-26.1
2025-01-23T03:00:00+00:00,6.2,0.0,-26.3
2025-01-23T04:00:00+00:00,6.11,25.0,-26.3
2025-01-23T05:00:00+00:00,5.84,129.0,-25.1
2025-01-23T06:00:00+00:00,5.75,242.0,-24.8
2025-01-23T07:00:00+00:00,5.98,315.0,-24.6
2025-01-23T08:00:00+00:00,6.09,341.0,-23.3
2025-01-23T09:00:00+00:00,5.72,315.0,-23.3
2025-01-23T10:00:00+00:00,5.43,242.0,-24.1
2025-01-23T11:00:00+00:00,5.0,135.0,-24.2
2025-01-23T12:00:00+00:00,4.59,27.0,-24.7
2025-01-23T13:00:00+00:00,4.35,0.0,-24.8
2025-01-23T14:00:00+00:00,4.02,0.0,-26.4
2025-01-23T15:00:00+00:00,3.73,0.0,-26.5
2025-01-23T16:00:00+00:00,3.29,0.0,-26.3
2025-01-23T17:00:00+00:00,2.55,0.0,-27.9
2025-01-23T18:00:00+00:00,2.25,0.0,-28.7
2025-01-23T19:00:00+00:00,2.12,0.0,-28.4
2025-01-23T20:00:00+00:00,2.06,0.0,-29.5
2025-01-23T21:00:00+00:00,2.07,0.0,-29.7
2025-01-23T22:00:00+00:00,2.18,0.0,-30.4
2025-01-23T23:00:00+00:00,2.16,0.0,-30.3
2025-01-24T00:00:00+00:00,2.35,0.0,-30.5
2025-01-24T01:00:00+00:00,2.71,0.0,-30.1
2025-01-24T02:00:00+00:00,2.93,0.0,-29.6
2025-01-24T03:00:00+00:00,2.74,0.0,-29.6
2025-01-24T04:00:00+00:00,2.61,27.0,-29.5
2025-01-24T05:00:00+00:00,2.99,137.0,-26.1
2025-01-24T06:00:00+00:00,3.45,243.0,-25.6
2025-01-24T07:00:00+00:00,3.68,316.0,-25.4
2025-01-24T08:00:00+00:00,3.69,341.0,-22.8
2025-01-24T09:00:00+00:00,3.37,317.0,-22.8
2025-01-24T10:00:00+00:00,3.13,244.0,-23.5
2025-01-24T11:00:00+00:00,2.95,137.0,-24.0
2025-01-24T12:00:00+00:00,3.06,28.0,-24.6
2025-01-24T13:00:00+00:00,3.22,0.0,-24.9
2025-01-24T14:00:00+00:00,3.22,0.0,-25.3
2025-01-24T15:00:00+00:00,3.37,0.0,-25.2
2025-01-24T16:00:00+00:00,3.56,0.0,-25.0
2025-01-24T17:00:00+00:00,3.77,0.0,-23.5
2025-01-24T18:00:00+00:00,3.82,0.0,-23.3
2025-01-24T19:00:00+00:00,3.76,0.0,-23.0
2025-01-24T20:00:00+00:00,3.5,0.0,-22.8
2025-01-24T21:00:00+00:00,3.51,0.0,-23.1
2025-01-24T22:00:00+00:00,3.91,0.0,-23.3
2025-01-24T23:00:00+00:00,3.81,0.0,-23.2
2025-01-25T00:00:00+00:00,3.61,0.0,-23.1
2025-01-25T01:00:00+00:00,3.56,0.0,-23.1
2025-01-25T02:00:00+00:00,3.46,0.0,-22.7
2025-01-25T03:00:00+00:00,3.47,0.0,-22.6
2025-01-25T04:00:00+00:00,3.54,25.0,-22.4
2025-01-25T05:00:00+00:00,3.67,119.0,-19.8
2025-01-25T06:00:00+00:00,3.76,215.0,-19.2
2025-01-25T07:00:00+00:00,3.26,294.0,-18.8
2025-01-25T08:00:00+00:00,2.86,325.0,-16.8
2025-01-25T09:00:00+00:00,2.57,287.0,-16.7
2025-01-25T10:00:00+00:00,2.57,212.0,-18.0
2025-01-25T11:00:00+00:00,2.42,115.0,-18.4
2025-01-25T12:00:00+00:00,2.39,27.0,-18.8
2025-01-25T13:00:00+00:00,2.43,0.0,-19.0
2025-01-25T14:00:00+00:00,2.28,0.0,-19.9
2025-01-25T15:00:00+00:00,2.2,0.0,-19.6
2025-01-25T16:00:00+00:00,2.12,0.0,-19.5
2025-01-25T17:00:00+00:00,2.07,0.0,-19.4
2025-01-25T18:00:00+00:00,2.19,0.0,-19.6
2025-01-25T19:00:00+00:00,2.15,0.0,-20.0
2025-01-25T20:00:00+00:00,2.11,0.0,-19.8
2025-01-25T21:00:00+00:00,2.14,0.0,-19.6
2025-01-25T22:00:00+00:00,2.07,0.0,-19.5
2025-01-25T23:00:00+00:00,2.09,0.0,-19.5
2025-01-26T00:00:00+00:00,2.19,0.0,-19.3
2025-01-26T01:00:00+00:00,2.33,0.0,-19.1
2025-01-26T02:00:00+00:00,2.48,0.0,-18.7
2025-01-26T03:00:00+00:00,2.62,0.0,-18.5
2025-01-26T04:00:00+00:00,2.83,24.0,-18.6
2025-01-26T05:00:00+00:00,2.77,111.0,-15.5
2025-01-26T06:00:00+00:00,2.73,205.0,-15.0
2025-01-26T07:00:00+00:00,2.56,264.0,-14.6
2025-01-26T08:00:00+00:00,2.31,297.0,-12.0
2025-01-26T09:00:00+00:00,2.14,286.0,-11.8
2025-01-26T10:00:00+00:00,1.97,217.0,-13.0
2025-01-26T11:00:00+00:00,2.18,121.0,-13.2
2025-01-26T12:00:00+00:00,2.33,26.0,-13.3
2025-01-26T13:00:00+00:00,2.4,0.0,-13.3
2025-01-26T14:00:00+00:00,2.42,0.0,-15.0
2025-01-26T15:00:00+00:00,2.42,0.0,-14.9
2025-01-26T16:00:00+00:00,2.33,0.0,-15.1
2025-01-26T17:00:00+00:00,2.31,0.0,-15.7
2025-01-26T18:00:00+00:00,2.21,0.0,-15.6
2025-01-26T19:00:00+00:00,2.17,0.0,-15.8
2025-01-26T20:00:00+00:00,2.27,0.0,-16.5
2025-01-26T21:00:00+00:00,2.11,0.0,-15.8
2025-01-26T22:00:00+00:00,2.26,0.0,-16.5
2025-01-26T23:00:00+00:00,2.26,0.0,-16.5
2025-01-27T00:00:00+00:00,2.16,0.0,-16.5
2025-01-27T01:00:00+00:00,2.4,0.0,-16.5
2025-01-27T02:00:00+00:00,2.67,0.0,-16.7
2025-01-27T03:00:00+00:00,2.55,0.0,-16.5
2025-01-27T04:00:00+00:00,2.6,25.0,-16.3
2025-01-27T05:00:00+00:00,2.66,111.0,-13.9
2025-01-27T06:00:00+00:00,2.67,198.0,-13.6
2025-01-27T07:00:00+00:00,2.75,298.0,-13.8
2025-01-27T08:00:00+00:00,2.98,325.0,-13.2
2025-01-27T09:00:00+00:00,2.95,305.0,-13.2
2025-01-27T10:00:00+00:00,2.61,245.0,-15.6
2025-01-27T11:00:00+00:00,2.44,144.0,-16.0
2025-01-27T12:00:00+00:00,2.87,35.0,-16.4
2025-01-27T13:00:00+00:00,3.21,0.0,-16.1
2025-01-27T14:00:00+00:00,3.4,0.0,-17.9
2025-01-27T15:00:00+00:00,3.42,0.0,-17.8
2025-01-27T16:00:00+00:00,3.58,0.0,-17.8
2025-01-27T17:00:00+00:00,3.53,0.0,-18.7
2025-01-27T18:00:00+00:00,3.56,0.0,-18.8
2025-01-27T19:00:00+00:00,3.44,0.0,-19.1
2025-01-27T20:00:00+00:00,3.34,0.0,-19.5
2025-01-27T21:00:00+00:00,3.38,0.0,-19.3
2025-01-27T22:00:00+00:00,3.52,0.0,-18.0
2025-01-27T23:00:00+00:00,3.61,0.0,-17.7
2025-01-28T00:00:00+00:00,3.46,0.0,-17.3
2025-01-28T01:00:00+00:00,3.49,0.0,-17.4
2025-01-28T02:00:00+00:00,3.58,0.0,-15.5
2025-01-28T03:00:00+00:00,3.47,0.0,-15.3
2025-01-28T04:00:00+00:00,3.47,22.0,-15.0
2025-01-28T05:00:00+00:00,3.57,88.0,-13.2
2025-01-28T06:00:00+00:00,3.58,121.0,-12.8
2025-01-28T07:00:00+00:00,3.61,154.0,-12.3
2025-01-28T08:00:00+00:00,3.79,194.0,-10.8
2025-01-28T09:00:00+00:00,3.92,192.0,-10.9
2025-01-28T10:00:00+00:00,3.8,134.0,-10.3
2025-01-28T11:00:00+00:00,3.91,77.0,-10.4
2025-01-28T12:00:00+00:00,3.97,20.0,-10.5
2025-01-28T13:00:00+00:00,4.06,0.0,-10.5
2025-01-28T14:00:00+00:00,4.15,0.0,-9.8
2025-01-28T15:00:00+00:00,4.33,0.0,-9.8
2025-01-28T16:00:00+00:00,4.58,0.0,-9.7
2025-01-28T17:00:00+00:00,4.8,0.0,-9.1
2025-01-28T18:00:00+00:00,4.96,0.0,-9.0
2025-01-28T19:00:00+00:00,5.09,0.0,-8.7
2025-01-28T20:00:00+00:00,5.08,0.0,-7.9
2025-01-28T21:00:00+00:00,5.07,0.0,-7.8
2025-01-28T22:00:00+00:00,5.33,0.0,-6.7
2025-01-28T23:00:00+00:00,5.28,0.0,-6.7
2025-01-29T00:00:00+00:00,5.23,0.0,-6.6
2025-01-29T01:00:00+00:00,5.06,0.0,-6.5
2025-01-29T02:00:00+00:00,4.78,0.0,-5.8
2025-01-29T03:00:00+00:00,4.6,0.0,-5.7
2025-01-29T04:00:00+00:00,4.51,16.0,-5.5
2025-01-29T05:00:00+00:00,4.44,69.0,-4.5
2025-01-29T06:00:00+00:00,4.4,115.0,-4.4
2025-01-29T07:00:00+00:00,4.37,143.0,-4.2
2025-01-29T08:00:00+00:00,4.41,165.0,-3.6
2025-01-29T09:00:00+00:00,4.4,150.0,-3.5
2025-01-29T10:00:00+00:00,4.61,106.0,-3.8
2025-01-29T11:00:00+00:00,4.94,58.0,-3.7
2025-01-29T12:00:00+00:00,4.81,17.0,-3.7
2025-01-29T13:00:00+00:00,4.45,0.0,-3.6
2025-01-29T14:00:00+00:00,4.02,0.0,-3.5
2025-01-29T15:00:00+00:00,3.5,0.0,-3.5
2025-01-29T16:00:00+00:00,3.21,0.0,-3.4
2025-01-29T17:00:00+00:00,3.44,0.0,-3.4
2025-01-29T18:00:00+00:00,3.8,0.0,-3.3
2025-01-29T19:00:00+00:00,3.92,0.0,-3.3
2025-01-29T20:00:00+00:00,4.06,0.0,-3.8
2025-01-29T21:00:00+00:00,4.22,0.0,-3.8
2025-01-29T22:00:00+00:00,3.59,0.0,-4.5
2025-01-29T23:00:00+00:00,3.54,0.0,-4.6
2025-01-30T00:00:00+00:00,3.58,0.0,-4.6
2025-01-30T01:00:00+00:00,3.59,0.0,-4.8
2025-01-30T02:00:00+00:00,3.66,0.0,-6.4
2025-01-30T03:00:00+00:00,3.6,0.0,-6.4
2025-01-30T04:00:00+00:00,3.75,23.0,-6.7
2025-01-30T05:00:00+00:00,4.06,82.0,-7.7
2025-01-30T06:00:00+00:00,4.0,147.0,-7.7
2025-01-30T07:00:00+00:00,3.75,203.0,-7.7
2025-01-30T08:00:00+00:00,3.57,225.0,-8.3
2025-01-30T09:00:00+00:00,3.48,190.0,-8.2
2025-01-30T10:00:00+00:00,3.97,155.0,-9.9
2025-01-30T11:00:00+00:00,3.97,91.0,-10.0
2025-01-30T12:00:00+00:00,3.67,27.0,-10.5
2025-01-30T13:00:00+00:00,3.61,0.0,-10.8
2025-01-30T14:00:00+00:00,3.54,0.0,-12.7
2025-01-30T15:00:00+00:00,3.6,0.0,-13.3
2025-01-30T16:00:00+00:00,3.34,0.0,-13.0
2025-01-30T17:00:00+00:00,3.45,0.0,-13.9
2025-01-30T18:00:00+00:00,3.35,0.0,-14.6
2025-01-30T19:00:00+00:00,3.09,0.0,-14.6
2025-01-30T20:00:00+00:00,2.8,0.0,-15.0
2025-01-30T21:00:00+00:00,2.59,0.0,-15.3
2025-01-30T22:00:00+00:00,2.15,0.0,-14.9
2025-01-30T23:00:00+00:00,2.14,0.0,-15.1
2025-01-31T00:00:00+00:00,2.14,0.0,-15.2
2025-01-31T01:00:00+00:00,1.9,0.0,-14.9
2025-01-31T02:00:00+00:00,1.88,0.0,-14.6
2025-01-31T03:00:00+00:00,1.77,0.0,-14.8
2025-01-31T04:00:00+00:00,2.23,27.0,-14.8
2025-01-31T05:00:00+00:00,2.38,99.0,-13.2
2025-01-31T06:00:00+00:00,2.05,172.0,-13.5
2025-01-31T07:00:00+00:00,2.08,231.0,-13.5
2025-01-31T08:00:00+00:00,2.35,251.0,-12.3
2025-01-31T09:00:00+00:00,2.59,244.0,-12.5
2025-01-31T10:00:00+00:00,2.07,189.0,-13.2
2025-01-31T11:00:00+00:00,1.26,116.0,-13.2
2025-01-31T12:00:00+00:00,1.25,33.0,-13.4
2025-01-31T13:00:00+00:00,1.61,0.0,-13.4
2025-01-31T14:00:00+00:00,1.48,0.0,-14.5
2025-01-31T15:00:00+00:00,1.52,0.0,-15.0
2025-01-31T16:00:00+00:00,1.7,0.0,-14.7
2025-01-31T17:00:00+00:00,2.13,0.0,-13.1
2025-01-31T18:00:00+00:00,2.56,0.0,-13.1
2025-01-31T19:00:00+00:00,2.83,0.0,-13.0
2025-01-31T20:00:00+00:00,3.18,0.0,-12.9
2025-01-31T21:00:00+00:00,3.54,0.0,-12.7
2025-01-31T22:00:00+00:00,4.34,0.0,-11.5
2025-01-31T23:00:00+00:00,4.71,0.0,-11.3
2025-02-01T00:00:00+00:00,4.84,0.0,-11.3
2025-02-01T01:00:00+00:00,4.94,0.0,-11.2
2025-02-01T02:00:00+00:00,5.3,0.0,-10.3
2025-02-01T03:00:00+00:00,5.68,0.0,-9.9
2025-02-01T04:00:00+00:00,6.14,16.0,-9.3
2025-02-01T05:00:00+00:00,6.44,64.0,-6.8
2025-02-01T06:00:00+00:00,6.53,115.0,-6.4
2025-02-01T07:00:00+00:00,6.61,149.0,-6.1
2025-02-01T08:00:00+00:00,6.38,132.0,-4.5
2025-02-01T09:00:00+00:00,6.01,126.0,-4.4
2025-02-01T10:00:00+00:00,5.81,89.0,-4.0
2025-02-01T11:00:00+00:00,5.49,66.0,-4.0
2025-02-01T12:00:00+00:00,5.15,23.0,-4.1
2025-02-01T13:00:00+00:00,4.98,0.0,-4.0
2025-02-01T14:00:00+00:00,4.64,0.0,-3.6
2025-02-01T15:00:00+00:00,4.5,0.0,-3.5
2025-02-01T16:00:00+00:00,4.27,0.0,-3.5
2025-02-01T17:00:00+00:00,4.11,0.0,-3.1
2025-02-01T18:00:00+00:00,3.92,0.0,-2.9
2025-02-01T19:00:00+00:00,3.86,0.0,-3.0
2025-02-01T20:00:00+00:00,3.7,0.0,-2.9
2025-02-01T21:00:00+00:00,3.55,0.0,-2.7
2025-02-01T22:00:00+00:00,3.5,0.0,-2.9
2025-02-01T23:00:00+00:00,3.5,0.0,-2.9
2025-02-02T00:00:00+00:00,3.4,0.0,-2.9
2025-02-02T01:00:00+00:00,3.25,0.0,-2.8
2025-02-02T02:00:00+00:00,3.1,0.0,-2.8
2025-02-02T03:00:00+00:00,2.96,0.0,-2.9
2025-02-02T04:00:00+00:00,2.82,22.0,-2.8
2025-02-02T05:00:00+00:00,2.8,67.0,-2.3
2025-02-02T06:00:00+00:00,3.07,133.0,-2.2
2025-02-02T07:00:00+00:00,2.73,149.0,-2.1
2025-02-02T08:00:00+00:00,2.69,168.0,-1.7
2025-02-02T09:00:00+00:00,2.67,179.0,-1.7
2025-02-02T10:00:00+00:00,2.74,130.0,-1.9
2025-02-02T11:00:00+00:00,2.69,86.0,-1.9
2025-02-02T12:00:00+00:00,2.51,31.0,-2.5
2025-02-02T13:00:00+00:00,2.54,0.0,-2.4
2025-02-02T14:00:00+00:00,2.57,0.0,-3.0
2025-02-02T15:00:00+00:00,2.42,0.0,-3.2
2025-02-02T16:00:00+00:00,2.28,0.0,-3.0
2025-02-02T17:00:00+00:00,2.06,0.0,-3.3
2025-02-02T18:00:00+00:00,1.79,0.0,-3.1
2025-02-02T19:00:00+00:00,1.87,0.0,-3.0
2025-02-02T20:00:00+00:00,1.81,0.0,-3.2
2025-02-02T21:00:00+00:00,1.78,0.0,-3.4
2025-02-02T22:00:00+00:00,1.63,0.0,-3.6
2025-02-02T23:00:00+00:00,1.8,0.0,-3.6
2025-02-03T00:00:00+00:00,1.9,0.0,-3.8
2025-02-03T01:00:00+00:00,2.06,0.0,-3.7
2025-02-03T02:00:00+00:00,2.01,0.0,-4.4
2025-02-03T03:00:00+00:00,1.98,0.0,-4.4
2025-02-03T04:00:00+00:00,1.98,25.0,-4.4
2025-02-03T05:00:00+00:00,1.8,89.0,-4.2
2025-02-03T06:00:00+00:00,1.69,143.0,-4.3
2025-02-03T07:00:00+00:00,1.5,182.0,-4.2
2025-02-03T08:00:00+00:00,1.5,211.0,-3.1
2025-02-03T09:00:00+00:00,1.63,209.0,-3.0
2025-02-03T10:00:00+00:00,1.62,184.0,-5.0
2025-02-03T11:00:00+00:00,1.39,118.0,-5.1
2025-02-03T12:00:00+00:00,1.91,45.0,-5.3
2025-02-03T13:00:00+00:00,2.36,0.0,-6.0
2025-02-03T14:00:00+00:00,2.56,0.0,-7.6
2025-02-03T15:00:00+00:00,2.78,0.0,-7.8
2025-02-03T16:00:00+00:00,2.85,0.0,-8.0
2025-02-03T17:00:00+00:00,2.8,0.0,-9.3
2025-02-03T18:00:00+00:00,2.69,0.0,-9.5
2025-02-03T19:00:00+00:00,2.56,0.0,-9.8
2025-02-03T20:00:00+00:00,2.5,0.0,-10.5
2025-02-03T21:00:00+00:00,2.51,0.0,-10.6
2025-02-03T22:00:00+00:00,2.29,0.0,-12.4
2025-02-03T23:00:00+00:00,2.3,0.0,-12.9
2025-02-04T00:00:00+00:00,2.5,0.0,-12.5
2025-02-04T01:00:00+00:00,2.85,0.0,-12.5
2025-02-04T02:00:00+00:00,2.95,0.0,-13.0
2025-02-04T03:00:00+00:00,3.25,0.0,-13.4
2025-02-04T04:00:00+00:00,3.55,49.0,-12.9
2025-02-04T05:00:00+00:00,3.85,166.0,-10.1
2025-02-04T06:00:00+00:00,3.9,252.0,-9.8
2025-02-04T07:00:00+00:00,4.25,318.0,-9.2
2025-02-04T08:00:00+00:00,4.18,342.0,-6.6
2025-02-04T09:00:00+00:00,4.11,328.0,-6.6
2025-02-04T10:00:00+00:00,4.3,274.0,-7.9
2025-02-04T11:00:00+00:00,4.67,165.0,-8.0
2025-02-04T12:00:00+00:00,5.15,52.0,-8.1
2025-02-04T13:00:00+00:00,5.51,1.0,-7.9
2025-02-04T14:00:00+00:00,5.55,0.0,-9.0
2025-02-04T15:00:00+00:00,5.61,0.0,-9.1
2025-02-04T16:00:00+00:00,5.73,0.0,-8.9
2025-02-04T17:00:00+00:00,5.66,0.0,-9.6
2025-02-04T18:00:00+00:00,5.5,0.0,-9.5
2025-02-04T19:00:00+00:00,5.31,0.0,-9.2
2025-02-04T20:00:00+00:00,5.23,0.0,-9.3
2025-02-04T21:00:00+00:00,5.17,0.0,-9.3
2025-02-04T22:00:00+00:00,5.38,0.0,-8.3
2025-02-04T23:00:00+00:00,5.3,0.0,-8.1
2025-02-05T00:00:00+00:00,5.47,0.0,-8.2
2025-02-05T01:00:00+00:00,5.61,0.0,-8.3
2025-02-05T02:00:00+00:00,5.61,0.0,-6.8
2025-02-05T03:00:00+00:00,5.69,0.0,-6.4
2025-02-05T04:00:00+00:00,5.71,30.0,-6.1
2025-02-05T05:00:00+00:00,5.66,95.0,-5.1
2025-02-05T06:00:00+00:00,5.0,149.0,-5.0
2025-02-05T07:00:00+00:00,5.1,202.0,-4.9
2025-02-05T08:00:00+00:00,5.06,201.0,-4.1
2025-02-05T09:00:00+00:00,5.13,214.0,-4.1
2025-02-05T10:00:00+00:00,5.31,158.0,-4.9
2025-02-05T11:00:00+00:00,5.27,106.0,-5.0
2025-02-05T12:00:00+00:00,5.77,32.0,-5.1
2025-02-05T13:00:00+00:00,5.92,1.0,-5.0
2025-02-05T14:00:00+00:00,6.15,0.0,-5.3
2025-02-05T15:00:00+00:00,6.24,0.0,-5.2
2025-02-05T16:00:00+00:00,6.15,0.0,-5.0
2025-02-05T17:00:00+00:00,6.18,0.0,-5.0
2025-02-05T18:00:00+00:00,6.18,0.0,-4.7
2025-02-05T19:00:00+00:00,6.23,0.0,-4.5
2025-02-05T20:00:00+00:00,6.07,0.0,-5.2
2025-02-05T21:00:00+00:00,5.97,0.0,-5.5
2025-02-05T22:00:00+00:00,6.41,0.0,-7.2
2025-02-05T23:00:00+00:00,6.39,0.0,-7.5
2025-02-06T00:00:00+00:00,6.31,0.0,-7.9
2025-02-06T01:00:00+00:00,6.37,0.0,-8.4
2025-02-06T02:00:00+00:00,6.39,0.0,-11.7
2025-02-06T03:00:00+00:00,6.34,0.0,-12.1
2025-02-06T04:00:00+00:00,6.23,55.0,-12.3
2025-02-06T05:00:00+00:00,6.12,183.0,-12.6
2025-02-06T06:00:00+00:00,6.38,294.0,-12.6
2025-02-06T07:00:00+00:00,6.45,376.0,-12.3
2025-02-06T08:00:00+00:00,6.9,395.0,-12.2
2025-02-06T09:00:00+00:00,6.84,375.0,-12.3
2025-02-06T10:00:00+00:00,6.65,291.0,-13.6
2025-02-06T11:00:00+00:00,6.94,164.0,-13.9
2025-02-06T12:00:00+00:00,7.29,49.0,-14.4
2025-02-06T13:00:00+00:00,7.36,1.0,-14.7
2025-02-06T14:00:00+00:00,6.98,0.0,-16.4
2025-02-06T15:00:00+00:00,6.95,0.0,-16.3
2025-02-06T16:00:00+00:00,7.01,0.0,-16.2
2025-02-06T17:00:00+00:00,6.72,0.0,-16.9
2025-02-06T18:00:00+00:00,6.63,0.0,-16.8
2025-02-06T19:00:00+00:00,6.67,0.0,-16.9
2025-02-06T20:00:00+00:00,6.42,0.0,-17.9
2025-02-06T21:00:00+00:00,6.5,0.0,-18.0
2025-02-06T22:00:00+00:00,6.41,0.0,-19.2
2025-02-06T23:00:00+00:00,6.49,0.0,-19.2
2025-02-07T00:00:00+00:00,6.49,0.0,-19.3
2025-02-07T01:00:00+00:00,6.34,0.0,-19.2
2025-02-07T02:00:00+00:00,6.25,0.0,-19.8
2025-02-07T03:00:00+00:00,6.3,1.0,-19.9
2025-02-07T04:00:00+00:00,6.27,55.0,-19.8
2025-02-07T05:00:00+00:00,6.27,173.0,-17.9
2025-02-07T06:00:00+00:00,6.13,280.0,-17.6
2025-02-07T07:00:00+00:00,6.45,347.0,-17.2
2025-02-07T08:00:00+00:00,6.7,376.0,-15.0
2025-02-07T09:00:00+00:00,6.87,357.0,-15.0
2025-02-07T10:00:00+00:00,6.32,287.0,-15.0
2025-02-07T11:00:00+00:00,6.72,177.0,-15.2
2025-02-07T12:00:00+00:00,6.75,62.0,-15.8
2025-02-07T13:00:00+00:00,6.78,2.0,-15.8
2025-02-07T14:00:00+00:00,6.8,0.0,-16.9
2025-02-07T15:00:00+00:00,6.79,0.0,-17.1
2025-02-07T16:00:00+00:00,6.83,0.0,-17.0
2025-02-07T17:00:00+00:00,6.88,0.0,-17.5
2025-02-07T18:00:00+00:00,6.69,0.0,-17.5
2025-02-07T19:00:00+00:00,6.46,0.0,-17.3
2025-02-07T20:00:00+00:00,6.26,0.0,-17.8
2025-02-07T21:00:00+00:00,6.06,0.0,-17.9
2025-02-07T22:00:00+00:00,5.79,0.0,-17.8
2025-02-07T23:00:00+00:00,5.61,0.0,-17.9
2025-02-08T00:00:00+00:00,5.59,0.0,-17.9
2025-02-08T01:00:00+00:00,5.59,0.0,-17.8
2025-02-08T02:00:00+00:00,5.64,0.0,-18.2
2025-02-08T03:00:00+00:00,5.78,1.0,-18.2
2025-02-08T04:00:00+00:00,5.76,43.0,-18.0
2025-02-08T05:00:00+00:00,5.93,135.0,-15.8
2025-02-08T06:00:00+00:00,5.77,242.0,-15.7
2025-02-08T07:00:00+00:00,5.37,321.0,-15.4
2025-02-08T08:00:00+00:00,4.92,366.0,-13.3
2025-02-08T09:00:00+00:00,4.37,371.0,-13.4
2025-02-08T10:00:00+00:00,3.22,316.0,-14.2
2025-02-08T11:00:00+00:00,2.88,208.0,-14.7
2025-02-08T12:00:00+00:00,2.83,75.0,-15.1
2025-02-08T13:00:00+00:00,3.19,2.0,-15.3
2025-02-08T14:00:00+00:00,3.23,0.0,-17.6
2025-02-08T15:00:00+00:00,2.73,0.0,-17.4
2025-02-08T16:00:00+00:00,2.57,0.0,-17.8
2025-02-08T17:00:00+00:00,2.32,0.0,-19.1
2025-02-08T18:00:00+00:00,1.86,0.0,-19.1
2025-02-08T19:00:00+00:00,1.81,0.0,-19.4
2025-02-08T20:00:00+00:00,1.58,0.0,-20.2
2025-02-08T21:00:00+00:00,0.6,0.0,-20.2
2025-02-08T22:00:00+00:00,1.71,0.0,-21.2
2025-02-08T23:00:00+00:00,2.12,0.0,-20.2
2025-02-09T00:00:00+00:00,1.77,0.0,-20.6
2025-02-09T01:00:00+00:00,1.63,0.0,-20.6
2025-02-09T02:00:00+00:00,1.73,0.0,-20.6
2025-02-09T03:00:00+00:00,2.24,1.0,-20.3
2025-02-09T04:00:00+00:00,2.77,45.0,-19.9
2025-02-09T05:00:00+00:00,2.82,124.0,-16.4
2025-02-09T06:00:00+00:00,2.59,209.0,-15.9
2025-02-09T07:00:00+00:00,2.79,269.0,-15.3
2025-02-09T08:00:00+00:00,2.68,310.0,-11.8
2025-02-09T09:00:00+00:00,2.48,316.0,-11.5
2025-02-09T10:00:00+00:00,2.41,271.0,-11.8
2025-02-09T11:00:00+00:00,2.48,162.0,-11.9
2025-02-09T12:00:00+00:00,2.43,59.0,-12.1
2025-02-09T13:00:00+00:00,2.16,2.0,-12.9
2025-02-09T14:00:00+00:00,2.09,0.0,-14.4
2025-02-09T15:00:00+00:00,2.02,0.0,-14.6
2025-02-09T16:00:00+00:00,2.14,0.0,-14.3
2025-02-09T17:00:00+00:00,2.23,0.0,-16.1
2025-02-09T18:00:00+00:00,2.16,0.0,-15.4
2025-02-09T19:00:00+00:00,2.06,0.0,-15.5
2025-02-09T20:00:00+00:00,1.91,0.0,-15.5
2025-02-09T21:00:00+00:00,1.64,0.0,-14.8
2025-02-09T22:00:00+00:00,1.71,0.0,-18.2
2025-02-09T23:00:00+00:00,1.66,0.0,-17.8
2025-02-10T00:00:00+00:00,1.72,0.0,-18.3
2025-02-10T01:00:00+00:00,1.8,0.0,-17.9
2025-02-10T02:00:00+00:00,1.86,0.0,-17.7
2025-02-10T03:00:00+00:00,2.22,1.0,-17.4
2025-02-10T04:00:00+00:00,2.53,33.0,-16.9
2025-02-10T05:00:00+00:00,3.0,104.0,-14.1
2025-02-10T06:00:00+00:00,3.18,160.0,-13.5
2025-02-10T07:00:00+00:00,3.67,223.0,-12.8
2025-02-10T08:00:00+00:00,4.07,252.0,-10.2
2025-02-10T09:00:00+00:00,4.15,222.0,-9.9
2025-02-10T10:00:00+00:00,4.48,194.0,-10.6
2025-02-10T11:00:00+00:00,4.43,116.0,-10.6
2025-02-10T12:00:00+00:00,4.41,46.0,-10.6
2025-02-10T13:00:00+00:00,4.6,2.0,-10.8
2025-02-10T14:00:00+00:00,4.62,0.0,-11.4
2025-02-10T15:00:00+00:00,4.5,0.0,-11.1
2025-02-10T16:00:00+00:00,4.21,0.0,-11.0
2025-02-10T17:00:00+00:00,3.87,0.0,-11.4
2025-02-10T18:00:00+00:00,3.63,0.0,-11.3
2025-02-10T19:00:00+00:00,3.39,0.0,-11.2
2025-02-10T20:00:00+00:00,3.18,0.0,-12.2
2025-02-10T21:00:00+00:00,2.95,0.0,-12.1
2025-02-10T22:00:00+00:00,2.85,0.0,-13.7
2025-02-10T23:00:00+00:00,2.83,0.0,-13.8
2025-02-11T00:00:00+00:00,2.69,0.0,-13.6
2025-02-11T01:00:00+00:00,2.61,0.0,-13.9
2025-02-11T02:00:00+00:00,2.49,0.0,-13.6
2025-02-11T03:00:00+00:00,2.49,2.0,-13.0
2025-02-11T04:00:00+00:00,2.89,47.0,-12.7
2025-02-11T05:00:00+00:00,3.18,122.0,-9.6
2025-02-11T06:00:00+00:00,3.54,187.0,-9.8
2025-02-11T07:00:00+00:00,3.93,241.0,-9.7
2025-02-11T08:00:00+00:00,4.12,296.0,-7.5
2025-02-11T09:00:00+00:00,4.06,306.0,-7.2
2025-02-11T10:00:00+00:00,3.73,269.0,-7.2
2025-02-11T11:00:00+00:00,3.44,189.0,-7.5
2025-02-11T12:00:00+00:00,3.16,76.0,-7.6
2025-02-11T13:00:00+00:00,3.12,4.0,-8.5
2025-02-11T14:00:00+00:00,3.22,0.0,-11.1
2025-02-11T15:00:00+00:00,2.89,0.0,-11.4
2025-02-11T16:00:00+00:00,2.32,0.0,-12.4
2025-02-11T17:00:00+00:00,2.21,0.0,-13.9
2025-02-11T18:00:00+00:00,2.14,0.0,-14.2
2025-02-11T19:00:00+00:00,2.08,0.0,-14.1
2025-02-11T20:00:00+00:00,2.09,0.0,-15.4
2025-02-11T21:00:00+00:00,1.84,0.0,-15.4
2025-02-11T22:00:00+00:00,2.09,0.0,-16.6
2025-02-11T23:00:00+00:00,2.48,0.0,-16.3
2025-02-12T00:00:00+00:00,2.87,0.0,-16.1
2025-02-12T01:00:00+00:00,3.22,0.0,-15.5
2025-02-12T02:00:00+00:00,3.29,0.0,-15.3
2025-02-12T03:00:00+00:00,3.34,2.0,-15.2
2025-02-12T04:00:00+00:00,3.61,47.0,-14.9
2025-02-12T05:00:00+00:00,3.71,109.0,-12.6
2025-02-12T06:00:00+00:00,3.78,190.0,-12.3
2025-02-12T07:00:00+00:00,3.86,245.0,-12.1
2025-02-12T08:00:00+00:00,3.98,283.0,-9.9
2025-02-12T09:00:00+00:00,4.0,301.0,-9.6
2025-02-12T10:00:00+00:00,4.02,233.0,-10.2
2025-02-12T11:00:00+00:00,3.58,161.0,-10.3
2025-02-12T12:00:00+00:00,3.65,74.0,-10.7
2025-02-12T13:00:00+00:00,4.14,4.0,-11.4
2025-02-12T14:00:00+00:00,4.58,0.0,-13.4
2025-02-12T15:00:00+00:00,4.84,0.0,-13.3
2025-02-12T16:00:00+00:00,5.08,0.0,-13.4
2025-02-12T17:00:00+00:00,5.35,0.0,-12.8
2025-02-12T18:00:00+00:00,5.6,0.0,-12.4
2025-02-12T19:00:00+00:00,6.03,0.0,-12.0
2025-02-12T20:00:00+00:00,6.5,0.0,-10.0
2025-02-12T21:00:00+00:00,6.97,0.0,-9.5
2025-02-12T22:00:00+00:00,7.39,0.0,-8.2
2025-02-12T23:00:00+00:00,7.67,0.0,-8.1
2025-02-13T00:00:00+00:00,8.0,0.0,-7.9
2025-02-13T01:00:00+00:00,8.06,0.0,-8.1
2025-02-13T02:00:00+00:00,8.14,0.0,-7.5
2025-02-13T03:00:00+00:00,8.17,2.0,-7.3
2025-02-13T04:00:00+00:00,8.38,39.0,-7.5
2025-02-13T05:00:00+00:00,8.28,116.0,-6.5
2025-02-13T06:00:00+00:00,8.81,164.0,-6.2
2025-02-13T07:00:00+00:00,8.46,302.0,-6.1
2025-02-13T08:00:00+00:00,8.77,295.0,-5.4
2025-02-13T09:00:00+00:00,8.52,252.0,-5.4
2025-02-13T10:00:00+00:00,6.93,166.0,-6.6
2025-02-13T11:00:00+00:00,6.69,100.0,-6.9
2025-02-13T12:00:00+00:00,6.31,47.0,-7.1
2025-02-13T13:00:00+00:00,5.75,3.0,-7.5
2025-02-13T14:00:00+00:00,5.14,0.0,-9.4
2025-02-13T15:00:00+00:00,4.53,0.0,-9.5
2025-02-13T16:00:00+00:00,4.02,0.0,-9.9
2025-02-13T17:00:00+00:00,3.62,0.0,-11.0
2025-02-13T18:00:00+00:00,3.27,0.0,-11.0
2025-02-13T19:00:00+00:00,2.87,0.0,-10.8
2025-02-13T20:00:00+00:00,2.5,0.0,-11.6
2025-02-13T21:00:00+00:00,2.01,0.0,-11.3
2025-02-13T22:00:00+00:00,1.7,0.0,-12.7
2025-02-13T23:00:00+00:00,1.5,0.0,-12.8
2025-02-14T00:00:00+00:00,1.46,0.0,-13.3
2025-02-14T01:00:00+00:00,1.57,0.0,-13.2
2025-02-14T02:00:00+00:00,1.87,0.0,-12.2
2025-02-14T03:00:00+00:00,2.12,3.0,-11.9
2025-02-14T04:00:00+00:00,2.56,53.0,-11.4
2025-02-14T05:00:00+00:00,2.82,145.0,-9.3
2025-02-14T06:00:00+00:00,3.02,200.0,-8.9
2025-02-14T07:00:00+00:00,4.2,259.0,-8.7
2025-02-14T08:00:00+00:00,4.43,240.0,-6.7
2025-02-14T09:00:00+00:00,4.04,231.0,-6.6
2025-02-14T10:00:00+00:00,3.8,187.0,-6.4
2025-02-14T11:00:00+00:00,3.48,115.0,-6.5
2025-02-14T12:00:00+00:00,3.44,52.0,-6.5
2025-02-14T13:00:00+00:00,3.58,5.0,-6.7
2025-02-14T14:00:00+00:00,3.86,0.0,-7.2
2025-02-14T15:00:00+00:00,3.76,0.0,-6.9
2025-02-14T16:00:00+00:00,3.31,0.0,-7.1
2025-02-14T17:00:00+00:00,3.22,0.0,-7.8
2025-02-14T18:00:00+00:00,3.06,0.0,-7.6
2025-02-14T19:00:00+00:00,2.95,0.0,-7.5
2025-02-14T20:00:00+00:00,3.0,0.0,-8.0
2025-02-14T21:00:00+00:00,2.98,0.0,-7.9
2025-02-14T22:00:00+00:00,3.38,0.0,-7.8
2025-02-14T23:00:00+00:00,3.01,0.0,-7.6
2025-02-15T00:00:00+00:00,2.82,0.0,-7.4
2025-02-15T01:00:00+00:00,2.71,0.0,-7.2
2025-02-15T02:00:00+00:00,2.59,0.0,-7.4
2025-02-15T03:00:00+00:00,2.63,3.0,-7.3
2025-02-15T04:00:00+00:00,3.0,46.0,-7.1
2025-02-15T05:00:00+00:00,3.14,114.0,-5.1
2025-02-15T06:00:00+00:00,3.14,220.0,-4.4
2025-02-15T07:00:00+00:00,3.08,293.0,-4.4
2025-02-15T08:00:00+00:00,3.05,354.0,-3.2
2025-02-15T09:00:00+00:00,3.05,341.0,-2.8
2025-02-15T10:00:00+00:00,3.3,274.0,-4.8
2025-02-15T11:00:00+00:00,2.67,186.0,-5.3
2025-02-15T12:00:00+00:00,2.39,82.0,-6.2
2025-02-15T13:00:00+00:00,2.57,6.0,-7.0
2025-02-15T14:00:00+00:00,2.62,0.0,-9.7
2025-02-15T15:00:00+00:00,2.53,0.0,-9.7
2025-02-15T16:00:00+00:00,2.2,0.0,-9.7
2025-02-15T17:00:00+00:00,1.79,0.0,-10.2
2025-02-15T18:00:00+00:00,1.52,0.0,-10.4
2025-02-15T19:00:00+00:00,1.42,0.0,-10.4
2025-02-15T20:00:00+00:00,1.27,0.0,-11.0
2025-02-15T21:00:00+00:00,1.17,0.0,-11.0
2025-02-15T22:00:00+00:00,1.31,0.0,-11.5
2025-02-15T23:00:00+00:00,1.25,0.0,-11.3
2025-02-16T00:00:00+00:00,1.36,0.0,-11.4
2025-02-16T01:00:00+00:00,1.31,0.0,-11.5
2025-02-16T02:00:00+00:00,1.47,0.0,-11.7
2025-02-16T03:00:00+00:00,1.28,5.0,-12.1
2025-02-16T04:00:00+00:00,1.9,73.0,-11.3
2025-02-16T05:00:00+00:00,2.3,205.0,-9.2
2025-02-16T06:00:00+00:00,2.3,319.0,-8.7
2025-02-16T07:00:00+00:00,2.48,373.0,-8.5
2025-02-16T08:00:00+00:00,2.62,412.0,-6.7
2025-02-16T09:00:00+00:00,2.7,352.0,-6.7
2025-02-16T10:00:00+00:00,2.69,258.0,-8.0
2025-02-16T11:00:00+00:00,2.0,189.0,-8.2
2025-02-16T12:00:00+00:00,1.79,89.0,-9.4
2025-02-16T13:00:00+00:00,1.96,9.0,-10.2
2025-02-16T14:00:00+00:00,2.28,0.0,-12.3
2025-02-16T15:00:00+00:00,2.48,0.0,-12.5
2025-02-16T16:00:00+00:00,2.53,0.0,-13.0
2025-02-16T17:00:00+00:00,2.55,0.0,-13.0
2025-02-16T18:00:00+00:00,2.49,0.0,-13.2
2025-02-16T19:00:00+00:00,2.36,0.0,-12.7
2025-02-16T20:00:00+00:00,2.5,0.0,-13.3
2025-02-16T21:00:00+00:00,2.6,0.0,-13.3
2025-02-16T22:00:00+00:00,2.98,0.0,-13.1
2025-02-16T23:00:00+00:00,2.91,0.0,-12.9
2025-02-17T00:00:00+00:00,2.8,0.0,-12.8
2025-02-17T01:00:00+00:00,2.85,0.0,-12.8
2025-02-17T02:00:00+00:00,3.07,0.0,-12.5
2025-02-17T03:00:00+00:00,3.48,7.0,-12.9
2025-02-17T04:00:00+00:00,3.9,94.0,-12.8
2025-02-17T05:00:00+00:00,4.24,236.0,-10.4
2025-02-17T06:00:00+00:00,4.79,344.0,-10.0
2025-02-17T07:00:00+00:00,4.82,376.0,-9.5
2025-02-17T08:00:00+00:00,5.03,381.0,-7.3
2025-02-17T09:00:00+00:00,5.02,338.0,-6.9
2025-02-17T10:00:00+00:00,4.99,307.0,-7.7
2025-02-17T11:00:00+00:00,4.42,224.0,-7.7
2025-02-17T12:00:00+00:00,4.27,106.0,-8.2
2025-02-17T13:00:00+00:00,4.63,10.0,-8.5
2025-02-17T14:00:00+00:00,4.94,0.0,-10.0
2025-02-17T15:00:00+00:00,5.11,0.0,-10.1
2025-02-17T16:00:00+00:00,5.04,0.0,-10.0
2025-02-17T17:00:00+00:00,4.97,0.0,-10.8
2025-02-17T18:00:00+00:00,4.95,0.0,-10.9
2025-02-17T19:00:00+00:00,4.82,0.0,-10.9
2025-02-17T20:00:00+00:00,4.62,0.0,-11.8
2025-02-17T21:00:00+00:00,4.39,0.0,-11.5
2025-02-17T22:00:00+00:00,4.04,0.0,-11.6
2025-02-17T23:00:00+00:00,4.02,0.0,-11.6
2025-02-18T00:00:00+00:00,3.85,0.0,-12.0
2025-02-18T01:00:00+00:00,3.9,0.0,-12.4
2025-02-18T02:00:00+00:00,3.91,0.0,-12.7
2025-02-18T03:00:00+00:00,3.92,5.0,-12.7
2025-02-18T04:00:00+00:00,3.92,65.0,-12.3
2025-02-18T05:00:00+00:00,4.15,140.0,-10.8
2025-02-18T06:00:00+00:00,4.25,180.0,-10.3
2025-02-18T07:00:00+00:00,4.4,250.0,-10.1
2025-02-18T08:00:00+00:00,4.15,276.0,-8.5
2025-02-18T09:00:00+00:00,3.9,248.0,-8.2
2025-02-18T10:00:00+00:00,3.76,216.0,-8.4
2025-02-18T11:00:00+00:00,3.03,151.0,-8.2
2025-02-18T12:00:00+00:00,2.52,71.0,-8.1
2025-02-18T13:00:00+00:00,2.15,10.0,-8.6
2025-02-18T14:00:00+00:00,2.2,0.0,-9.8
2025-02-18T15:00:00+00:00,2.26,0.0,-9.8
2025-02-18T16:00:00+00:00,2.5,0.0,-10.2
2025-02-18T17:00:00+00:00,2.55,0.0,-11.1
2025-02-18T18:00:00+00:00,2.14,0.0,-11.3
2025-02-18T19:00:00+00:00,1.78,0.0,-11.5
2025-02-18T20:00:00+00:00,1.64,0.0,-11.7
2025-02-18T21:00:00+00:00,1.72,0.0,-11.8
2025-02-18T22:00:00+00:00,1.72,0.0,-12.8
2025-02-18T23:00:00+00:00,1.6,0.0,-12.8
2025-02-19T00:00:00+00:00,1.12,0.0,-13.1
2025-02-19T01:00:00+00:00,1.32,0.0,-12.8
2025-02-19T02:00:00+00:00,1.63,0.0,-13.4
2025-02-19T03:00:00+00:00,2.04,6.0,-13.0
2025-02-19T04:00:00+00:00,2.21,62.0,-12.8
2025-02-19T05:00:00+00:00,2.2,144.0,-10.1
2025-02-19T06:00:00+00:00,2.33,230.0,-9.6
2025-02-19T07:00:00+00:00,2.52,306.0,-9.4
2025-02-19T08:00:00+00:00,2.7,384.0,-7.3
2025-02-19T09:00:00+00:00,2.97,359.0,-7.2
2025-02-19T10:00:00+00:00,3.26,308.0,-7.4
2025-02-19T11:00:00+00:00,2.84,206.0,-7.6
2025-02-19T12:00:00+00:00,3.15,93.0,-7.9
2025-02-19T13:00:00+00:00,3.52,11.0,-7.9
2025-02-19T14:00:00+00:00,3.88,0.0,-8.9
2025-02-19T15:00:00+00:00,4.14,0.0,-8.9
2025-02-19T16:00:00+00:00,4.09,0.0,-9.0
2025-02-19T17:00:00+00:00,4.14,0.0,-10.4
2025-02-19T18:00:00+00:00,4.19,0.0,-10.3
2025-02-19T19:00:00+00:00,3.78,0.0,-10.3
2025-02-19T20:00:00+00:00,3.5,0.0,-11.3
2025-02-19T21:00:00+00:00,3.81,0.0,-11.6
2025-02-19T22:00:00+00:00,3.75,0.0,-12.6
2025-02-19T23:00:00+00:00,3.2,0.0,-12.9
2025-02-20T00:00:00+00:00,2.77,0.0,-12.9
2025-02-20T01:00:00+00:00,2.75,0.0,-12.9
2025-02-20T02:00:00+00:00,2.69,0.0,-13.4
2025-02-20T03:00:00+00:00,2.84,11.0,-13.5
2025-02-20T04:00:00+00:00,3.08,98.0,-13.3
2025-02-20T05:00:00+00:00,3.0,209.0,-10.6
2025-02-20T06:00:00+00:00,2.97,312.0,-10.2
2025-02-20T07:00:00+00:00,2.69,408.0,-9.2
2025-02-20T08:00:00+00:00,2.47,453.0,-7.1
2025-02-20T09:00:00+00:00,2.1,397.0,-6.6
2025-02-20T10:00:00+00:00,1.9,289.0,-7.6
2025-02-20T11:00:00+00:00,1.39,180.0,-8.4
2025-02-20T12:00:00+00:00,2.2,87.0,-8.6
2025-02-20T13:00:00+00:00,2.23,13.0,-9.1
2025-02-20T14:00:00+00:00,1.6,0.0,-12.2
2025-02-20T15:00:00+00:00,1.66,0.0,-12.9
2025-02-20T16:00:00+00:00,1.68,0.0,-12.9
2025-02-20T17:00:00+00:00,1.63,0.0,-14.2
2025-02-20T18:00:00+00:00,1.48,0.0,-13.9
2025-02-20T19:00:00+00:00,1.31,0.0,-14.1
2025-02-20T20:00:00+00:00,1.22,0.0,-15.1
2025-02-20T21:00:00+00:00,1.5,0.0,-14.4
2025-02-20T22:00:00+00:00,1.48,0.0,-15.4
2025-02-20T23:00:00+00:00,1.26,0.0,-15.2
2025-02-21T00:00:00+00:00,1.35,0.0,-14.6
2025-02-21T01:00:00+00:00,1.66,0.0,-14.5
2025-02-21T02:00:00+00:00,1.6,0.0,-14.3
2025-02-21T03:00:00+00:00,2.18,9.0,-14.2
2025-02-21T04:00:00+00:00,2.38,82.0,-13.7
2025-02-21T05:00:00+00:00,2.03,194.0,-10.1
2025-02-21T06:00:00+00:00,2.63,298.0,-9.7
2025-02-21T07:00:00+00:00,3.05,362.0,-9.6
2025-02-21T08:00:00+00:00,2.72,403.0,-7.7
2025-02-21T09:00:00+00:00,2.72,398.0,-7.5
2025-02-21T10:00:00+00:00,3.41,347.0,-8.2
2025-02-21T11:00:00+00:00,2.43,239.0,-8.1
2025-02-21T12:00:00+00:00,2.39,114.0,-8.5
2025-02-21T13:00:00+00:00,3.45,15.0,-8.3
2025-02-21T14:00:00+00:00,4.36,0.0,-10.6
2025-02-21T15:00:00+00:00,4.7,0.0,-11.1
2025-02-21T16:00:00+00:00,4.67,0.0,-11.7
2025-02-21T17:00:00+00:00,4.76,0.0,-13.0
2025-02-21T18:00:00+00:00,4.7,0.0,-13.4
2025-02-21T19:00:00+00:00,4.33,0.0,-13.5
2025-02-21T20:00:00+00:00,4.37,0.0,-13.7
2025-02-21T21:00:00+00:00,4.49,0.0,-13.8
2025-02-21T22:00:00+00:00,4.23,0.0,-14.0
2025-02-21T23:00:00+00:00,4.05,0.0,-14.0
2025-02-22T00:00:00+00:00,4.07,0.0,-14.1
2025-02-22T01:00:00+00:00,4.12,0.0,-14.3
2025-02-22T02:00:00+00:00,4.06,0.0,-13.6
2025-02-22T03:00:00+00:00,4.17,12.0,-13.5
2025-02-22T04:00:00+00:00,4.35,86.0,-13.4
2025-02-22T05:00:00+00:00,4.57,171.0,-10.9
2025-02-22T06:00:00+00:00,4.14,277.0,-10.5
2025-02-22T07:00:00+00:00,4.08,346.0,-10.2
2025-02-22T08:00:00+00:00,4.03,368.0,-8.0
2025-02-22T09:00:00+00:00,4.2,359.0,-7.9
2025-02-22T10:00:00+00:00,3.99,298.0,-8.1
2025-02-22T11:00:00+00:00,4.11,211.0,-8.2
2025-02-22T12:00:00+00:00,4.27,99.0,-8.4
2025-02-22T13:00:00+00:00,4.33,16.0,-8.7
2025-02-22T14:00:00+00:00,4.46,0.0,-10.5
2025-02-22T15:00:00+00:00,4.57,0.0,-10.6
2025-02-22T16:00:00+00:00,4.64,0.0,-10.6
2025-02-22T17:00:00+00:00,4.61,0.0,-11.1
2025-02-22T18:00:00+00:00,4.48,0.0,-10.9
2025-02-22T19:00:00+00:00,4.44,0.0,-10.8
2025-02-22T20:00:00+00:00,4.6,0.0,-11.6
2025-02-22T21:00:00+00:00,4.56,0.0,-11.6
2025-02-22T22:00:00+00:00,4.73,0.0,-12.6
2025-02-22T23:00:00+00:00,4.85,0.0,-12.8
2025-02-23T00:00:00+00:00,4.85,0.0,-12.9
2025-02-23T01:00:00+00:00,5.03,0.0,-12.9
2025-02-23T02:00:00+00:00,5.11,0.0,-12.9
2025-02-23T03:00:00+00:00,5.02,14.0,-12.6
2025-02-23T04:00:00+00:00,4.85,85.0,-12.3
2025-02-23T05:00:00+00:00,4.45,159.0,-8.9
2025-02-23T06:00:00+00:00,4.1,201.0,-8.4
2025-02-23T07:00:00+00:00,3.92,308.0,-8.2
2025-02-23T08:00:00+00:00,3.33,279.0,-5.9
2025-02-23T09:00:00+00:00,2.91,203.0,-5.8
2025-02-23T10:00:00+00:00,3.03,164.0,-5.4
2025-02-23T11:00:00+00:00,3.48,98.0,-5.5
2025-02-23T12:00:00+00:00,3.52,90.0,-5.2
2025-02-23T13:00:00+00:00,3.14,20.0,-5.9
2025-02-23T14:00:00+00:00,3.28,0.0,-7.0
2025-02-23T15:00:00+00:00,3.75,0.0,-6.9
2025-02-23T16:00:00+00:00,4.1,0.0,-7.0
2025-02-23T17:00:00+00:00,3.76,0.0,-9.0
2025-02-23T18:00:00+00:00,3.34,0.0,-9.6
2025-02-23T19:00:00+00:00,3.07,0.0,-9.9
2025-02-23T20:00:00+00:00,3.38,0.0,-10.8
2025-02-23T21:00:00+00:00,3.32,0.0,-10.5
2025-02-23T22:00:00+00:00,3.13,0.0,-11.6
2025-02-23T23:00:00+00:00,3.67,0.0,-11.6
2025-02-24T00:00:00+00:00,4.23,0.0,-11.8
2025-02-24T01:00:00+00:00,4.38,0.0,-12.1
2025-02-24T02:00:00+00:00,4.11,0.0,-12.8
2025-02-24T03:00:00+00:00,4.39,15.0,-12.8
2025-02-24T04:00:00+00:00,5.03,95.0,-12.7
2025-02-24T05:00:00+00:00,5.11,209.0,-9.0
2025-02-24T06:00:00+00:00,5.31,344.0,-8.4
2025-02-24T07:00:00+00:00,4.97,432.0,-8.0
2025-02-24T08:00:00+00:00,4.61,451.0,-5.4
2025-02-24T09:00:00+00:00,4.56,397.0,-5.2
2025-02-24T10:00:00+00:00,5.02,299.0,-5.7
2025-02-24T11:00:00+00:00,4.35,211.0,-5.9
2025-02-24T12:00:00+00:00,4.06,116.0,-6.1
2025-02-24T13:00:00+00:00,4.7,22.0,-6.3
2025-02-24T14:00:00+00:00,4.57,0.0,-8.7
2025-02-24T15:00:00+00:00,4.46,0.0,-8.7
2025-02-24T16:00:00+00:00,4.35,0.0,-8.7
2025-02-24T17:00:00+00:00,4.06,0.0,-9.3
2025-02-24T18:00:00+00:00,3.66,0.0,-9.3
2025-02-24T19:00:00+00:00,3.57,0.0,-9.0
2025-02-24T20:00:00+00:00,3.59,0.0,-9.1
2025-02-24T21:00:00+00:00,3.08,0.0,-9.1
2025-02-24T22:00:00+00:00,3.33,0.0,-8.8
2025-02-24T23:00:00+00:00,3.02,0.0,-8.9
2025-02-25T00:00:00+00:00,2.93,0.0,-9.0
2025-02-25T01:00:00+00:00,2.79,0.0,-9.2
2025-02-25T02:00:00+00:00,2.79,0.0,-8.3
2025-02-25T03:00:00+00:00,2.62,16.0,-7.9
2025-02-25T04:00:00+00:00,2.81,82.0,-7.3
2025-02-25T05:00:00+00:00,2.9,142.0,-3.8
2025-02-25T06:00:00+00:00,1.85,169.0,-4.0
2025-02-25T07:00:00+00:00,1.59,152.0,-4.0
2025-02-25T08:00:00+00:00,1.12,175.0,-1.5
2025-02-25T09:00:00+00:00,1.12,347.0,-0.7
2025-02-25T10:00:00+00:00,1.14,334.0,-1.1
2025-02-25T11:00:00+00:00,0.27,180.0,-0.9
2025-02-25T12:00:00+00:00,1.52,118.0,-1.9
2025-02-25T13:00:00+00:00,2.39,26.0,-2.8
2025-02-25T14:00:00+00:00,2.53,0.0,-4.9
2025-02-25T15:00:00+00:00,1.89,0.0,-4.5
2025-02-25T16:00:00+00:00,2.04,0.0,-5.1
2025-02-25T17:00:00+00:00,1.67,0.0,-5.9
2025-02-25T18:00:00+00:00,1.17,0.0,-5.0
2025-02-25T19:00:00+00:00,1.59,0.0,-5.5
2025-02-25T20:00:00+00:00,1.87,0.0,-6.4
2025-02-25T21:00:00+00:00,1.31,0.0,-5.2
2025-02-25T22:00:00+00:00,2.08,0.0,-5.3
2025-02-25T23:00:00+00:00,2.69,0.0,-4.6
2025-02-26T00:00:00+00:00,2.25,0.0,-4.6
2025-02-26T01:00:00+00:00,2.71,0.0,-4.9
2025-02-26T02:00:00+00:00,3.05,0.0,-5.0
2025-02-26T03:00:00+00:00,2.72,17.0,-4.5
2025-02-26T04:00:00+00:00,2.1,86.0,-4.8
2025-02-26T05:00:00+00:00,1.98,198.0,-3.6
2025-02-26T06:00:00+00:00,1.96,268.0,-3.4
2025-02-26T07:00:00+00:00,2.67,199.0,-3.2
2025-02-26T08:00:00+00:00,3.54,213.0,-2.8
2025-02-26T09:00:00+00:00,4.58,215.0,-2.3
2025-02-26T10:00:00+00:00,5.65,188.0,-3.3
2025-02-26T11:00:00+00:00,6.67,146.0,-3.6
2025-02-26T12:00:00+00:00,6.47,66.0,-4.6
2025-02-26T13:00:00+00:00,6.31,15.0,-5.3
2025-02-26T14:00:00+00:00,6.35,0.0,-7.4
2025-02-26T15:00:00+00:00,6.2,0.0,-7.4
2025-02-26T16:00:00+00:00,6.22,0.0,-7.6
2025-02-26T17:00:00+00:00,6.36,0.0,-9.3
2025-02-26T18:00:00+00:00,6.64,0.0,-9.5
2025-02-26T19:00:00+00:00,6.67,0.0,-9.9
2025-02-26T20:00:00+00:00,6.99,0.0,-11.6
2025-02-26T21:00:00+00:00,6.39,0.0,-11.7
2025-02-26T22:00:00+00:00,5.88,0.0,-13.2
2025-02-26T23:00:00+00:00,5.54,0.0,-13.3
2025-02-27T00:00:00+00:00,5.11,0.0,-13.2
2025-02-27T01:00:00+00:00,4.91,0.0,-13.0
2025-02-27T02:00:00+00:00,4.49,0.0,-13.4
2025-02-27T03:00:00+00:00,4.46,19.0,-12.9
2025-02-27T04:00:00+00:00,5.11,98.0,-12.2
2025-02-27T05:00:00+00:00,4.88,200.0,-10.3
2025-02-27T06:00:00+00:00,4.62,279.0,-10.3
2025-02-27T07:00:00+00:00,4.3,336.0,-10.2
2025-02-27T08:00:00+00:00,4.09,400.0,-8.2
2025-02-27T09:00:00+00:00,3.86,414.0,-8.1
2025-02-27T10:00:00+00:00,3.6,351.0,-8.7
2025-02-27T11:00:00+00:00,3.17,261.0,-8.7
2025-02-27T12:00:00+00:00,2.08,143.0,-9.4
2025-02-27T13:00:00+00:00,1.81,30.0,-10.4
2025-02-27T14:00:00+00:00,1.75,0.0,-12.8
2025-02-27T15:00:00+00:00,2.0,0.0,-12.7
2025-02-27T16:00:00+00:00,2.25,0.0,-11.9
2025-02-27T17:00:00+00:00,2.45,0.0,-11.9
2025-02-27T18:00:00+00:00,2.4,0.0,-12.0
2025-02-27T19:00:00+00:00,2.43,0.0,-11.7
2025-02-27T20:00:00+00:00,2.35,0.0,-12.3
2025-02-27T21:00:00+00:00,2.34,0.0,-12.3
2025-02-27T22:00:00+00:00,2.11,0.0,-13.3
2025-02-27T23:00:00+00:00,2.24,0.0,-13.3
2025-02-28T00:00:00+00:00,2.28,0.0,-13.5
2025-02-28T01:00:00+00:00,1.75,0.0,-13.5
2025-02-28T02:00:00+00:00,1.32,0.0,-15.4
2025-02-28T03:00:00+00:00,0.69,21.0,-15.2
2025-02-28T04:00:00+00:00,0.92,101.0,-14.2
2025-02-28T05:00:00+00:00,1.2,192.0,-12.0
2025-02-28T06:00:00+00:00,1.32,302.0,-11.0
2025-02-28T07:00:00+00:00,1.41,389.0,-10.6
2025-02-28T08:00:00+00:00,1.54,424.0,-8.8
2025-02-28T09:00:00+00:00,1.85,447.0,-8.5
2025-02-28T10:00:00+00:00,2.05,386.0,-8.3
2025-02-28T11:00:00+00:00,1.96,302.0,-8.6
2025-02-28T12:00:00+00:00,2.11,161.0,-11.0
2025-02-28T13:00:00+00:00,2.6,36.0,-12.0
2025-02-28T14:00:00+00:00,2.47,0.0,-14.8
2025-02-28T15:00:00+00:00,2.6,0.0,-15.9
2025-02-28T16:00:00+00:00,2.79,0.0,-16.5
2025-02-28T17:00:00+00:00,2.7,0.0,-18.0
2025-02-28T18:00:00+00:00,2.67,0.0,-17.9
2025-02-28T19:00:00+00:00,2.67,0.0,-17.9
2025-02-28T20:00:00+00:00,2.67,0.0,-18.4
2025-02-28T21:00:00+00:00,2.65,0.0,-17.8
2025-02-28T22:00:00+00:00,2.59,0.0,-19.6
2025-02-28T23:00:00+00:00,2.33,0.0,-18.6
2025-03-01T00:00:00+00:00,1.96,0.0,-18.4
2025-03-01T01:00:00+00:00,1.9,0.0,-17.8
2025-03-01T02:00:00+00:00,1.75,0.0,-17.2
2025-03-01T03:00:00+00:00,1.91,17.0,-16.3
2025-03-01T04:00:00+00:00,1.9,86.0,-16.2
2025-03-01T05:00:00+00:00,1.86,188.0,-12.3
2025-03-01T06:00:00+00:00,1.37,236.0,-12.1
2025-03-01T07:00:00+00:00,1.12,303.0,-12.0
2025-03-01T08:00:00+00:00,1.11,406.0,-9.0
2025-03-01T09:00:00+00:00,1.35,439.0,-8.6
2025-03-01T10:00:00+00:00,1.73,389.0,-8.9
2025-03-01T11:00:00+00:00,1.84,301.0,-9.3
2025-03-01T12:00:00+00:00,2.02,165.0,-10.4
2025-03-01T13:00:00+00:00,2.55,33.0,-11.6
2025-03-01T14:00:00+00:00,2.55,0.0,-15.3
2025-03-01T15:00:00+00:00,2.47,0.0,-15.4
2025-03-01T16:00:00+00:00,1.98,0.0,-15.5
2025-03-01T17:00:00+00:00,1.39,0.0,-16.3
2025-03-01T18:00:00+00:00,1.35,0.0,-17.0
2025-03-01T19:00:00+00:00,1.43,0.0,-16.1
2025-03-01T20:00:00+00:00,2.04,0.0,-16.9
2025-03-01T21:00:00+00:00,2.08,0.0,-16.8
2025-03-01T22:00:00+00:00,1.7,0.0,-18.1
2025-03-01T23:00:00+00:00,1.13,0.0,-18.6
2025-03-02T00:00:00+00:00,1.32,0.0,-18.7
2025-03-02T01:00:00+00:00,1.48,0.0,-18.8
2025-03-02T02:00:00+00:00,1.46,0.0,-19.5
2025-03-02T03:00:00+00:00,1.57,24.0,-19.4
2025-03-02T04:00:00+00:00,1.47,117.0,-19.2
2025-03-02T05:00:00+00:00,1.45,231.0,-14.6
2025-03-02T06:00:00+00:00,1.45,328.0,-14.6
2025-03-02T07:00:00+00:00,1.54,468.0,-13.4
2025-03-02T08:00:00+00:00,1.72,546.0,-9.6
2025-03-02T09:00:00+00:00,1.98,535.0,-8.5
2025-03-02T10:00:00+00:00,2.29,466.0,-8.5
2025-03-02T11:00:00+00:00,1.84,342.0,-8.7
2025-03-02T12:00:00+00:00,2.53,190.0,-9.6
2025-03-02T13:00:00+00:00,2.86,45.0,-10.0
2025-03-02T14:00:00+00:00,2.85,0.0,-13.0
2025-03-02T15:00:00+00:00,2.98,0.0,-13.2
2025-03-02T16:00:00+00:00,3.01,0.0,-12.9
2025-03-02T17:00:00+00:00,2.99,0.0,-13.5
2025-03-02T18:00:00+00:00,3.05,0.0,-13.7
2025-03-02T19:00:00+00:00,3.03,0.0,-13.7
2025-03-02T20:00:00+00:00,3.11,0.0,-14.5
2025-03-02T21:00:00+00:00,3.21,0.0,-14.4
2025-03-02T22:00:00+00:00,3.03,0.0,-15.2
2025-03-02T23:00:00+00:00,3.1,0.0,-15.1
2025-03-03T00:00:00+00:00,3.26,0.0,-15.2
2025-03-03T01:00:00+00:00,3.24,0.0,-15.2
2025-03-03T02:00:00+00:00,3.43,0.0,-13.4
2025-03-03T03:00:00+00:00,3.74,36.0,-12.6
2025-03-03T04:00:00+00:00,3.89,146.0,-11.8
2025-03-03T05:00:00+00:00,4.14,248.0,-8.6
2025-03-03T06:00:00+00:00,4.16,321.0,-8.3
2025-03-03T07:00:00+00:00,4.15,383.0,-8.2
2025-03-03T08:00:00+00:00,3.78,393.0,-5.8
2025-03-03T09:00:00+00:00,3.43,360.0,-5.7
2025-03-03T10:00:00+00:00,3.36,277.0,-6.1
2025-03-03T11:00:00+00:00,3.04,183.0,-6.3
2025-03-03T12:00:00+00:00,2.97,93.0,-6.6
2025-03-03T13:00:00+00:00,2.93,22.0,-6.6
2025-03-03T14:00:00+00:00,2.93,0.0,-7.8
2025-03-03T15:00:00+00:00,2.85,0.0,-7.7
2025-03-03T16:00:00+00:00,3.23,0.0,-7.8
2025-03-03T17:00:00+00:00,4.05,0.0,-9.2
2025-03-03T18:00:00+00:00,4.39,0.0,-9.4
2025-03-03T19:00:00+00:00,4.46,0.0,-9.3
2025-03-03T20:00:00+00:00,4.11,0.0,-11.6
2025-03-03T21:00:00+00:00,3.78,0.0,-11.8
2025-03-03T22:00:00+00:00,3.78,0.0,-15.3
2025-03-03T23:00:00+00:00,3.75,0.0,-15.9
2025-03-04T00:00:00+00:00,4.13,0.0,-16.5
2025-03-04T01:00:00+00:00,3.86,0.0,-17.0
2025-03-04T02:00:00+00:00,3.62,0.0,-18.0
2025-03-04T03:00:00+00:00,3.81,28.0,-18.0
2025-03-04T04:00:00+00:00,3.57,116.0,-17.3
2025-03-04T05:00:00+00:00,3.18,256.0,-14.1
2025-03-04T06:00:00+00:00,2.92,365.0,-13.5
2025-03-04T07:00:00+00:00,3.18,473.0,-12.6
2025-03-04T08:00:00+00:00,3.15,491.0,-10.1
2025-03-04T09:00:00+00:00,3.2,474.0,-9.8
2025-03-04T10:00:00+00:00,3.79,401.0,-10.3
2025-03-04T11:00:00+00:00,3.73,281.0,-10.3
2025-03-04T12:00:00+00:00,3.07,160.0,-10.7
2025-03-04T13:00:00+00:00,2.84,42.0,-11.5
2025-03-04T14:00:00+00:00,3.36,0.0,-13.7
2025-03-04T15:00:00+00:00,3.95,0.0,-13.7
2025-03-04T16:00:00+00:00,4.55,0.0,-14.1
2025-03-04T17:00:00+00:00,4.98,0.0,-15.2
2025-03-04T18:00:00+00:00,4.96,0.0,-15.2
2025-03-04T19:00:00+00:00,4.95,0.0,-14.8
2025-03-04T20:00:00+00:00,4.88,0.0,-14.4
2025-03-04T21:00:00+00:00,5.43,0.0,-14.3
2025-03-04T22:00:00+00:00,5.68,0.0,-14.1
2025-03-04T23:00:00+00:00,5.59,0.0,-14.3
2025-03-05T00:00:00+00:00,5.55,0.0,-14.3
2025-03-05T01:00:00+00:00,5.33,0.0,-14.5
2025-03-05T02:00:00+00:00,5.13,0.0,-14.0
2025-03-05T03:00:00+00:00,5.1,40.0,-13.7
2025-03-05T04:00:00+00:00,5.09,162.0,-13.3
2025-03-05T05:00:00+00:00,5.46,280.0,-10.8
2025-03-05T06:00:00+00:00,5.78,366.0,-10.5
2025-03-05T07:00:00+00:00,5.78,417.0,-10.4
2025-03-05T08:00:00+00:00,5.56,426.0,-8.6
2025-03-05T09:00:00+00:00,5.45,398.0,-8.4
2025-03-05T10:00:00+00:00,5.32,358.0,-7.8
2025-03-05T11:00:00+00:00,4.65,256.0,-7.7
2025-03-05T12:00:00+00:00,4.7,130.0,-7.7
2025-03-05T13:00:00+00:00,4.51,37.0,-7.7
2025-03-05T14:00:00+00:00,4.62,0.0,-8.1
2025-03-05T15:00:00+00:00,4.85,0.0,-7.8
2025-03-05T16:00:00+00:00,5.23,0.0,-7.7
2025-03-05T17:00:00+00:00,5.52,0.0,-7.8
2025-03-05T18:00:00+00:00,5.78,0.0,-8.0
2025-03-05T19:00:00+00:00,5.86,0.0,-8.1
2025-03-05T20:00:00+00:00,5.95,0.0,-7.0
2025-03-05T21:00:00+00:00,6.17,0.0,-6.9
2025-03-05T22:00:00+00:00,6.7,0.0,-5.9
2025-03-05T23:00:00+00:00,6.81,0.0,-5.6
2025-03-06T00:00:00+00:00,6.77,0.0,-5.2
2025-03-06T01:00:00+00:00,6.75,0.0,-5.1
2025-03-06T02:00:00+00:00,6.55,0.0,-3.9
2025-03-06T03:00:00+00:00,6.14,17.0,-3.6
2025-03-06T04:00:00+00:00,5.74,83.0,-3.7
2025-03-06T05:00:00+00:00,5.63,162.0,-2.8
2025-03-06T06:00:00+00:00,7.78,278.0,-2.8
2025-03-06T07:00:00+00:00,7.51,223.0,-3.0
2025-03-06T08:00:00+00:00,6.16,173.0,-2.7
2025-03-06T09:00:00+00:00,5.91,150.0,-2.7
2025-03-06T10:00:00+00:00,5.96,139.0,-2.5
2025-03-06T11:00:00+00:00,5.54,126.0,-2.3
2025-03-06T12:00:00+00:00,5.37,96.0,-2.0
2025-03-06T13:00:00+00:00,5.66,31.0,-1.7
2025-03-06T14:00:00+00:00,6.15,0.0,-1.8
2025-03-06T15:00:00+00:00,6.51,0.0,-1.7
2025-03-06T16:00:00+00:00,6.55,0.0,-1.6
2025-03-06T17:00:00+00:00,6.41,0.0,-2.4
2025-03-06T18:00:00+00:00,6.3,0.0,-2.3
2025-03-06T19:00:00+00:00,6.19,0.0,-2.4
2025-03-06T20:00:00+00:00,6.06,0.0,-3.8
2025-03-06T21:00:00+00:00,5.99,0.0,-3.8
2025-03-06T22:00:00+00:00,6.18,0.0,-5.7
2025-03-06T23:00:00+00:00,5.87,0.0,-6.0
2025-03-07T00:00:00+00:00,5.5,0.0,-6.5
2025-03-07T01:00:00+00:00,5.11,0.0,-6.8
2025-03-07T02:00:00+00:00,4.91,0.0,-8.7
2025-03-07T03:00:00+00:00,5.07,33.0,-8.6
2025-03-07T04:00:00+00:00,5.25,108.0,-8.9
2025-03-07T05:00:00+00:00,5.2,214.0,-8.4
2025-03-07T06:00:00+00:00,4.75,305.0,-8.2
2025-03-07T07:00:00+00:00,4.5,383.0,-7.9
2025-03-07T08:00:00+00:00,4.25,424.0,-6.9
2025-03-07T09:00:00+00:00,4.1,436.0,-6.8
2025-03-07T10:00:00+00:00,3.55,371.0,-7.6
2025-03-07T11:00:00+00:00,3.42,237.0,-7.6
2025-03-07T12:00:00+00:00,3.18,124.0,-7.5
2025-03-07T13:00:00+00:00,2.42,41.0,-7.8
2025-03-07T14:00:00+00:00,2.67,0.0,-9.0
2025-03-07T15:00:00+00:00,2.84,0.0,-8.9
2025-03-07T16:00:00+00:00,2.7,0.0,-8.9
2025-03-07T17:00:00+00:00,2.23,0.0,-9.4
2025-03-07T18:00:00+00:00,2.17,0.0,-9.5
2025-03-07T19:00:00+00:00,2.07,0.0,-9.5
2025-03-07T20:00:00+00:00,2.02,0.0,-8.8
2025-03-07T21:00:00+00:00,1.81,0.0,-8.4
2025-03-07T22:00:00+00:00,2.06,0.0,-7.7
2025-03-07T23:00:00+00:00,2.27,0.0,-7.8
2025-03-08T00:00:00+00:00,2.61,0.0,-7.9
2025-03-08T01:00:00+00:00,2.75,0.0,-7.5
2025-03-08T02:00:00+00:00,2.9,0.0,-6.2
2025-03-08T03:00:00+00:00,3.05,54.0,-5.7
2025-03-08T04:00:00+00:00,3.31,163.0,-5.3
2025-03-08T05:00:00+00:00,3.15,273.0,-3.2
2025-03-08T06:00:00+00:00,3.16,391.0,-2.9
2025-03-08T07:00:00+00:00,3.92,403.0,-2.8
2025-03-08T08:00:00+00:00,4.04,441.0,-1.7
2025-03-08T09:00:00+00:00,4.2,378.0,-1.7
2025-03-08T10:00:00+00:00,4.23,275.0,-2.5
2025-03-08T11:00:00+00:00,3.35,172.0,-2.7
2025-03-08T12:00:00+00:00,3.38,102.0,-2.7
2025-03-08T13:00:00+00:00,3.45,30.0,-2.8
2025-03-08T14:00:00+00:00,3.65,0.0,-3.7
2025-03-08T15:00:00+00:00,3.7,0.0,-3.4
2025-03-08T16:00:00+00:00,3.62,0.0,-3.4
2025-03-08T17:00:00+00:00,3.43,0.0,-4.1
2025-03-08T18:00:00+00:00,3.46,0.0,-3.8
2025-03-08T19:00:00+00:00,3.69,0.0,-3.8
2025-03-08T20:00:00+00:00,4.19,0.0,-4.8
2025-03-08T21:00:00+00:00,4.72,0.0,-4.9
2025-03-08T22:00:00+00:00,4.85,0.0,-7.1
2025-03-08T23:00:00+00:00,4.99,0.0,-7.6
2025-03-09T00:00:00+00:00,5.16,0.0,-8.0
2025-03-09T01:00:00+00:00,5.05,0.0,-8.4
2025-03-09T02:00:00+00:00,5.2,0.0,-10.1
2025-03-09T03:00:00+00:00,5.45,35.0,-9.9
2025-03-09T04:00:00+00:00,5.48,92.0,-9.8
2025-03-09T05:00:00+00:00,5.39,189.0,-9.0
2025-03-09T06:00:00+00:00,5.0,276.0,-9.0
2025-03-09T07:00:00+00:00,4.81,427.0,-8.8
2025-03-09T08:00:00+00:00,4.85,505.0,-8.1
2025-03-09T09:00:00+00:00,5.04,481.0,-8.5
2025-03-09T10:00:00+00:00,5.27,412.0,-10.2
2025-03-09T11:00:00+00:00,5.63,300.0,-10.5
2025-03-09T12:00:00+00:00,5.64,153.0,-10.8
2025-03-09T13:00:00+00:00,4.92,43.0,-10.7
2025-03-09T14:00:00+00:00,4.89,0.0,-13.1
2025-03-09T15:00:00+00:00,4.78,0.0,-13.8
2025-03-09T16:00:00+00:00,3.9,0.0,-13.9
2025-03-09T17:00:00+00:00,3.81,0.0,-15.0
2025-03-09T18:00:00+00:00,3.94,0.0,-15.3
2025-03-09T19:00:00+00:00,3.96,0.0,-15.1
2025-03-09T20:00:00+00:00,3.97,0.0,-14.6
2025-03-09T21:00:00+00:00,4.28,0.0,-14.8
2025-03-09T22:00:00+00:00,4.61,0.0,-12.9
2025-03-09T23:00:00+00:00,5.28,0.0,-12.8
2025-03-10T00:00:00+00:00,5.95,0.0,-12.6
2025-03-10T01:00:00+00:00,6.75,0.0,-12.1
2025-03-10T02:00:00+00:00,7.13,0.0,-10.0
2025-03-10T03:00:00+00:00,7.26,26.0,-9.8
2025-03-10T04:00:00+00:00,7.57,83.0,-9.4
2025-03-10T05:00:00+00:00,7.67,157.0,-7.1
2025-03-10T06:00:00+00:00,6.97,252.0,-7.4
2025-03-10T07:00:00+00:00,6.51,267.0,-7.3
2025-03-10T08:00:00+00:00,6.74,253.0,-5.8
2025-03-10T09:00:00+00:00,6.44,297.0,-5.4
2025-03-10T10:00:00+00:00,6.02,263.0,-4.7
2025-03-10T11:00:00+00:00,6.23,175.0,-4.7
2025-03-10T12:00:00+00:00,6.01,115.0,-4.7
2025-03-10T13:00:00+00:00,5.91,32.0,-4.7
2025-03-10T14:00:00+00:00,5.76,0.0,-4.4
2025-03-10T15:00:00+00:00,5.6,0.0,-4.4
2025-03-10T16:00:00+00:00,5.46,0.0,-4.1
2025-03-10T17:00:00+00:00,5.33,0.0,-3.7
2025-03-10T18:00:00+00:00,5.2,0.0,-3.7
2025-03-10T19:00:00+00:00,5.15,0.0,-3.6
2025-03-10T20:00:00+00:00,5.15,0.0,-3.4
2025-03-10T21:00:00+00:00,5.12,0.0,-3.3
2025-03-10T22:00:00+00:00,5.33,0.0,-3.5
2025-03-10T23:00:00+00:00,5.17,0.0,-3.6
2025-03-11T00:00:00+00:00,4.82,0.0,-3.5
2025-03-11T01:00:00+00:00,4.73,0.0,-3.6
2025-03-11T02:00:00+00:00,4.36,1.0,-3.5
2025-03-11T03:00:00+00:00,4.05,47.0,-3.2
2025-03-11T04:00:00+00:00,5.03,166.0,-3.0
2025-03-11T05:00:00+00:00,5.0,297.0,-2.2
2025-03-11T06:00:00+00:00,4.7,360.0,-2.1
2025-03-11T07:00:00+00:00,4.52,367.0,-2.2
2025-03-11T08:00:00+00:00,4.35,366.0,-2.0
2025-03-11T09:00:00+00:00,4.13,359.0,-1.7
2025-03-11T10:00:00+00:00,3.73,326.0,-1.9
2025-03-11T11:00:00+00:00,2.83,263.0,-1.8
2025-03-11T12:00:00+00:00,1.92,153.0,-2.1
2025-03-11T13:00:00+00:00,1.82,52.0,-2.8
2025-03-11T14:00:00+00:00,2.1,1.0,-5.2
2025-03-11T15:00:00+00:00,2.36,0.0,-5.6
2025-03-11T16:00:00+00:00,2.65,0.0,-5.9
2025-03-11T17:00:00+00:00,2.93,0.0,-7.2
2025-03-11T18:00:00+00:00,3.0,0.0,-7.4
2025-03-11T19:00:00+00:00,3.14,0.0,-7.9
2025-03-11T20:00:00+00:00,3.06,0.0,-9.4
2025-03-11T21:00:00+00:00,2.93,0.0,-9.3
2025-03-11T22:00:00+00:00,2.43,0.0,-10.4
2025-03-11T23:00:00+00:00,2.35,0.0,-10.7
2025-03-12T00:00:00+00:00,2.5,0.0,-11.2
2025-03-12T01:00:00+00:00,2.65,0.0,-11.3
2025-03-12T02:00:00+00:00,2.71,2.0,-10.3
2025-03-12T03:00:00+00:00,2.7,53.0,-9.8
2025-03-12T04:00:00+00:00,2.64,156.0,-9.3
2025-03-12T05:00:00+00:00,2.69,284.0,-7.0
2025-03-12T06:00:00+00:00,2.67,385.0,-6.4
2025-03-12T07:00:00+00:00,2.62,476.0,-5.6
2025-03-12T08:00:00+00:00,2.48,532.0,-3.6
2025-03-12T09:00:00+00:00,2.47,527.0,-2.9
2025-03-12T10:00:00+00:00,2.5,459.0,-2.7
2025-03-12T11:00:00+00:00,2.53,320.0,-2.7
2025-03-12T12:00:00+00:00,1.97,169.0,-2.7
2025-03-12T13:00:00+00:00,1.82,60.0,-3.1
2025-03-12T14:00:00+00:00,1.98,1.0,-4.2
2025-03-12T15:00:00+00:00,2.14,0.0,-4.5
2025-03-12T16:00:00+00:00,2.44,0.0,-4.8
2025-03-12T17:00:00+00:00,2.86,0.0,-6.3
2025-03-12T18:00:00+00:00,3.06,0.0,-6.3
2025-03-12T19:00:00+00:00,3.25,0.0,-6.4
2025-03-12T20:00:00+00:00,3.86,0.0,-7.6
2025-03-12T21:00:00+00:00,4.38,0.0,-7.4
2025-03-12T22:00:00+00:00,4.95,0.0,-7.4
2025-03-12T23:00:00+00:00,5.05,0.0,-7.5
2025-03-13T00:00:00+00:00,4.96,0.0,-7.7
2025-03-13T01:00:00+00:00,5.17,0.0,-7.7
2025-03-13T02:00:00+00:00,5.28,3.0,-8.1
2025-03-13T03:00:00+00:00,5.27,68.0,-8.2
2025-03-13T04:00:00+00:00,5.27,226.0,-8.0
2025-03-13T05:00:00+00:00,5.61,392.0,-5.9
2025-03-13T06:00:00+00:00,5.86,524.0,-5.8
2025-03-13T07:00:00+00:00,5.94,609.0,-5.7
2025-03-13T08:00:00+00:00,5.82,637.0,-4.1
2025-03-13T09:00:00+00:00,5.64,608.0,-4.2
2025-03-13T10:00:00+00:00,5.53,526.0,-4.6
2025-03-13T11:00:00+00:00,5.15,390.0,-4.6
2025-03-13T12:00:00+00:00,5.1,212.0,-4.9
2025-03-13T13:00:00+00:00,4.9,66.0,-4.8
2025-03-13T14:00:00+00:00,4.78,2.0,-6.1
2025-03-13T15:00:00+00:00,4.68,0.0,-6.4
2025-03-13T16:00:00+00:00,4.74,0.0,-6.4
2025-03-13T17:00:00+00:00,4.77,0.0,-7.6
2025-03-13T18:00:00+00:00,4.57,0.0,-7.8
2025-03-13T19:00:00+00:00,4.66,0.0,-7.8
2025-03-13T20:00:00+00:00,4.8,0.0,-8.1
2025-03-13T21:00:00+00:00,4.83,0.0,-8.1
2025-03-13T22:00:00+00:00,5.33,0.0,-8.5
2025-03-13T23:00:00+00:00,5.23,0.0,-8.7
2025-03-14T00:00:00+00:00,5.13,0.0,-8.7
2025-03-14T01:00:00+00:00,5.12,0.0,-8.6
2025-03-14T02:00:00+00:00,5.08,4.0,-7.9
2025-03-14T03:00:00+00:00,4.92,59.0,-7.6
2025-03-14T04:00:00+00:00,4.83,143.0,-7.3
2025-03-14T05:00:00+00:00,4.78,237.0,-4.8
2025-03-14T06:00:00+00:00,5.12,313.0,-4.7
2025-03-14T07:00:00+00:00,5.2,423.0,-4.3
2025-03-14T08:00:00+00:00,5.27,552.0,-2.3
2025-03-14T09:00:00+00:00,5.18,550.0,-2.2
2025-03-14T10:00:00+00:00,4.71,469.0,-2.3
2025-03-14T11:00:00+00:00,4.43,284.0,-2.5
2025-03-14T12:00:00+00:00,4.28,132.0,-2.7
2025-03-14T13:00:00+00:00,4.04,34.0,-2.5
2025-03-14T14:00:00+00:00,3.88,1.0,-2.4
2025-03-14T15:00:00+00:00,3.71,0.0,-2.2
2025-03-14T16:00:00+00:00,3.14,0.0,-2.3
2025-03-14T17:00:00+00:00,2.75,0.0,-2.2
2025-03-14T18:00:00+00:00,2.4,0.0,-2.1
2025-03-14T19:00:00+00:00,2.3,0.0,-2.5
2025-03-14T20:00:00+00:00,2.2,0.0,-2.4
2025-03-14T21:00:00+00:00,2.05,0.0,-2.4
2025-03-14T22:00:00+00:00,1.95,0.0,-2.2
2025-03-14T23:00:00+00:00,1.85,0.0,-2.3
2025-03-15T00:00:00+00:00,1.65,0.0,-2.3
2025-03-15T01:00:00+00:00,1.4,0.0,-2.7
2025-03-15T02:00:00+00:00,1.25,3.0,-2.6
2025-03-15T03:00:00+00:00,1.41,57.0,-2.3
2025-03-15T04:00:00+00:00,1.57,163.0,-1.9
2025-03-15T05:00:00+00:00,1.73,292.0,-0.4
2025-03-15T06:00:00+00:00,1.93,443.0,-0.0
2025-03-15T07:00:00+00:00,1.91,444.0,0.2
2025-03-15T08:00:00+00:00,1.91,434.0,1.5
2025-03-15T09:00:00+00:00,1.65,472.0,1.3
2025-03-15T10:00:00+00:00,1.97,426.0,1.1
2025-03-15T11:00:00+00:00,1.9,336.0,1.3
2025-03-15T12:00:00+00:00,1.64,216.0,1.5
2025-03-15T13:00:00+00:00,1.88,75.0,1.1
2025-03-15T14:00:00+00:00,1.96,3.0,-0.2
2025-03-15T15:00:00+00:00,2.17,0.0,0.1
2025-03-15T16:00:00+00:00,2.43,0.0,-0.1
2025-03-15T17:00:00+00:00,2.6,0.0,-0.8
2025-03-15T18:00:00+00:00,2.64,0.0,-0.5
2025-03-15T19:00:00+00:00,2.69,0.0,-0.2
2025-03-15T20:00:00+00:00,3.02,0.0,-0.7
2025-03-15T21:00:00+00:00,3.33,0.0,-0.4
2025-03-15T22:00:00+00:00,3.52,0.0,-1.0
2025-03-15T23:00:00+00:00,3.8,0.0,-1.0
2025-03-16T00:00:00+00:00,3.8,0.0,-0.9
2025-03-16T01:00:00+00:00,4.19,0.0,-1.0
2025-03-16T02:00:00+00:00,4.55,4.0,-0.6
2025-03-16T03:00:00+00:00,4.61,46.0,-1.1
2025-03-16T04:00:00+00:00,4.29,92.0,-1.6
2025-03-16T05:00:00+00:00,4.74,171.0,0.2
2025-03-16T06:00:00+00:00,4.57,320.0,0.3
2025-03-16T07:00:00+00:00,4.76,354.0,0.3
2025-03-16T08:00:00+00:00,4.84,407.0,1.5
2025-03-16T09:00:00+00:00,5.0,532.0,1.6
2025-03-16T10:00:00+00:00,5.34,475.0,1.5
2025-03-16T11:00:00+00:00,5.3,330.0,1.3
2025-03-16T12:00:00+00:00,5.08,193.0,1.2
2025-03-16T13:00:00+00:00,5.13,87.0,1.2
2025-03-16T14:00:00+00:00,4.92,4.0,0.5
2025-03-16T15:00:00+00:00,5.09,0.0,0.5
2025-03-16T16:00:00+00:00,5.29,0.0,0.3
2025-03-16T17:00:00+00:00,5.29,0.0,-0.3
2025-03-16T18:00:00+00:00,5.24,0.0,-0.1
2025-03-16T19:00:00+00:00,5.19,0.0,-0.3
2025-03-16T20:00:00+00:00,5.39,0.0,-1.0
2025-03-16T21:00:00+00:00,5.59,0.0,-1.0
2025-03-16T22:00:00+00:00,5.8,0.0,-1.7
2025-03-16T23:00:00+00:00,5.91,0.0,-1.9
2025-03-17T00:00:00+00:00,5.92,0.0,-1.7
2025-03-17T01:00:00+00:00,5.87,0.0,-1.8
2025-03-17T02:00:00+00:00,6.0,8.0,-1.4
2025-03-17T03:00:00+00:00,6.33,87.0,-0.9
2025-03-17T04:00:00+00:00,6.45,225.0,-0.7
2025-03-17T05:00:00+00:00,6.4,393.0,1.6
2025-03-17T06:00:00+00:00,6.59,528.0,2.1
2025-03-17T07:00:00+00:00,6.74,601.0,2.2
2025-03-17T08:00:00+00:00,6.64,616.0,3.2
2025-03-17T09:00:00+00:00,6.76,488.0,3.0
2025-03-17T10:00:00+00:00,6.89,249.0,2.2
2025-03-17T11:00:00+00:00,6.55,180.0,2.1
2025-03-17T12:00:00+00:00,6.22,188.0,2.4
2025-03-17T13:00:00+00:00,5.46,81.0,2.3
2025-03-17T14:00:00+00:00,5.57,4.0,1.9
2025-03-17T15:00:00+00:00,5.27,0.0,2.0
2025-03-17T16:00:00+00:00,5.08,0.0,2.2
2025-03-17T17:00:00+00:00,5.25,0.0,2.0
2025-03-17T18:00:00+00:00,5.27,0.0,1.9
2025-03-17T19:00:00+00:00,5.08,0.0,1.8
2025-03-17T20:00:00+00:00,4.81,0.0,1.7
2025-03-17T21:00:00+00:00,4.56,0.0,1.9
2025-03-17T22:00:00+00:00,4.59,0.0,1.3
2025-03-17T23:00:00+00:00,4.48,0.0,1.3
2025-03-18T00:00:00+00:00,4.49,0.0,1.3
2025-03-18T01:00:00+00:00,4.61,0.0,1.5
2025-03-18T02:00:00+00:00,5.0,10.0,2.1
2025-03-18T03:00:00+00:00,5.25,106.0,2.3
2025-03-18T04:00:00+00:00,5.5,265.0,2.7
2025-03-18T05:00:00+00:00,5.69,409.0,4.2
2025-03-18T06:00:00+00:00,5.96,498.0,4.3
2025-03-18T07:00:00+00:00,6.12,566.0,4.4
2025-03-18T08:00:00+00:00,6.06,618.0,5.2
2025-03-18T09:00:00+00:00,5.93,615.0,5.2
2025-03-18T10:00:00+00:00,6.25,531.0,4.3
2025-03-18T11:00:00+00:00,6.0,415.0,4.0
2025-03-18T12:00:00+00:00,5.69,262.0,4.0
2025-03-18T13:00:00+00:00,5.47,104.0,3.8
2025-03-18T14:00:00+00:00,5.35,6.0,2.6
2025-03-18T15:00:00+00:00,5.29,0.0,2.5
2025-03-18T16:00:00+00:00,5.22,0.0,2.5
2025-03-18T17:00:00+00:00,5.06,0.0,2.3
2025-03-18T18:00:00+00:00,4.87,0.0,2.3
2025-03-18T19:00:00+00:00,4.72,0.0,2.5
2025-03-18T20:00:00+00:00,4.7,0.0,2.1
2025-03-18T21:00:00+00:00,4.68,0.0,2.2
2025-03-18T22:00:00+00:00,4.88,0.0,1.7
2025-03-18T23:00:00+00:00,4.77,0.0,1.6
2025-03-19T00:00:00+00:00,4.82,0.0,1.5
2025-03-19T01:00:00+00:00,4.87,0.0,1.5
2025-03-19T02:00:00+00:00,5.02,12.0,1.8
2025-03-19T03:00:00+00:00,5.16,115.0,1.9
2025-03-19T04:00:00+00:00,5.16,276.0,1.9
2025-03-19T05:00:00+00:00,5.11,436.0,4.1
2025-03-19T06:00:00+00:00,5.01,560.0,4.3
2025-03-19T07:00:00+00:00,5.07,635.0,4.2
2025-03-19T08:00:00+00:00,5.07,660.0,5.0
2025-03-19T09:00:00+00:00,5.27,626.0,4.9
2025-03-19T10:00:00+00:00,5.56,547.0,4.0
2025-03-19T11:00:00+00:00,5.41,421.0,4.1
2025-03-19T12:00:00+00:00,5.3,268.0,4.1
2025-03-19T13:00:00+00:00,5.25,109.0,4.2
2025-03-19T14:00:00+00:00,5.15,7.0,2.7
2025-03-19T15:00:00+00:00,4.91,0.0,2.8
2025-03-19T16:00:00+00:00,4.71,0.0,2.7
2025-03-19T17:00:00+00:00,4.62,0.0,2.5
2025-03-19T18:00:00+00:00,4.68,0.0,2.5
2025-03-19T19:00:00+00:00,4.83,0.0,2.6
2025-03-19T20:00:00+00:00,5.04,0.0,2.1
2025-03-19T21:00:00+00:00,5.08,0.0,2.1
2025-03-19T22:00:00+00:00,5.15,0.0,1.4
2025-03-19T23:00:00+00:00,5.1,0.0,1.2
2025-03-20T00:00:00+00:00,5.04,0.0,1.3
2025-03-20T01:00:00+00:00,4.8,0.0,1.1
2025-03-20T02:00:00+00:00,4.62,13.0,1.8
2025-03-20T03:00:00+00:00,4.6,114.0,1.7
2025-03-20T04:00:00+00:00,4.77,277.0,1.7
2025-03-20T05:00:00+00:00,5.01,421.0,3.8
2025-03-20T06:00:00+00:00,5.15,505.0,4.0
2025-03-20T07:00:00+00:00,5.4,552.0,3.9
2025-03-20T08:00:00+00:00,5.83,562.0,4.6
2025-03-20T09:00:00+00:00,5.83,521.0,4.8
2025-03-20T10:00:00+00:00,5.79,450.0,4.1
2025-03-20T11:00:00+00:00,5.03,324.0,4.0
2025-03-20T12:00:00+00:00,4.47,199.0,4.1
2025-03-20T13:00:00+00:00,3.8,76.0,4.1
2025-03-20T14:00:00+00:00,3.65,5.0,2.9
2025-03-20T15:00:00+00:00,3.46,0.0,3.2
2025-03-20T16:00:00+00:00,3.28,0.0,3.2
2025-03-20T17:00:00+00:00,2.23,0.0,2.7
2025-03-20T18:00:00+00:00,2.44,0.0,2.2
2025-03-20T19:00:00+00:00,1.03,0.0,1.2
2025-03-20T20:00:00+00:00,1.65,0.0,1.0
2025-03-20T21:00:00+00:00,1.78,0.0,1.8
2025-03-20T22:00:00+00:00,1.11,0.0,0.3
2025-03-20T23:00:00+00:00,3.24,0.0,0.6
2025-03-21T00:00:00+00:00,4.92,0.0,0.9
2025-03-21T01:00:00+00:00,6.02,0.0,0.8
2025-03-21T02:00:00+00:00,4.74,2.0,0.2
2025-03-21T03:00:00+00:00,4.52,32.0,0.2
2025-03-21T04:00:00+00:00,5.2,123.0,0.2
2025-03-21T05:00:00+00:00,5.28,195.0,0.4
2025-03-21T06:00:00+00:00,5.27,343.0,0.6
2025-03-21T07:00:00+00:00,5.1,482.0,1.1
2025-03-21T08:00:00+00:00,5.06,518.0,2.0
2025-03-21T09:00:00+00:00,5.21,519.0,2.3
2025-03-21T10:00:00+00:00,5.44,448.0,2.1
2025-03-21T11:00:00+00:00,4.81,351.0,1.9
2025-03-21T12:00:00+00:00,4.67,229.0,1.7
2025-03-21T13:00:00+00:00,4.51,88.0,1.7
2025-03-21T14:00:00+00:00,3.96,7.0,0.1
2025-03-21T15:00:00+00:00,3.05,0.0,-0.2
2025-03-21T16:00:00+00:00,2.18,0.0,-1.3
2025-03-21T17:00:00+00:00,2.09,0.0,-4.1
2025-03-21T18:00:00+00:00,2.27,0.0,-4.0
2025-03-21T19:00:00+00:00,2.53,0.0,-4.3
2025-03-21T20:00:00+00:00,2.62,0.0,-5.5
2025-03-21T21:00:00+00:00,2.62,0.0,-5.4
2025-03-21T22:00:00+00:00,2.44,0.0,-6.4
2025-03-21T23:00:00+00:00,2.26,0.0,-6.3
2025-03-22T00:00:00+00:00,2.16,0.0,-5.5
2025-03-22T01:00:00+00:00,1.87,0.0,-5.3
2025-03-22T02:00:00+00:00,1.55,20.0,-4.9
2025-03-22T03:00:00+00:00,1.28,148.0,-4.5
2025-03-22T04:00:00+00:00,1.3,321.0,-4.1
2025-03-22T05:00:00+00:00,1.7,464.0,-0.3
2025-03-22T06:00:00+00:00,2.51,599.0,-0.2
2025-03-22T07:00:00+00:00,2.5,490.0,-0.1
2025-03-22T08:00:00+00:00,2.34,470.0,1.0
2025-03-22T09:00:00+00:00,2.25,464.0,1.0
2025-03-22T10:00:00+00:00,2.74,365.0,0.2
2025-03-22T11:00:00+00:00,2.75,308.0,0.3
2025-03-22T12:00:00+00:00,2.28,197.0,0.4
2025-03-22T13:00:00+00:00,1.25,86.0,0.7
2025-03-22T14:00:00+00:00,1.65,8.0,-1.5
2025-03-22T15:00:00+00:00,1.47,0.0,-1.7
2025-03-22T16:00:00+00:00,1.74,0.0,-3.0
2025-03-22T17:00:00+00:00,1.7,0.0,-4.9
2025-03-22T18:00:00+00:00,1.95,0.0,-4.4
2025-03-22T19:00:00+00:00,2.36,0.0,-3.5
2025-03-22T20:00:00+00:00,2.71,0.0,-3.7
2025-03-22T21:00:00+00:00,2.92,0.0,-3.5
2025-03-22T22:00:00+00:00,3.09,0.0,-4.2
2025-03-22T23:00:00+00:00,3.21,0.0,-4.1
2025-03-23T00:00:00+00:00,2.97,0.0,-4.1
2025-03-23T01:00:00+00:00,2.46,0.0,-4.5
2025-03-23T02:00:00+00:00,2.45,22.0,-3.9
2025-03-23T03:00:00+00:00,2.84,145.0,-4.1
2025-03-23T04:00:00+00:00,3.14,319.0,-3.7
2025-03-23T05:00:00+00:00,3.96,481.0,-1.1
2025-03-23T06:00:00+00:00,4.21,599.0,-1.2
2025-03-23T07:00:00+00:00,4.5,588.0,-1.2
2025-03-23T08:00:00+00:00,4.57,545.0,-0.3
2025-03-23T09:00:00+00:00,4.21,534.0,-0.4
2025-03-23T10:00:00+00:00,3.82,429.0,-0.8
2025-03-23T11:00:00+00:00,3.88,334.0,-1.0
2025-03-23T12:00:00+00:00,3.6,244.0,-0.9
2025-03-23T13:00:00+00:00,2.95,114.0,-0.5
2025-03-23T14:00:00+00:00,2.6,12.0,-3.4
2025-03-23T15:00:00+00:00,3.13,0.0,-3.7
2025-03-23T16:00:00+00:00,3.7,0.0,-3.7
2025-03-23T17:00:00+00:00,3.87,0.0,-4.6
2025-03-23T18:00:00+00:00,4.26,0.0,-4.4
2025-03-23T19:00:00+00:00,4.49,0.0,-4.4
2025-03-23T20:00:00+00:00,4.51,0.0,-4.9
2025-03-23T21:00:00+00:00,4.6,0.0,-4.9
2025-03-23T22:00:00+00:00,4.88,0.0,-5.2
2025-03-23T23:00:00+00:00,4.61,0.0,-5.2
2025-03-24T00:00:00+00:00,4.5,0.0,-5.2
2025-03-24T01:00:00+00:00,4.64,0.0,-5.0
2025-03-24T02:00:00+00:00,4.63,15.0,-4.3
2025-03-24T03:00:00+00:00,4.63,66.0,-4.3
2025-03-24T04:00:00+00:00,4.88,180.0,-3.7
2025-03-24T05:00:00+00:00,6.24,344.0,-1.4
2025-03-24T06:00:00+00:00,6.71,531.0,-1.3
2025-03-24T07:00:00+00:00,7.0,393.0,-2.2
2025-03-24T08:00:00+00:00,6.9,457.0,-3.1
2025-03-24T09:00:00+00:00,6.81,463.0,-3.4
2025-03-24T10:00:00+00:00,6.99,424.0,-3.8
2025-03-24T11:00:00+00:00,7.09,387.0,-3.5
2025-03-24T12:00:00+00:00,5.99,271.0,-3.5
2025-03-24T13:00:00+00:00,4.7,134.0,-3.5
2025-03-24T14:00:00+00:00,4.05,14.0,-5.8
2025-03-24T15:00:00+00:00,3.71,0.0,-5.9
2025-03-24T16:00:00+00:00,3.54,0.0,-5.9
2025-03-24T17:00:00+00:00,3.41,0.0,-7.6
2025-03-24T18:00:00+00:00,3.14,0.0,-7.8
2025-03-24T19:00:00+00:00,2.87,0.0,-7.9
2025-03-24T20:00:00+00:00,2.55,0.0,-9.5
2025-03-24T21:00:00+00:00,2.34,0.0,-9.9
2025-03-24T22:00:00+00:00,2.33,0.0,-11.6
2025-03-24T23:00:00+00:00,2.12,0.0,-12.2
2025-03-25T00:00:00+00:00,2.09,0.0,-13.0
2025-03-25T01:00:00+00:00,2.15,0.0,-13.4
2025-03-25T02:00:00+00:00,1.88,30.0,-11.1
2025-03-25T03:00:00+00:00,1.95,174.0,-9.9
2025-03-25T04:00:00+00:00,1.63,346.0,-8.9
2025-03-25T05:00:00+00:00,1.55,501.0,-5.1
2025-03-25T06:00:00+00:00,1.9,621.0,-5.1
2025-03-25T07:00:00+00:00,2.36,692.0,-4.7
2025-03-25T08:00:00+00:00,2.83,713.0,-3.2
2025-03-25T09:00:00+00:00,3.11,680.0,-3.4
2025-03-25T10:00:00+00:00,3.22,596.0,-3.2
2025-03-25T11:00:00+00:00,3.18,467.0,-3.3
2025-03-25T12:00:00+00:00,2.69,308.0,-3.4
2025-03-25T13:00:00+00:00,1.96,139.0,-3.9
2025-03-25T14:00:00+00:00,2.45,15.0,-6.7
2025-03-25T15:00:00+00:00,2.58,0.0,-7.2
2025-03-25T16:00:00+00:00,2.74,0.0,-7.2
2025-03-25T17:00:00+00:00,2.67,0.0,-7.8
2025-03-25T18:00:00+00:00,2.36,0.0,-6.9
2025-03-25T19:00:00+00:00,2.07,0.0,-6.5
2025-03-25T20:00:00+00:00,1.85,0.0,-9.2
2025-03-25T21:00:00+00:00,2.01,0.0,-10.2
2025-03-25T22:00:00+00:00,1.68,0.0,-11.6
2025-03-25T23:00:00+00:00,2.01,0.0,-11.6
2025-03-26T00:00:00+00:00,2.42,0.0,-11.7
2025-03-26T01:00:00+00:00,2.1,0.0,-11.9
2025-03-26T02:00:00+00:00,1.32,30.0,-9.7
2025-03-26T03:00:00+00:00,0.68,164.0,-8.9
2025-03-26T04:00:00+00:00,0.54,336.0,-7.3
2025-03-26T05:00:00+00:00,0.92,501.0,-2.7
2025-03-26T06:00:00+00:00,1.28,622.0,-2.5
2025-03-26T07:00:00+00:00,1.32,694.0,-2.0
2025-03-26T08:00:00+00:00,1.35,716.0,-0.4
2025-03-26T09:00:00+00:00,1.14,684.0,-0.1
2025-03-26T10:00:00+00:00,0.72,601.0,-0.1
2025-03-26T11:00:00+00:00,0.25,473.0,0.0
2025-03-26T12:00:00+00:00,0.35,314.0,0.4
2025-03-26T13:00:00+00:00,0.85,144.0,1.8
2025-03-26T14:00:00+00:00,1.6,17.0,-0.7
2025-03-26T15:00:00+00:00,2.04,0.0,-3.1
2025-03-26T16:00:00+00:00,2.42,0.0,-4.3
2025-03-26T17:00:00+00:00,2.3,0.0,-6.0
2025-03-26T18:00:00+00:00,2.28,0.0,-5.7
2025-03-26T19:00:00+00:00,2.35,0.0,-5.6
2025-03-26T20:00:00+00:00,2.36,0.0,-6.6
2025-03-26T21:00:00+00:00,2.43,0.0,-6.6
2025-03-26T22:00:00+00:00,2.47,0.0,-7.5
2025-03-26T23:00:00+00:00,2.45,0.0,-7.6
2025-03-27T00:00:00+00:00,2.4,0.0,-7.6
2025-03-27T01:00:00+00:00,2.29,0.0,-7.7
2025-03-27T02:00:00+00:00,2.57,36.0,-5.8
2025-03-27T03:00:00+00:00,3.34,182.0,-5.2
2025-03-27T04:00:00+00:00,3.21,353.0,-3.7
2025-03-27T05:00:00+00:00,3.42,504.0,0.3
2025-03-27T06:00:00+00:00,3.92,619.0,0.4
2025-03-27T07:00:00+00:00,4.77,700.0,1.0
2025-03-27T08:00:00+00:00,5.08,723.0,3.5
2025-03-27T09:00:00+00:00,5.02,691.0,4.0
2025-03-27T10:00:00+00:00,4.63,607.0,4.5
2025-03-27T11:00:00+00:00,4.11,479.0,4.6
2025-03-27T12:00:00+00:00,3.99,319.0,4.4
2025-03-27T13:00:00+00:00,4.27,147.0,4.8
2025-03-27T14:00:00+00:00,4.51,18.0,1.6
2025-03-27T15:00:00+00:00,4.85,0.0,0.9
2025-03-27T16:00:00+00:00,5.12,0.0,0.5
2025-03-27T17:00:00+00:00,5.03,0.0,-1.3
2025-03-27T18:00:00+00:00,4.89,0.0,-1.4
2025-03-27T19:00:00+00:00,4.41,0.0,-1.9
2025-03-27T20:00:00+00:00,4.1,0.0,-2.9
2025-03-27T21:00:00+00:00,4.17,0.0,-3.1
2025-03-27T22:00:00+00:00,4.28,0.0,-3.9
2025-03-27T23:00:00+00:00,4.4,0.0,-3.9
2025-03-28T00:00:00+00:00,4.54,0.0,-3.7
2025-03-28T01:00:00+00:00,4.31,0.0,-3.7
2025-03-28T02:00:00+00:00,4.11,39.0,-2.2
2025-03-28T03:00:00+00:00,4.31,184.0,-2.2
2025-03-28T04:00:00+00:00,4.51,354.0,-2.1
2025-03-28T05:00:00+00:00,4.66,497.0,1.9
2025-03-28T06:00:00+00:00,4.66,628.0,2.2
2025-03-28T07:00:00+00:00,4.5,701.0,2.7
2025-03-28T08:00:00+00:00,4.2,717.0,4.8
2025-03-28T09:00:00+00:00,3.7,682.0,5.1
2025-03-28T10:00:00+00:00,3.26,595.0,5.3
2025-03-28T11:00:00+00:00,3.05,461.0,5.4
2025-03-28T12:00:00+00:00,3.16,312.0,5.5
2025-03-28T13:00:00+00:00,3.44,146.0,5.3
2025-03-28T14:00:00+00:00,3.85,20.0,2.2
2025-03-28T15:00:00+00:00,4.07,0.0,1.7
2025-03-28T16:00:00+00:00,4.15,0.0,1.5
2025-03-28T17:00:00+00:00,4.1,0.0,0.1
2025-03-28T18:00:00+00:00,3.92,0.0,-0.2
2025-03-28T19:00:00+00:00,3.68,0.0,-0.4
2025-03-28T20:00:00+00:00,3.36,0.0,-1.5
2025-03-28T21:00:00+00:00,3.08,0.0,-1.6
2025-03-28T22:00:00+00:00,2.82,0.0,-3.0
2025-03-28T23:00:00+00:00,2.73,0.0,-3.2
2025-03-29T00:00:00+00:00,2.77,0.0,-3.3
2025-03-29T01:00:00+00:00,2.79,0.0,-3.3
2025-03-29T02:00:00+00:00,3.02,44.0,-1.5
2025-03-29T03:00:00+00:00,3.18,195.0,-1.3
2025-03-29T04:00:00+00:00,2.87,367.0,-1.3
2025-03-29T05:00:00+00:00,2.76,521.0,3.0
2025-03-29T06:00:00+00:00,2.66,641.0,3.4
2025-03-29T07:00:00+00:00,2.53,710.0,3.8
2025-03-29T08:00:00+00:00,2.23,731.0,5.6
2025-03-29T09:00:00+00:00,1.63,698.0,5.8
2025-03-29T10:00:00+00:00,1.35,614.0,5.3
2025-03-29T11:00:00+00:00,1.58,487.0,6.5
2025-03-29T12:00:00+00:00,0.39,327.0,7.4
2025-03-29T13:00:00+00:00,0.96,157.0,7.3
2025-03-29T14:00:00+00:00,1.74,23.0,1.2
2025-03-29T15:00:00+00:00,2.44,0.0,-0.3
2025-03-29T16:00:00+00:00,2.66,0.0,0.1
2025-03-29T17:00:00+00:00,2.46,0.0,-0.8
2025-03-29T18:00:00+00:00,2.5,0.0,-0.6
2025-03-29T19:00:00+00:00,2.47,0.0,-0.5
2025-03-29T20:00:00+00:00,2.4,0.0,-1.7
2025-03-29T21:00:00+00:00,2.45,0.0,-2.0
2025-03-29T22:00:00+00:00,2.66,0.0,-4.4
2025-03-29T23:00:00+00:00,2.75,0.0,-4.8
2025-03-30T00:00:00+00:00,2.75,0.0,-5.4
2025-03-30T01:00:00+00:00,2.58,0.0,-5.4
2025-03-30T02:00:00+00:00,1.83,47.0,-2.3
2025-03-30T03:00:00+00:00,1.59,200.0,-1.6
2025-03-30T04:00:00+00:00,1.17,371.0,-1.3
2025-03-30T05:00:00+00:00,1.01,524.0,3.8
2025-03-30T06:00:00+00:00,1.15,643.0,4.2
2025-03-30T07:00:00+00:00,1.28,712.0,4.7
2025-03-30T08:00:00+00:00,1.05,733.0,6.5
2025-03-30T09:00:00+00:00,1.13,700.0,6.4
2025-03-30T10:00:00+00:00,1.64,615.0,6.0
2025-03-30T11:00:00+00:00,2.25,488.0,5.9
2025-03-30T12:00:00+00:00,2.5,329.0,6.4
2025-03-30T13:00:00+00:00,2.77,159.0,5.3
2025-03-30T14:00:00+00:00,2.91,25.0,0.5
2025-03-30T15:00:00+00:00,2.91,0.0,0.3
2025-03-30T16:00:00+00:00,2.91,0.0,-0.4
2025-03-30T17:00:00+00:00,2.72,0.0,-2.4
2025-03-30T18:00:00+00:00,2.81,0.0,-2.1
2025-03-30T19:00:00+00:00,2.69,0.0,-2.3
2025-03-30T20:00:00+00:00,2.53,0.0,-3.1
2025-03-30T21:00:00+00:00,2.55,0.0,-2.5
2025-03-30T22:00:00+00:00,2.46,0.0,-2.2
2025-03-30T23:00:00+00:00,2.5,0.0,-2.1
2025-03-31T00:00:00+00:00,2.52,0.0,-1.8
2025-03-31T01:00:00+00:00,2.5,0.0,-2.0
2025-03-31T02:00:00+00:00,2.57,49.0,0.1
2025-03-31T03:00:00+00:00,3.07,182.0,0.5
2025-03-31T04:00:00+00:00,2.8,346.0,1.0
2025-03-31T05:00:00+00:00,2.91,512.0,5.1
2025-03-31T06:00:00+00:00,3.13,635.0,5.5
2025-03-31T07:00:00+00:00,3.15,668.0,5.8
2025-03-31T08:00:00+00:00,3.2,659.0,7.3
2025-03-31T09:00:00+00:00,3.4,609.0,7.1
2025-03-31T10:00:00+00:00,2.82,505.0,6.3
2025-03-31T11:00:00+00:00,2.77,330.0,5.7
2025-03-31T12:00:00+00:00,2.92,175.0,5.2
2025-03-31T13:00:00+00:00,3.22,59.0,5.1
2025-03-31T14:00:00+00:00,3.51,9.0,3.8
2025-03-31T15:00:00+00:00,3.69,0.0,4.1
2025-03-31T16:00:00+00:00,3.91,0.0,4.5
2025-03-31T17:00:00+00:00,3.92,0.0,3.8
2025-03-31T18:00:00+00:00,3.65,0.0,4.2
2025-03-31T19:00:00+00:00,3.37,0.0,4.3
2025-03-31T20:00:00+00:00,3.2,0.0,3.6
2025-03-31T21:00:00+00:00,2.93,0.0,3.5
2025-03-31T22:00:00+00:00,2.69,0.0,2.1
2025-03-31T23:00:00+00:00,2.69,0.0,1.9
2025-04-01T00:00:00+00:00,2.85,0.0,1.8
2025-04-01T01:00:00+00:00,3.16,0.0,1.7
2025-04-01T02:00:00+00:00,3.38,25.0,1.5
2025-04-01T03:00:00+00:00,3.61,132.0,1.1
2025-04-01T04:00:00+00:00,3.56,278.0,1.3
2025-04-01T05:00:00+00:00,3.53,453.0,5.1
2025-04-01T06:00:00+00:00,3.77,531.0,5.2
2025-04-01T07:00:00+00:00,3.97,621.0,5.0
2025-04-01T08:00:00+00:00,4.06,707.0,7.9
2025-04-01T09:00:00+00:00,3.94,669.0,7.9
2025-04-01T10:00:00+00:00,3.88,601.0,8.0
2025-04-01T11:00:00+00:00,3.63,478.0,7.8
2025-04-01T12:00:00+00:00,3.2,324.0,7.3
2025-04-01T13:00:00+00:00,2.93,160.0,7.0
2025-04-01T14:00:00+00:00,2.75,28.0,2.8
2025-04-01T15:00:00+00:00,2.65,0.0,2.5
2025-04-01T16:00:00+00:00,2.55,0.0,2.4
2025-04-01T17:00:00+00:00,2.54,0.0,0.1
2025-04-01T18:00:00+00:00,2.74,0.0,-0.2
2025-04-01T19:00:00+00:00,2.75,0.0,-0.0
2025-04-01T20:00:00+00:00,2.49,0.0,-0.4
2025-04-01T21:00:00+00:00,2.41,0.0,-0.0
2025-04-01T22:00:00+00:00,1.95,0.0,-0.5
2025-04-01T23:00:00+00:00,1.84,0.0,-1.2
2025-04-02T00:00:00+00:00,2.26,0.0,-0.8
2025-04-02T01:00:00+00:00,1.78,0.0,-0.5
2025-04-02T02:00:00+00:00,1.85,49.0,1.7
2025-04-02T03:00:00+00:00,1.31,178.0,1.6
2025-04-02T04:00:00+00:00,1.19,333.0,1.7
2025-04-02T05:00:00+00:00,1.2,464.0,6.8
2025-04-02T06:00:00+00:00,1.35,615.0,7.6
2025-04-02T07:00:00+00:00,1.63,662.0,7.8
2025-04-02T08:00:00+00:00,1.81,679.0,10.3
2025-04-02T09:00:00+00:00,1.84,629.0,10.1
2025-04-02T10:00:00+00:00,2.06,583.0,9.4
2025-04-02T11:00:00+00:00,2.15,458.0,9.0
2025-04-02T12:00:00+00:00,2.29,317.0,8.3
2025-04-02T13:00:00+00:00,2.66,167.0,8.1
2025-04-02T14:00:00+00:00,2.86,30.0,5.1
2025-04-02T15:00:00+00:00,2.79,0.0,4.2
2025-04-02T16:00:00+00:00,2.69,0.0,3.4
2025-04-02T17:00:00+00:00,2.62,0.0,1.9
2025-04-02T18:00:00+00:00,2.8,0.0,2.4
2025-04-02T19:00:00+00:00,3.21,0.0,2.7
2025-04-02T20:00:00+00:00,3.6,0.0,2.5
2025-04-02T21:00:00+00:00,3.85,0.0,2.6
2025-04-02T22:00:00+00:00,4.4,0.0,2.5
2025-04-02T23:00:00+00:00,4.58,0.0,2.6
2025-04-03T00:00:00+00:00,4.68,0.0,2.4
2025-04-03T01:00:00+00:00,4.62,0.0,2.5
2025-04-03T02:00:00+00:00,4.64,62.0,4.1
2025-04-03T03:00:00+00:00,4.82,212.0,3.9
2025-04-03T04:00:00+00:00,4.91,369.0,3.9
2025-04-03T05:00:00+00:00,5.14,504.0,8.2
2025-04-03T06:00:00+00:00,5.14,612.0,8.2
2025-04-03T07:00:00+00:00,5.33,655.0,8.1
2025-04-03T08:00:00+00:00,5.79,663.0,9.7
2025-04-03T09:00:00+00:00,6.1,660.0,10.1
2025-04-03T10:00:00+00:00,7.11,572.0,10.0
2025-04-03T11:00:00+00:00,6.66,463.0,10.3
2025-04-03T12:00:00+00:00,6.42,315.0,10.2
2025-04-03T13:00:00+00:00,6.32,151.0,10.0
2025-04-03T14:00:00+00:00,6.24,30.0,7.1
2025-04-03T15:00:00+00:00,6.27,0.0,7.3
2025-04-03T16:00:00+00:00,6.23,0.0,7.4
2025-04-03T17:00:00+00:00,6.09,0.0,6.7
2025-04-03T18:00:00+00:00,5.82,0.0,6.6
2025-04-03T19:00:00+00:00,5.55,0.0,6.5
2025-04-03T20:00:00+00:00,5.23,0.0,5.5
2025-04-03T21:00:00+00:00,4.92,0.0,5.2
2025-04-03T22:00:00+00:00,4.49,0.0,4.5
2025-04-03T23:00:00+00:00,4.39,0.0,4.2
2025-04-04T00:00:00+00:00,4.34,0.0,4.2
2025-04-04T01:00:00+00:00,4.27,0.0,4.3
2025-04-04T02:00:00+00:00,3.86,31.0,5.2
2025-04-04T03:00:00+00:00,3.77,61.0,4.9
2025-04-04T04:00:00+00:00,3.01,46.0,4.4
2025-04-04T05:00:00+00:00,2.95,85.0,5.6
2025-04-04T06:00:00+00:00,2.86,114.0,5.5
2025-04-04T07:00:00+00:00,2.43,179.0,5.5
2025-04-04T08:00:00+00:00,2.14,311.0,8.3
2025-04-04T09:00:00+00:00,2.22,446.0,7.6
2025-04-04T10:00:00+00:00,4.25,328.0,5.6
2025-04-04T11:00:00+00:00,4.99,170.0,4.7
2025-04-04T12:00:00+00:00,6.2,89.0,4.6
2025-04-04T13:00:00+00:00,7.64,26.0,2.8
2025-04-04T14:00:00+00:00,8.16,5.0,0.1
2025-04-04T15:00:00+00:00,7.43,0.0,1.1
2025-04-04T16:00:00+00:00,6.42,0.0,1.7
2025-04-04T17:00:00+00:00,5.68,0.0,1.2
2025-04-04T18:00:00+00:00,5.14,0.0,1.5
2025-04-04T19:00:00+00:00,4.51,0.0,1.2
2025-04-04T20:00:00+00:00,3.81,0.0,0.0
2025-04-04T21:00:00+00:00,2.95,0.0,-0.5
2025-04-04T22:00:00+00:00,2.96,0.0,-1.9
2025-04-04T23:00:00+00:00,3.27,0.0,-1.9
2025-04-05T00:00:00+00:00,3.4,0.0,-1.7
2025-04-05T01:00:00+00:00,3.48,1.0,-1.7
2025-04-05T02:00:00+00:00,3.92,69.0,0.2
2025-04-05T03:00:00+00:00,4.0,222.0,0.6
2025-04-05T04:00:00+00:00,4.29,390.0,1.2
2025-04-05T05:00:00+00:00,4.72,538.0,5.9
2025-04-05T06:00:00+00:00,5.12,654.0,5.9
2025-04-05T07:00:00+00:00,5.37,718.0,6.0
2025-04-05T08:00:00+00:00,5.66,737.0,8.6
2025-04-05T09:00:00+00:00,5.9,700.0,9.7
2025-04-05T10:00:00+00:00,5.92,607.0,11.5
2025-04-05T11:00:00+00:00,5.73,485.0,11.2
2025-04-05T12:00:00+00:00,5.42,330.0,10.5
2025-04-05T13:00:00+00:00,5.08,166.0,10.2
2025-04-05T14:00:00+00:00,4.67,34.0,6.9
2025-04-05T15:00:00+00:00,4.45,0.0,6.6
2025-04-05T16:00:00+00:00,4.32,0.0,6.5
2025-04-05T17:00:00+00:00,4.21,0.0,5.0
2025-04-05T18:00:00+00:00,4.14,0.0,5.0
2025-04-05T19:00:00+00:00,4.19,0.0,4.9
2025-04-05T20:00:00+00:00,4.22,0.0,3.9
2025-04-05T21:00:00+00:00,4.17,0.0,3.8
2025-04-05T22:00:00+00:00,4.34,0.0,3.3
2025-04-05T23:00:00+00:00,4.4,0.0,3.4
2025-04-06T00:00:00+00:00,4.5,0.0,3.7
2025-04-06T01:00:00+00:00,4.39,1.0,3.8
2025-04-06T02:00:00+00:00,4.56,64.0,6.3
2025-04-06T03:00:00+00:00,4.7,201.0,6.8
2025-04-06T04:00:00+00:00,4.51,343.0,7.3
2025-04-06T05:00:00+00:00,4.47,452.0,12.1
2025-04-06T06:00:00+00:00,4.41,578.0,12.6
2025-04-06T07:00:00+00:00,4.59,675.0,13.3
2025-04-06T08:00:00+00:00,4.83,724.0,16.3
2025-04-06T09:00:00+00:00,4.8,693.0,16.1
2025-04-06T10:00:00+00:00,4.63,574.0,16.9
2025-04-06T11:00:00+00:00,4.12,472.0,16.6
2025-04-06T12:00:00+00:00,3.3,313.0,16.2
2025-04-06T13:00:00+00:00,2.75,154.0,15.4
2025-04-06T14:00:00+00:00,2.64,32.0,9.7
2025-04-06T15:00:00+00:00,2.56,0.0,8.6
2025-04-06T16:00:00+00:00,2.45,0.0,8.3
2025-04-06T17:00:00+00:00,2.43,0.0,5.9
2025-04-06T18:00:00+00:00,2.39,0.0,5.6
2025-04-06T19:00:00+00:00,2.38,0.0,5.2
2025-04-06T20:00:00+00:00,2.62,0.0,4.1
2025-04-06T21:00:00+00:00,2.64,0.0,4.0
2025-04-06T22:00:00+00:00,2.85,0.0,2.5
2025-04-06T23:00:00+00:00,2.81,0.0,2.6
2025-04-07T00:00:00+00:00,2.87,0.0,2.8
2025-04-07T01:00:00+00:00,3.05,2.0,3.0
2025-04-07T02:00:00+00:00,3.47,51.0,6.2
2025-04-07T03:00:00+00:00,4.02,144.0,6.9
2025-04-07T04:00:00+00:00,3.96,241.0,7.3
2025-04-07T05:00:00+00:00,3.91,319.0,11.8
2025-04-07T06:00:00+00:00,3.9,401.0,12.6
2025-04-07T07:00:00+00:00,4.09,493.0,13.9
2025-04-07T08:00:00+00:00,4.46,544.0,15.8
2025-04-07T09:00:00+00:00,4.52,543.0,15.6
2025-04-07T10:00:00+00:00,5.03,378.0,16.1
2025-04-07T11:00:00+00:00,4.31,226.0,15.3
2025-04-07T12:00:00+00:00,4.87,140.0,14.6
2025-04-07T13:00:00+00:00,4.92,81.0,14.3
2025-04-07T14:00:00+00:00,4.95,15.0,11.6
2025-04-07T15:00:00+00:00,4.92,0.0,10.9
2025-04-07T16:00:00+00:00,4.13,0.0,10.6
2025-04-07T17:00:00+00:00,3.38,0.0,9.0
2025-04-07T18:00:00+00:00,2.55,0.0,9.3
2025-04-07T19:00:00+00:00,1.82,0.0,9.3
2025-04-07T20:00:00+00:00,1.54,0.0,8.5
2025-04-07T21:00:00+00:00,1.85,0.0,8.6
2025-04-07T22:00:00+00:00,1.15,0.0,8.5
2025-04-07T23:00:00+00:00,1.48,0.0,7.7
2025-04-08T00:00:00+00:00,1.77,0.0,8.2
2025-04-08T01:00:00+00:00,2.5,1.0,8.2
2025-04-08T02:00:00+00:00,2.8,30.0,8.6
2025-04-08T03:00:00+00:00,3.43,88.0,8.9
2025-04-08T04:00:00+00:00,3.86,218.0,9.3
2025-04-08T05:00:00+00:00,3.49,443.0,13.2
2025-04-08T06:00:00+00:00,3.65,637.0,14.0
2025-04-08T07:00:00+00:00,4.05,696.0,14.7
2025-04-08T08:00:00+00:00,4.54,733.0,17.3
2025-04-08T09:00:00+00:00,4.8,689.0,17.5
2025-04-08T10:00:00+00:00,4.68,547.0,17.3
2025-04-08T11:00:00+00:00,4.33,476.0,17.2
2025-04-08T12:00:00+00:00,3.55,319.0,17.2
2025-04-08T13:00:00+00:00,3.04,178.0,16.8
2025-04-08T14:00:00+00:00,3.15,42.0,12.8
2025-04-08T15:00:00+00:00,3.02,0.0,11.9
2025-04-08T16:00:00+00:00,2.71,0.0,11.2
2025-04-08T17:00:00+00:00,2.6,0.0,7.7
2025-04-08T18:00:00+00:00,2.84,0.0,7.1
2025-04-08T19:00:00+00:00,3.1,0.0,7.1
2025-04-08T20:00:00+00:00,2.86,0.0,6.3
2025-04-08T21:00:00+00:00,2.23,0.0,8.0
2025-04-08T22:00:00+00:00,1.41,0.0,7.3
2025-04-08T23:00:00+00:00,0.47,0.0,7.2
2025-04-09T00:00:00+00:00,0.3,0.0,6.0
2025-04-09T01:00:00+00:00,0.14,3.0,4.9
2025-04-09T02:00:00+00:00,0.75,63.0,8.0
2025-04-09T03:00:00+00:00,0.72,207.0,8.9
2025-04-09T04:00:00+00:00,0.51,383.0,9.5
2025-04-09T05:00:00+00:00,0.56,529.0,15.5
2025-04-09T06:00:00+00:00,0.81,620.0,15.9
2025-04-09T07:00:00+00:00,0.93,711.0,16.5
2025-04-09T08:00:00+00:00,1.23,728.0,18.5
2025-04-09T09:00:00+00:00,1.5,694.0,18.4
2025-04-09T10:00:00+00:00,1.88,568.0,18.7
2025-04-09T11:00:00+00:00,1.75,448.0,18.7
2025-04-09T12:00:00+00:00,1.7,289.0,17.7
2025-04-09T13:00:00+00:00,1.91,160.0,17.5
2025-04-09T14:00:00+00:00,2.48,37.0,11.2
2025-04-09T15:00:00+00:00,2.79,0.0,10.9
2025-04-09T16:00:00+00:00,2.52,0.0,11.0
2025-04-09T17:00:00+00:00,2.66,0.0,8.4
2025-04-09T18:00:00+00:00,2.75,0.0,8.1
2025-04-09T19:00:00+00:00,2.67,0.0,8.1
2025-04-09T20:00:00+00:00,2.36,0.0,7.4
2025-04-09T21:00:00+00:00,2.67,0.0,7.3
2025-04-09T22:00:00+00:00,3.12,0.0,6.7
2025-04-09T23:00:00+00:00,3.41,0.0,7.0
2025-04-10T00:00:00+00:00,3.69,0.0,7.2
2025-04-10T01:00:00+00:00,3.79,4.0,7.3
2025-04-10T02:00:00+00:00,4.0,82.0,10.3
2025-04-10T03:00:00+00:00,4.25,214.0,10.9
2025-04-10T04:00:00+00:00,4.27,369.0,12.1
2025-04-10T05:00:00+00:00,4.51,530.0,17.9
2025-04-10T06:00:00+00:00,4.8,631.0,18.6
2025-04-10T07:00:00+00:00,5.1,538.0,19.0
2025-04-10T08:00:00+00:00,5.04,524.0,19.1
2025-04-10T09:00:00+00:00,4.71,444.0,17.7
2025-04-10T10:00:00+00:00,3.94,334.0,19.2
2025-04-10T11:00:00+00:00,3.58,167.0,18.0
2025-04-10T12:00:00+00:00,2.93,148.0,17.9
2025-04-10T13:00:00+00:00,1.92,52.0,17.4
2025-04-10T14:00:00+00:00,2.23,16.0,15.5
2025-04-10T15:00:00+00:00,3.42,0.0,15.1
2025-04-10T16:00:00+00:00,4.46,0.0,15.2
2025-04-10T17:00:00+00:00,4.97,0.0,14.0
2025-04-10T18:00:00+00:00,5.36,0.0,13.9
2025-04-10T19:00:00+00:00,5.36,0.0,13.8
2025-04-10T20:00:00+00:00,5.42,0.0,12.8
2025-04-10T21:00:00+00:00,5.21,0.0,12.8
2025-04-10T22:00:00+00:00,5.41,0.0,11.4
2025-04-10T23:00:00+00:00,5.56,0.0,11.5
2025-04-11T00:00:00+00:00,6.05,0.0,12.2
2025-04-11T01:00:00+00:00,6.0,2.0,12.4
2025-04-11T02:00:00+00:00,6.2,63.0,13.8
2025-04-11T03:00:00+00:00,6.36,181.0,13.8
2025-04-11T04:00:00+00:00,6.21,327.0,13.9
2025-04-11T05:00:00+00:00,6.74,490.0,17.9
2025-04-11T06:00:00+00:00,6.87,531.0,18.5
2025-04-11T07:00:00+00:00,6.95,662.0,18.6
2025-04-11T08:00:00+00:00,7.03,666.0,21.4
2025-04-11T09:00:00+00:00,6.79,639.0,21.7
2025-04-11T10:00:00+00:00,6.56,549.0,22.2
2025-04-11T11:00:00+00:00,5.63,431.0,22.1
2025-04-11T12:00:00+00:00,4.64,294.0,22.0
2025-04-11T13:00:00+00:00,4.1,171.0,21.1
2025-04-11T14:00:00+00:00,3.62,47.0,15.9
2025-04-11T15:00:00+00:00,3.87,0.0,15.6
2025-04-11T16:00:00+00:00,4.24,0.0,15.2
2025-04-11T17:00:00+00:00,4.71,0.0,13.3
2025-04-11T18:00:00+00:00,5.22,0.0,13.4
2025-04-11T19:00:00+00:00,5.71,0.0,13.6
2025-04-11T20:00:00+00:00,6.12,0.0,13.4
2025-04-11T21:00:00+00:00,6.35,0.0,13.2
2025-04-11T22:00:00+00:00,6.91,0.0,12.6
2025-04-11T23:00:00+00:00,6.61,0.0,12.7
2025-04-12T00:00:00+00:00,6.32,0.0,12.7
2025-04-12T01:00:00+00:00,5.8,6.0,12.9
2025-04-12T02:00:00+00:00,5.44,86.0,14.5
2025-04-12T03:00:00+00:00,4.98,218.0,14.8
2025-04-12T04:00:00+00:00,5.1,367.0,15.1
2025-04-12T05:00:00+00:00,5.24,499.0,18.5
2025-04-12T06:00:00+00:00,4.56,569.0,18.7
2025-04-12T07:00:00+00:00,4.19,644.0,18.8
2025-04-12T08:00:00+00:00,4.25,703.0,19.8
2025-04-12T09:00:00+00:00,4.49,628.0,20.7
2025-04-12T10:00:00+00:00,4.56,535.0,19.5
2025-04-12T11:00:00+00:00,4.19,424.0,19.3
2025-04-12T12:00:00+00:00,4.08,318.0,18.8
2025-04-12T13:00:00+00:00,4.17,171.0,18.5
2025-04-12T14:00:00+00:00,3.71,48.0,14.0
2025-04-12T15:00:00+00:00,3.71,0.0,13.5
2025-04-12T16:00:00+00:00,3.69,0.0,12.8
2025-04-12T17:00:00+00:00,3.65,0.0,9.3
2025-04-12T18:00:00+00:00,3.55,0.0,8.8
2025-04-12T19:00:00+00:00,3.35,0.0,8.4
2025-04-12T20:00:00+00:00,3.07,0.0,7.0
2025-04-12T21:00:00+00:00,2.9,0.0,7.0
2025-04-12T22:00:00+00:00,3.05,0.0,6.4
2025-04-12T23:00:00+00:00,3.36,0.0,6.3
2025-04-13T00:00:00+00:00,3.15,0.0,6.3
2025-04-13T01:00:00+00:00,3.48,2.0,5.8
2025-04-13T02:00:00+00:00,2.71,25.0,5.8
2025-04-13T03:00:00+00:00,3.52,60.0,5.4
2025-04-13T04:00:00+00:00,3.97,164.0,5.5
2025-04-13T05:00:00+00:00,4.41,218.0,6.6
2025-04-13T06:00:00+00:00,4.54,349.0,6.7
2025-04-13T07:00:00+00:00,4.41,301.0,7.0
2025-04-13T08:00:00+00:00,4.41,402.0,8.3
2025-04-13T09:00:00+00:00,4.2,307.0,8.3
2025-04-13T10:00:00+00:00,4.06,245.0,8.4
2025-04-13T11:00:00+00:00,3.55,170.0,8.5
2025-04-13T12:00:00+00:00,2.79,85.0,8.2
2025-04-13T13:00:00+00:00,3.22,28.0,7.8
2025-04-13T14:00:00+00:00,3.9,5.0,6.3
2025-04-13T15:00:00+00:00,3.85,0.0,6.2
2025-04-13T16:00:00+00:00,3.69,0.0,6.2
2025-04-13T17:00:00+00:00,3.42,0.0,5.3
2025-04-13T18:00:00+00:00,3.19,0.0,5.4
2025-04-13T19:00:00+00:00,3.32,0.0,5.4
2025-04-13T20:00:00+00:00,3.81,0.0,4.7
2025-04-13T21:00:00+00:00,3.88,0.0,4.5
2025-04-13T22:00:00+00:00,3.4,0.0,4.2
2025-04-13T23:00:00+00:00,2.55,0.0,3.9
2025-04-14T00:00:00+00:00,1.93,0.0,3.3
2025-04-14T01:00:00+00:00,1.5,8.0,2.6
2025-04-14T02:00:00+00:00,1.41,111.0,5.9
2025-04-14T03:00:00+00:00,1.22,276.0,6.7
2025-04-14T04:00:00+00:00,1.32,438.0,7.1
2025-04-14T05:00:00+00:00,1.44,579.0,11.3
2025-04-14T06:00:00+00:00,1.23,680.0,11.7
2025-04-14T07:00:00+00:00,0.92,733.0,11.7
2025-04-14T08:00:00+00:00,0.78,716.0,13.5
2025-04-14T09:00:00+00:00,0.9,633.0,13.5
2025-04-14T10:00:00+00:00,1.68,491.0,13.2
2025-04-14T11:00:00+00:00,2.16,285.0,13.0
2025-04-14T12:00:00+00:00,2.16,226.0,13.2
2025-04-14T13:00:00+00:00,1.62,110.0,13.4
2025-04-14T14:00:00+00:00,1.85,30.0,10.5
2025-04-14T15:00:00+00:00,2.2,0.0,10.1
2025-04-14T16:00:00+00:00,2.39,0.0,9.7
2025-04-14T17:00:00+00:00,2.45,0.0,6.7
2025-04-14T18:00:00+00:00,2.41,0.0,7.2
2025-04-14T19:00:00+00:00,2.12,0.0,6.8
2025-04-14T20:00:00+00:00,2.06,0.0,5.8
2025-04-14T21:00:00+00:00,1.95,0.0,5.6
2025-04-14T22:00:00+00:00,1.1,0.0,5.0
2025-04-14T23:00:00+00:00,1.08,0.0,4.5
2025-04-15T00:00:00+00:00,0.95,0.0,5.1
2025-04-15T01:00:00+00:00,0.89,8.0,5.0
2025-04-15T02:00:00+00:00,0.95,83.0,6.8
2025-04-15T03:00:00+00:00,0.75,185.0,8.6
2025-04-15T04:00:00+00:00,0.72,335.0,9.1
2025-04-15T05:00:00+00:00,0.49,454.0,12.1
2025-04-15T06:00:00+00:00,0.81,530.0,11.7
2025-04-15T07:00:00+00:00,1.68,648.0,12.2
2025-04-15T08:00:00+00:00,2.41,674.0,13.4
2025-04-15T09:00:00+00:00,3.2,571.0,12.8
2025-04-15T10:00:00+00:00,3.4,397.0,10.6
2025-04-15T11:00:00+00:00,4.5,310.0,9.1
2025-04-15T12:00:00+00:00,4.51,142.0,8.5
2025-04-15T13:00:00+00:00,3.86,114.0,8.8
2025-04-15T14:00:00+00:00,3.42,43.0,7.6
2025-04-15T15:00:00+00:00,3.29,1.0,7.2
2025-04-15T16:00:00+00:00,3.2,0.0,6.8
2025-04-15T17:00:00+00:00,3.36,0.0,5.3
2025-04-15T18:00:00+00:00,3.45,0.0,5.2
2025-04-15T19:00:00+00:00,3.45,0.0,5.2
2025-04-15T20:00:00+00:00,3.35,0.0,3.6
2025-04-15T21:00:00+00:00,3.2,0.0,3.3
2025-04-15T22:00:00+00:00,2.88,0.0,1.5
2025-04-15T23:00:00+00:00,2.62,0.0,1.1
2025-04-16T00:00:00+00:00,2.11,0.0,0.9
2025-04-16T01:00:00+00:00,1.99,11.0,1.2
2025-04-16T02:00:00+00:00,1.97,107.0,4.1
2025-04-16T03:00:00+00:00,1.82,252.0,4.4
2025-04-16T04:00:00+00:00,2.22,406.0,5.1
2025-04-16T05:00:00+00:00,3.91,533.0,9.3
2025-04-16T06:00:00+00:00,4.06,636.0,9.5
2025-04-16T07:00:00+00:00,4.21,733.0,10.0
2025-04-16T08:00:00+00:00,4.55,784.0,12.2
2025-04-16T09:00:00+00:00,4.93,748.0,12.6
2025-04-16T10:00:00+00:00,5.46,662.0,13.5
2025-04-16T11:00:00+00:00,5.77,537.0,13.6
2025-04-16T12:00:00+00:00,5.87,384.0,13.6
2025-04-16T13:00:00+00:00,4.9,216.0,13.6
2025-04-16T14:00:00+00:00,4.44,67.0,10.5
2025-04-16T15:00:00+00:00,4.38,1.0,9.9
2025-04-16T16:00:00+00:00,4.69,0.0,9.5
2025-04-16T17:00:00+00:00,5.11,0.0,7.7
2025-04-16T18:00:00+00:00,5.43,0.0,7.8
2025-04-16T19:00:00+00:00,5.48,0.0,7.5
2025-04-16T20:00:00+00:00,5.34,0.0,6.2
2025-04-16T21:00:00+00:00,5.22,0.0,6.2
2025-04-16T22:00:00+00:00,5.34,0.0,5.5
2025-04-16T23:00:00+00:00,5.04,0.0,5.8
2025-04-17T00:00:00+00:00,4.72,0.0,5.5
2025-04-17T01:00:00+00:00,5.12,13.0,5.6
2025-04-17T02:00:00+00:00,5.4,117.0,7.2
2025-04-17T03:00:00+00:00,7.36,278.0,7.3
2025-04-17T04:00:00+00:00,7.63,435.0,7.0
2025-04-17T05:00:00+00:00,7.53,574.0,7.7
2025-04-17T06:00:00+00:00,7.83,681.0,7.9
2025-04-17T07:00:00+00:00,8.23,668.0,7.5
2025-04-17T08:00:00+00:00,7.71,655.0,5.8
2025-04-17T09:00:00+00:00,7.41,642.0,5.5
2025-04-17T10:00:00+00:00,7.38,606.0,5.3
2025-04-17T11:00:00+00:00,7.47,484.0,5.3
2025-04-17T12:00:00+00:00,6.98,352.0,4.8
2025-04-17T13:00:00+00:00,6.32,207.0,4.5
2025-04-17T14:00:00+00:00,4.97,67.0,2.0
2025-04-17T15:00:00+00:00,3.23,1.0,1.8
2025-04-17T16:00:00+00:00,1.88,0.0,0.6
2025-04-17T17:00:00+00:00,1.96,0.0,-2.1
2025-04-17T18:00:00+00:00,2.01,0.0,-2.0
2025-04-17T19:00:00+00:00,2.36,0.0,-1.4
2025-04-17T20:00:00+00:00,2.35,0.0,-2.2
2025-04-17T21:00:00+00:00,2.55,0.0,-2.4
2025-04-17T22:00:00+00:00,2.55,0.0,-2.4
2025-04-17T23:00:00+00:00,2.75,0.0,-2.2
2025-04-18T00:00:00+00:00,2.75,0.0,-2.2
2025-04-18T01:00:00+00:00,3.0,15.0,-1.9
2025-04-18T02:00:00+00:00,3.42,115.0,2.0
2025-04-18T03:00:00+00:00,4.33,252.0,2.4
2025-04-18T04:00:00+00:00,5.66,370.0,2.5
2025-04-18T05:00:00+00:00,6.49,411.0,4.2
2025-04-18T06:00:00+00:00,6.9,598.0,4.5
2025-04-18T07:00:00+00:00,6.91,617.0,4.5
2025-04-18T08:00:00+00:00,6.91,686.0,5.1
2025-04-18T09:00:00+00:00,6.58,600.0,5.2
2025-04-18T10:00:00+00:00,6.12,549.0,5.4
2025-04-18T11:00:00+00:00,5.81,460.0,5.6
2025-04-18T12:00:00+00:00,5.31,324.0,5.3
2025-04-18T13:00:00+00:00,4.4,191.0,5.7
2025-04-18T14:00:00+00:00,4.82,57.0,2.3
2025-04-18T15:00:00+00:00,4.65,2.0,1.7
2025-04-18T16:00:00+00:00,4.09,0.0,1.2
2025-04-18T17:00:00+00:00,3.7,0.0,-1.8
2025-04-18T18:00:00+00:00,3.44,0.0,-2.0
2025-04-18T19:00:00+00:00,3.23,0.0,-2.0
2025-04-18T20:00:00+00:00,2.76,0.0,-4.3
2025-04-18T21:00:00+00:00,2.29,0.0,-5.1
2025-04-18T22:00:00+00:00,1.9,0.0,-6.5
2025-04-18T23:00:00+00:00,1.56,0.0,-6.8
2025-04-19T00:00:00+00:00,1.76,0.0,-7.3
2025-04-19T01:00:00+00:00,1.64,19.0,-6.1
2025-04-19T02:00:00+00:00,2.05,137.0,-2.8
2025-04-19T03:00:00+00:00,2.15,291.0,-2.5
2025-04-19T04:00:00+00:00,1.92,460.0,-2.2
2025-04-19T05:00:00+00:00,1.71,624.0,1.4
2025-04-19T06:00:00+00:00,1.63,733.0,1.6
2025-04-19T07:00:00+00:00,1.45,804.0,2.0
2025-04-19T08:00:00+00:00,1.35,816.0,4.5
2025-04-19T09:00:00+00:00,1.43,777.0,5.0
2025-04-19T10:00:00+00:00,1.77,690.0,5.9
2025-04-19T11:00:00+00:00,2.01,558.0,6.1
2025-04-19T12:00:00+00:00,2.17,372.0,6.2
2025-04-19T13:00:00+00:00,1.79,196.0,6.6
2025-04-19T14:00:00+00:00,2.05,62.0,5.1
2025-04-19T15:00:00+00:00,2.75,2.0,5.2
2025-04-19T16:00:00+00:00,3.16,0.0,5.4
2025-04-19T17:00:00+00:00,3.52,0.0,5.5
2025-04-19T18:00:00+00:00,3.63,0.0,5.6
2025-04-19T19:00:00+00:00,3.7,0.0,5.2
2025-04-19T20:00:00+00:00,3.94,0.0,4.8
2025-04-19T21:00:00+00:00,4.33,0.0,4.5
2025-04-19T22:00:00+00:00,4.82,0.0,5.0
2025-04-19T23:00:00+00:00,4.92,0.0,4.8
2025-04-20T00:00:00+00:00,4.72,0.0,4.8
2025-04-20T01:00:00+00:00,4.83,16.0,5.2
2025-04-20T02:00:00+00:00,5.3,99.0,9.4
2025-04-20T03:00:00+00:00,5.56,219.0,10.4
2025-04-20T04:00:00+00:00,6.01,362.0,11.5
2025-04-20T05:00:00+00:00,7.05,510.0,18.3
2025-04-20T06:00:00+00:00,7.39,647.0,18.5
2025-04-20T07:00:00+00:00,7.38,767.0,18.7
2025-04-20T08:00:00+00:00,7.59,782.0,21.5
2025-04-20T09:00:00+00:00,8.22,747.0,21.6
2025-04-20T10:00:00+00:00,7.57,631.0,22.2
2025-04-20T11:00:00+00:00,7.04,501.0,22.5
2025-04-20T12:00:00+00:00,6.07,292.0,22.4
2025-04-20T13:00:00+00:00,5.68,161.0,21.9
2025-04-20T14:00:00+00:00,5.48,58.0,18.5
2025-04-20T15:00:00+00:00,5.58,2.0,18.4
2025-04-20T16:00:00+00:00,5.64,0.0,17.9
2025-04-20T17:00:00+00:00,5.67,0.0,14.9
2025-04-20T18:00:00+00:00,5.57,0.0,14.8
2025-04-20T19:00:00+00:00,5.52,0.0,14.8
2025-04-20T20:00:00+00:00,5.44,0.0,13.6
2025-04-20T21:00:00+00:00,5.33,0.0,13.5
2025-04-20T22:00:00+00:00,5.18,0.0,12.3
2025-04-20T23:00:00+00:00,4.83,0.0,12.1
2025-04-21T00:00:00+00:00,4.4,0.0,12.0
2025-04-21T01:00:00+00:00,4.09,21.0,11.9
2025-04-21T02:00:00+00:00,4.01,136.0,13.9
2025-04-21T03:00:00+00:00,3.67,292.0,14.4
2025-04-21T04:00:00+00:00,3.36,452.0,14.9
2025-04-21T05:00:00+00:00,2.78,578.0,18.1
2025-04-21T06:00:00+00:00,2.37,589.0,18.1
2025-04-21T07:00:00+00:00,2.35,638.0,18.0
2025-04-21T08:00:00+00:00,2.1,627.0,19.9
2025-04-21T09:00:00+00:00,2.25,553.0,19.9
2025-04-21T10:00:00+00:00,2.69,444.0,18.9
2025-04-21T11:00:00+00:00,2.92,426.0,18.9
2025-04-21T12:00:00+00:00,3.54,222.0,18.6
2025-04-21T13:00:00+00:00,3.36,102.0,18.4
2025-04-21T14:00:00+00:00,3.33,46.0,15.5
2025-04-21T15:00:00+00:00,3.48,2.0,15.4
2025-04-21T16:00:00+00:00,3.56,0.0,14.9
2025-04-21T17:00:00+00:00,3.26,0.0,12.6
2025-04-21T18:00:00+00:00,2.93,0.0,12.4
2025-04-21T19:00:00+00:00,2.72,0.0,12.2
2025-04-21T20:00:00+00:00,2.67,0.0,11.1
2025-04-21T21:00:00+00:00,2.56,0.0,11.2
2025-04-21T22:00:00+00:00,1.63,0.0,9.8
2025-04-21T23:00:00+00:00,1.64,0.0,9.7
2025-04-22T00:00:00+00:00,1.53,0.0,9.4
2025-04-22T01:00:00+00:00,1.43,20.0,9.3
2025-04-22T02:00:00+00:00,1.23,129.0,12.5
2025-04-22T03:00:00+00:00,1.32,288.0,12.9
2025-04-22T04:00:00+00:00,1.89,444.0,13.7
2025-04-22T05:00:00+00:00,2.4,570.0,19.1
2025-04-22T06:00:00+00:00,2.9,698.0,20.3
2025-04-22T07:00:00+00:00,3.26,744.0,20.5
2025-04-22T08:00:00+00:00,3.36,754.0,22.6
2025-04-22T09:00:00+00:00,3.46,694.0,22.7
2025-04-22T10:00:00+00:00,3.4,617.0,22.2
2025-04-22T11:00:00+00:00,3.09,511.0,22.4
2025-04-22T12:00:00+00:00,2.79,353.0,22.2
2025-04-22T13:00:00+00:00,1.76,192.0,22.3
2025-04-22T14:00:00+00:00,2.41,70.0,17.0
2025-04-22T15:00:00+00:00,2.29,3.0,15.9
2025-04-22T16:00:00+00:00,2.87,0.0,15.7
2025-04-22T17:00:00+00:00,3.24,0.0,13.8
2025-04-22T18:00:00+00:00,3.16,0.0,13.7
2025-04-22T19:00:00+00:00,2.98,0.0,13.7
2025-04-22T20:00:00+00:00,2.83,0.0,12.2
2025-04-22T21:00:00+00:00,2.74,0.0,11.6
2025-04-22T22:00:00+00:00,2.74,0.0,10.9
2025-04-22T23:00:00+00:00,2.68,0.0,10.8
2025-04-23T00:00:00+00:00,2.55,0.0,10.6
2025-04-23T01:00:00+00:00,2.49,26.0,10.7
2025-04-23T02:00:00+00:00,3.02,147.0,14.5
2025-04-23T03:00:00+00:00,2.69,298.0,15.4
2025-04-23T04:00:00+00:00,2.88,451.0,16.4
2025-04-23T05:00:00+00:00,3.34,590.0,22.3
2025-04-23T06:00:00+00:00,3.76,695.0,22.8
2025-04-23T07:00:00+00:00,4.39,730.0,23.2
2025-04-23T08:00:00+00:00,5.44,693.0,24.0
2025-04-23T09:00:00+00:00,5.45,634.0,24.0
2025-04-23T10:00:00+00:00,5.32,574.0,22.6
2025-04-23T11:00:00+00:00,5.17,529.0,21.5
2025-04-23T12:00:00+00:00,3.81,285.0,21.3
2025-04-23T13:00:00+00:00,2.8,154.0,21.1
2025-04-23T14:00:00+00:00,2.13,56.0,17.1
2025-04-23T15:00:00+00:00,2.74,3.0,18.2
2025-04-23T16:00:00+00:00,2.42,0.0,18.8
2025-04-23T17:00:00+00:00,3.09,0.0,11.1
2025-04-23T18:00:00+00:00,4.35,0.0,11.9
2025-04-23T19:00:00+00:00,5.01,0.0,11.5
2025-04-23T20:00:00+00:00,5.06,0.0,8.4
2025-04-23T21:00:00+00:00,4.76,0.0,8.0
2025-04-23T22:00:00+00:00,4.72,0.0,6.4
2025-04-23T23:00:00+00:00,4.47,0.0,6.1
2025-04-24T00:00:00+00:00,4.58,0.0,6.0
2025-04-24T01:00:00+00:00,4.82,27.0,5.6
2025-04-24T02:00:00+00:00,5.13,147.0,7.5
2025-04-24T03:00:00+00:00,5.1,302.0,7.8
2025-04-24T04:00:00+00:00,4.71,465.0,8.1
2025-04-24T05:00:00+00:00,4.36,605.0,12.6
2025-04-24T06:00:00+00:00,4.34,710.0,12.9
2025-04-24T07:00:00+00:00,4.07,715.0,13.5
2025-04-24T08:00:00+00:00,4.0,754.0,16.7
2025-04-24T09:00:00+00:00,4.07,746.0,17.0
2025-04-24T10:00:00+00:00,4.33,664.0,18.6
2025-04-24T11:00:00+00:00,3.98,543.0,18.6
2025-04-24T12:00:00+00:00,3.65,393.0,18.6
2025-04-24T13:00:00+00:00,2.82,233.0,18.6
2025-04-24T14:00:00+00:00,2.84,86.0,15.0
2025-04-24T15:00:00+00:00,3.27,5.0,14.5
2025-04-24T16:00:00+00:00,3.3,0.0,14.0
2025-04-24T17:00:00+00:00,3.3,0.0,11.3
2025-04-24T18:00:00+00:00,3.26,0.0,10.9
2025-04-24T19:00:00+00:00,3.09,0.0,10.8
2025-04-24T20:00:00+00:00,2.82,0.0,9.4
2025-04-24T21:00:00+00:00,2.73,0.0,9.1
2025-04-24T22:00:00+00:00,2.73,0.0,7.9
2025-04-24T23:00:00+00:00,2.68,0.0,7.6
2025-04-25T00:00:00+00:00,2.57,0.0,7.5
2025-04-25T01:00:00+00:00,2.85,30.0,7.9
2025-04-25T02:00:00+00:00,3.06,150.0,12.6
2025-04-25T03:00:00+00:00,2.8,312.0,13.2
2025-04-25T04:00:00+00:00,2.76,471.0,14.1
2025-04-25T05:00:00+00:00,2.8,610.0,20.1
2025-04-25T06:00:00+00:00,2.95,714.0,21.2
2025-04-25T07:00:00+00:00,3.25,776.0,21.8
2025-04-25T08:00:00+00:00,3.76,790.0,23.9
2025-04-25T09:00:00+00:00,3.91,698.0,24.0
2025-04-25T10:00:00+00:00,4.49,615.0,23.9
2025-04-25T11:00:00+00:00,3.85,524.0,23.8
2025-04-25T12:00:00+00:00,2.75,376.0,24.0
2025-04-25T13:00:00+00:00,1.55,221.0,23.5
2025-04-25T14:00:00+00:00,2.17,86.0,18.8
2025-04-25T15:00:00+00:00,2.57,5.0,17.8
2025-04-25T16:00:00+00:00,2.78,0.0,18.0
2025-04-25T17:00:00+00:00,2.82,0.0,15.1
2025-04-25T18:00:00+00:00,2.88,0.0,14.8
2025-04-25T19:00:00+00:00,3.13,0.0,14.7
2025-04-25T20:00:00+00:00,3.41,0.0,13.7
2025-04-25T21:00:00+00:00,3.5,0.0,13.8
2025-04-25T22:00:00+00:00,3.87,0.0,13.1
2025-04-25T23:00:00+00:00,4.01,0.0,13.0
2025-04-26T00:00:00+00:00,3.89,0.0,12.9
2025-04-26T01:00:00+00:00,4.06,29.0,12.8
2025-04-26T02:00:00+00:00,4.7,147.0,16.1
2025-04-26T03:00:00+00:00,4.8,288.0,16.6
2025-04-26T04:00:00+00:00,5.21,420.0,17.1
2025-04-26T05:00:00+00:00,5.78,560.0,21.7
2025-04-26T06:00:00+00:00,6.41,674.0,22.1
2025-04-26T07:00:00+00:00,7.0,770.0,22.5
2025-04-26T08:00:00+00:00,7.36,776.0,24.5
2025-04-26T09:00:00+00:00,7.43,718.0,24.5
2025-04-26T10:00:00+00:00,7.93,607.0,24.7
2025-04-26T11:00:00+00:00,7.05,527.0,25.0
2025-04-26T12:00:00+00:00,6.25,376.0,25.1
2025-04-26T13:00:00+00:00,5.8,226.0,25.1
2025-04-26T14:00:00+00:00,5.07,75.0,21.6
2025-04-26T15:00:00+00:00,3.82,5.0,21.0
2025-04-26T16:00:00+00:00,2.92,0.0,19.6
2025-04-26T17:00:00+00:00,2.55,0.0,15.2
2025-04-26T18:00:00+00:00,2.5,0.0,16.0
2025-04-26T19:00:00+00:00,1.97,0.0,15.7
2025-04-26T20:00:00+00:00,0.39,0.0,13.1
2025-04-26T21:00:00+00:00,1.4,0.0,13.7
2025-04-26T22:00:00+00:00,2.27,0.0,13.0
2025-04-26T23:00:00+00:00,2.42,0.0,13.0
2025-04-27T00:00:00+00:00,2.85,0.0,13.8
2025-04-27T01:00:00+00:00,3.19,17.0,14.1
2025-04-27T02:00:00+00:00,3.51,82.0,15.7
2025-04-27T03:00:00+00:00,3.1,142.0,15.2
2025-04-27T04:00:00+00:00,2.56,247.0,15.3
2025-04-27T05:00:00+00:00,2.44,429.0,19.2
2025-04-27T06:00:00+00:00,1.12,521.0,19.7
2025-04-27T07:00:00+00:00,1.41,374.0,19.2
2025-04-27T08:00:00+00:00,0.97,636.0,21.4
2025-04-27T09:00:00+00:00,1.2,664.0,21.4
2025-04-27T10:00:00+00:00,1.5,514.0,21.1
2025-04-27T11:00:00+00:00,3.49,405.0,21.3
2025-04-27T12:00:00+00:00,3.92,286.0,20.4
2025-04-27T13:00:00+00:00,3.48,157.0,20.4
2025-04-27T14:00:00+00:00,3.21,84.0,17.7
2025-04-27T15:00:00+00:00,2.92,6.0,17.6
2025-04-27T16:00:00+00:00,2.76,0.0,17.6
2025-04-27T17:00:00+00:00,3.07,0.0,14.8
2025-04-27T18:00:00+00:00,3.2,0.0,14.6
2025-04-27T19:00:00+00:00,3.2,0.0,14.5
2025-04-27T20:00:00+00:00,3.3,0.0,12.9
2025-04-27T21:00:00+00:00,3.29,0.0,12.6
2025-04-27T22:00:00+00:00,2.95,0.0,11.8
2025-04-27T23:00:00+00:00,2.85,0.0,11.5
2025-04-28T00:00:00+00:00,2.48,0.0,11.3
2025-04-28T01:00:00+00:00,2.96,36.0,11.5
2025-04-28T02:00:00+00:00,3.18,158.0,15.4
2025-04-28T03:00:00+00:00,3.69,313.0,16.0
2025-04-28T04:00:00+00:00,4.29,475.0,16.4
2025-04-28T05:00:00+00:00,5.09,581.0,20.9
2025-04-28T06:00:00+00:00,6.16,664.0,21.1
2025-04-28T07:00:00+00:00,6.55,592.0,20.8
2025-04-28T08:00:00+00:00,6.95,589.0,22.3
2025-04-28T09:00:00+00:00,7.7,707.0,23.1
2025-04-28T10:00:00+00:00,10.27,602.0,24.1
2025-04-28T11:00:00+00:00,9.05,434.0,24.8
2025-04-28T12:00:00+00:00,8.28,337.0,24.4
2025-04-28T13:00:00+00:00,7.38,233.0,23.2
2025-04-28T14:00:00+00:00,6.15,98.0,18.2
2025-04-28T15:00:00+00:00,5.43,8.0,18.1
2025-04-28T16:00:00+00:00,5.23,0.0,17.7
2025-04-28T17:00:00+00:00,5.45,0.0,13.8
2025-04-28T18:00:00+00:00,5.52,0.0,14.0
2025-04-28T19:00:00+00:00,5.6,0.0,13.8
2025-04-28T20:00:00+00:00,5.71,0.0,10.5
2025-04-28T21:00:00+00:00,5.85,0.0,10.1
2025-04-28T22:00:00+00:00,6.5,0.0,6.6
2025-04-28T23:00:00+00:00,6.5,0.0,6.1
2025-04-29T00:00:00+00:00,6.2,0.0,6.6
2025-04-29T01:00:00+00:00,6.28,20.0,6.3
2025-04-29T02:00:00+00:00,6.85,70.0,6.0
2025-04-29T03:00:00+00:00,7.31,223.0,6.0
2025-04-29T04:00:00+00:00,7.8,457.0,6.3
2025-04-29T05:00:00+00:00,8.29,639.0,7.7
2025-04-29T06:00:00+00:00,8.56,776.0,7.8
2025-04-29T07:00:00+00:00,9.91,795.0,7.8
2025-04-29T08:00:00+00:00,11.19,773.0,9.4
2025-04-29T09:00:00+00:00,11.5,717.0,9.9
2025-04-29T10:00:00+00:00,11.88,647.0,9.6
2025-04-29T11:00:00+00:00,12.14,522.0,9.3
2025-04-29T12:00:00+00:00,10.75,386.0,8.5
2025-04-29T13:00:00+00:00,9.8,258.0,8.3
2025-04-29T14:00:00+00:00,8.13,94.0,6.7
2025-04-29T15:00:00+00:00,7.36,10.0,6.4
2025-04-29T16:00:00+00:00,6.91,0.0,6.0
2025-04-29T17:00:00+00:00,6.3,0.0,4.2
2025-04-29T18:00:00+00:00,5.98,0.0,4.3
2025-04-29T19:00:00+00:00,5.65,0.0,4.4
2025-04-29T20:00:00+00:00,5.1,0.0,2.4
2025-04-29T21:00:00+00:00,4.39,0.0,2.2
2025-04-29T22:00:00+00:00,4.14,0.0,0.7
2025-04-29T23:00:00+00:00,4.16,0.0,0.9
2025-04-30T00:00:00+00:00,3.67,0.0,1.0
2025-04-30T01:00:00+00:00,3.41,36.0,0.6
2025-04-30T02:00:00+00:00,4.0,162.0,3.3
2025-04-30T03:00:00+00:00,3.61,329.0,3.5
2025-04-30T04:00:00+00:00,2.89,496.0,3.8
2025-04-30T05:00:00+00:00,2.38,623.0,7.0
2025-04-30T06:00:00+00:00,2.17,753.0,7.4
2025-04-30T07:00:00+00:00,2.17,824.0,7.7
2025-04-30T08:00:00+00:00,2.17,845.0,10.5
2025-04-30T09:00:00+00:00,2.08,804.0,10.9
2025-04-30T10:00:00+00:00,1.76,719.0,12.4
2025-04-30T11:00:00+00:00,1.41,591.0,12.5
2025-04-30T12:00:00+00:00,1.06,433.0,12.4
2025-04-30T13:00:00+00:00,0.65,267.0,12.5
2025-04-30T14:00:00+00:00,0.15,110.0,10.7
2025-04-30T15:00:00+00:00,1.05,11.0,11.2
2025-04-30T16:00:00+00:00,2.16,0.0,9.8
2025-04-30T17:00:00+00:00,2.71,0.0,4.6
2025-04-30T18:00:00+00:00,2.85,0.0,3.2
2025-04-30T19:00:00+00:00,2.8,0.0,3.0
2025-04-30T20:00:00+00:00,2.65,0.0,1.8
2025-04-30T21:00:00+00:00,2.56,0.0,1.8
2025-04-30T22:00:00+00:00,2.45,0.0,0.1
2025-04-30T23:00:00+00:00,2.72,0.0,-0.2
2025-05-01T00:00:00+00:00,2.62,0.0,-0.6
2025-05-01T01:00:00+00:00,2.02,49.0,0.9
2025-05-01T02:00:00+00:00,1.98,188.0,7.5
2025-05-01T03:00:00+00:00,1.99,355.0,8.5
2025-05-01T04:00:00+00:00,2.59,519.0,9.0
2025-05-01T05:00:00+00:00,2.51,660.0,12.7
2025-05-01T06:00:00+00:00,2.23,762.0,12.9
2025-05-01T07:00:00+00:00,2.05,821.0,13.0
2025-05-01T08:00:00+00:00,2.19,809.0,14.7
2025-05-01T09:00:00+00:00,2.25,744.0,14.9
2025-05-01T10:00:00+00:00,2.35,651.0,15.2
2025-05-01T11:00:00+00:00,1.94,494.0,15.2
2025-05-01T12:00:00+00:00,1.58,374.0,15.3
2025-05-01T13:00:00+00:00,0.89,249.0,15.2
2025-05-01T14:00:00+00:00,1.49,103.0,13.4
2025-05-01T15:00:00+00:00,1.81,11.0,13.8
2025-05-01T16:00:00+00:00,2.3,0.0,11.9
2025-05-01T17:00:00+00:00,2.41,0.0,8.0
2025-05-01T18:00:00+00:00,2.15,0.0,7.4
2025-05-01T19:00:00+00:00,2.11,0.0,7.2
2025-05-01T20:00:00+00:00,1.82,0.0,6.3
2025-05-01T21:00:00+00:00,2.26,0.0,6.5
2025-05-01T22:00:00+00:00,2.87,0.0,6.2
2025-05-01T23:00:00+00:00,3.23,0.0,5.8
2025-05-02T00:00:00+00:00,3.19,0.0,5.7
2025-05-02T01:00:00+00:00,2.87,49.0,5.4
2025-05-02T02:00:00+00:00,2.54,182.0,9.3
2025-05-02T03:00:00+00:00,2.91,345.0,9.8
2025-05-02T04:00:00+00:00,3.22,504.0,10.1
2025-05-02T05:00:00+00:00,3.23,644.0,14.3
2025-05-02T06:00:00+00:00,3.35,748.0,14.8
2025-05-02T07:00:00+00:00,4.16,811.0,15.4
2025-05-02T08:00:00+00:00,5.14,772.0,17.0
2025-05-02T09:00:00+00:00,5.48,682.0,16.7
2025-05-02T10:00:00+00:00,5.47,599.0,17.7
2025-05-02T11:00:00+00:00,5.52,491.0,17.4
2025-05-02T12:00:00+00:00,4.97,384.0,17.5
2025-05-02T13:00:00+00:00,3.96,245.0,17.5
2025-05-02T14:00:00+00:00,3.29,103.0,14.2
2025-05-02T15:00:00+00:00,2.6,12.0,13.0
2025-05-02T16:00:00+00:00,2.35,0.0,11.6
2025-05-02T17:00:00+00:00,2.51,0.0,7.8
2025-05-02T18:00:00+00:00,2.53,0.0,7.7
2025-05-02T19:00:00+00:00,2.46,0.0,7.7
2025-05-02T20:00:00+00:00,2.52,0.0,5.6
2025-05-02T21:00:00+00:00,2.49,0.0,5.5
2025-05-02T22:00:00+00:00,2.34,0.0,3.9
2025-05-02T23:00:00+00:00,2.36,0.0,4.0
2025-05-03T00:00:00+00:00,2.31,0.0,3.6
2025-05-03T01:00:00+00:00,3.11,46.0,3.8
2025-05-03T02:00:00+00:00,3.49,166.0,9.1
2025-05-03T03:00:00+00:00,3.89,305.0,9.6
2025-05-03T04:00:00+00:00,3.82,426.0,10.0
2025-05-03T05:00:00+00:00,3.85,650.0,14.7
2025-05-03T06:00:00+00:00,3.9,728.0,15.1
2025-05-03T07:00:00+00:00,3.54,663.0,15.3
2025-05-03T08:00:00+00:00,3.75,724.0,17.2
2025-05-03T09:00:00+00:00,3.72,765.0,16.8
2025-05-03T10:00:00+00:00,4.51,597.0,17.6
2025-05-03T11:00:00+00:00,4.21,304.0,17.6
2025-05-03T12:00:00+00:00,3.65,143.0,17.0
2025-05-03T13:00:00+00:00,3.63,101.0,16.8
2025-05-03T14:00:00+00:00,4.05,54.0,14.7
2025-05-03T15:00:00+00:00,4.54,8.0,15.0
2025-05-03T16:00:00+00:00,4.61,0.0,15.0
2025-05-03T17:00:00+00:00,4.38,0.0,13.0
2025-05-03T18:00:00+00:00,4.29,0.0,12.4
2025-05-03T19:00:00+00:00,4.08,0.0,12.5
2025-05-03T20:00:00+00:00,4.22,0.0,12.2
2025-05-03T21:00:00+00:00,4.35,0.0,12.4
2025-05-03T22:00:00+00:00,5.17,0.0,12.3
2025-05-03T23:00:00+00:00,5.57,0.0,12.2
2025-05-04T00:00:00+00:00,5.58,0.0,12.1
2025-05-04T01:00:00+00:00,5.5,27.0,11.9
2025-05-04T02:00:00+00:00,5.63,76.0,14.5
2025-05-04T03:00:00+00:00,5.24,177.0,14.8
2025-05-04T04:00:00+00:00,5.94,256.0,15.2
2025-05-04T05:00:00+00:00,6.3,425.0,19.5
2025-05-04T06:00:00+00:00,6.34,647.0,20.3
2025-05-04T07:00:00+00:00,6.03,689.0,20.3
2025-05-04T08:00:00+00:00,5.39,684.0,22.2
2025-05-04T09:00:00+00:00,4.81,632.0,22.5
2025-05-04T10:00:00+00:00,4.72,677.0,22.3
2025-05-04T11:00:00+00:00,5.03,561.0,22.4
2025-05-04T12:00:00+00:00,5.28,412.0,22.2
2025-05-04T13:00:00+00:00,5.09,262.0,21.5
2025-05-04T14:00:00+00:00,4.25,110.0,16.9
2025-05-04T15:00:00+00:00,3.78,15.0,16.2
2025-05-04T16:00:00+00:00,3.43,0.0,15.4
2025-05-04T17:00:00+00:00,3.19,0.0,10.5
2025-05-04T18:00:00+00:00,3.02,0.0,10.3
2025-05-04T19:00:00+00:00,2.7,0.0,9.8
2025-05-04T20:00:00+00:00,2.25,0.0,6.5
2025-05-04T21:00:00+00:00,2.45,0.0,5.7
2025-05-04T22:00:00+00:00,2.47,0.0,3.5
2025-05-04T23:00:00+00:00,2.33,0.0,3.8
2025-05-05T00:00:00+00:00,1.93,1.0,4.3
2025-05-05T01:00:00+00:00,2.59,58.0,5.0
2025-05-05T02:00:00+00:00,2.67,193.0,11.9
2025-05-05T03:00:00+00:00,2.8,356.0,12.6
2025-05-05T04:00:00+00:00,3.42,516.0,13.4
2025-05-05T05:00:00+00:00,4.42,654.0,17.4
2025-05-05T06:00:00+00:00,4.36,757.0,17.6
2025-05-05T07:00:00+00:00,4.43,816.0,17.9
2025-05-05T08:00:00+00:00,4.59,827.0,20.3
2025-05-05T09:00:00+00:00,4.87,798.0,20.7
2025-05-05T10:00:00+00:00,5.33,662.0,21.6
2025-05-05T11:00:00+00:00,5.32,416.0,21.5
2025-05-05T12:00:00+00:00,4.29,251.0,21.5
2025-05-05T13:00:00+00:00,3.14,100.0,21.0
2025-05-05T14:00:00+00:00,2.06,76.0,17.6
2025-05-05T15:00:00+00:00,2.59,14.0,16.7
2025-05-05T16:00:00+00:00,2.37,0.0,15.4
2025-05-05T17:00:00+00:00,2.52,0.0,11.4
2025-05-05T18:00:00+00:00,2.57,0.0,11.0
2025-05-05T19:00:00+00:00,2.35,0.0,11.0
2025-05-05T20:00:00+00:00,2.26,0.0,9.7
2025-05-05T21:00:00+00:00,2.28,0.0,9.4
2025-05-05T22:00:00+00:00,2.36,0.0,8.4
2025-05-05T23:00:00+00:00,2.46,0.0,7.9
2025-05-06T00:00:00+00:00,2.19,1.0,7.6
2025-05-06T01:00:00+00:00,2.02,59.0,8.8
2025-05-06T02:00:00+00:00,2.1,194.0,15.2
2025-05-06T03:00:00+00:00,1.53,355.0,16.1
2025-05-06T04:00:00+00:00,1.48,512.0,17.0
2025-05-06T05:00:00+00:00,2.26,646.0,22.6
2025-05-06T06:00:00+00:00,3.41,712.0,22.9
2025-05-06T07:00:00+00:00,3.48,811.0,22.8
2025-05-06T08:00:00+00:00,3.29,821.0,23.7
2025-05-06T09:00:00+00:00,3.17,701.0,23.5
2025-05-06T10:00:00+00:00,3.56,563.0,24.2
2025-05-06T11:00:00+00:00,3.58,444.0,24.1
2025-05-06T12:00:00+00:00,3.11,334.0,24.0
2025-05-06T13:00:00+00:00,2.17,245.0,23.6
2025-05-06T14:00:00+00:00,1.85,117.0,19.8
2025-05-06T15:00:00+00:00,2.44,17.0,19.0
2025-05-06T16:00:00+00:00,2.2,0.0,18.3
2025-05-06T17:00:00+00:00,2.26,0.0,15.4
2025-05-06T18:00:00+00:00,2.56,0.0,15.4
2025-05-06T19:00:00+00:00,2.85,0.0,15.9
2025-05-06T20:00:00+00:00,3.1,0.0,14.5
2025-05-06T21:00:00+00:00,3.16,0.0,14.1
2025-05-06T22:00:00+00:00,3.01,0.0,13.5
2025-05-06T23:00:00+00:00,3.21,0.0,13.6
2025-05-07T00:00:00+00:00,2.95,1.0,13.1
2025-05-07T01:00:00+00:00,2.77,58.0,13.2
2025-05-07T02:00:00+00:00,3.17,175.0,17.4
2025-05-07T03:00:00+00:00,2.77,338.0,18.0
2025-05-07T04:00:00+00:00,2.69,446.0,18.6
2025-05-07T05:00:00+00:00,2.69,534.0,22.8
2025-05-07T06:00:00+00:00,2.86,677.0,23.1
2025-05-07T07:00:00+00:00,3.18,766.0,23.6
2025-05-07T08:00:00+00:00,3.11,794.0,26.0
2025-05-07T09:00:00+00:00,2.64,710.0,26.0
2025-05-07T10:00:00+00:00,2.35,567.0,26.4
2025-05-07T11:00:00+00:00,1.93,539.0,26.3
2025-05-07T12:00:00+00:00,1.6,427.0,26.4
2025-05-07T13:00:00+00:00,1.35,268.0,26.7
2025-05-07T14:00:00+00:00,2.38,119.0,21.5
2025-05-07T15:00:00+00:00,2.52,18.0,20.1
2025-05-07T16:00:00+00:00,2.37,0.0,20.1
2025-05-07T17:00:00+00:00,2.3,0.0,16.4
2025-05-07T18:00:00+00:00,2.24,0.0,15.6
2025-05-07T19:00:00+00:00,2.15,0.0,14.8
2025-05-07T20:00:00+00:00,2.16,0.0,13.4
2025-05-07T21:00:00+00:00,2.47,0.0,14.1
2025-05-07T22:00:00+00:00,2.72,0.0,13.0
2025-05-07T23:00:00+00:00,2.77,0.0,13.0
2025-05-08T00:00:00+00:00,3.05,2.0,12.9
2025-05-08T01:00:00+00:00,3.33,54.0,13.5
2025-05-08T02:00:00+00:00,3.82,156.0,18.7
2025-05-08T03:00:00+00:00,3.72,246.0,19.2
2025-05-08T04:00:00+00:00,3.81,367.0,20.0
2025-05-08T05:00:00+00:00,3.76,473.0,24.9
2025-05-08T06:00:00+00:00,3.6,590.0,25.5
2025-05-08T07:00:00+00:00,3.62,514.0,25.6
2025-05-08T08:00:00+00:00,3.83,642.0,27.7
2025-05-08T09:00:00+00:00,4.37,692.0,27.9
2025-05-08T10:00:00+00:00,5.08,642.0,28.6
2025-05-08T11:00:00+00:00,4.68,485.0,28.3
2025-05-08T12:00:00+00:00,2.94,344.0,28.0
2025-05-08T13:00:00+00:00,2.38,231.0,27.7
2025-05-08T14:00:00+00:00,2.86,110.0,23.6
2025-05-08T15:00:00+00:00,3.05,18.0,23.3
2025-05-08T16:00:00+00:00,3.09,0.0,22.4
2025-05-08T17:00:00+00:00,2.68,0.0,19.0
2025-05-08T18:00:00+00:00,2.61,0.0,19.2
2025-05-08T19:00:00+00:00,2.66,0.0,18.6
2025-05-08T20:00:00+00:00,2.56,0.0,15.1
2025-05-08T21:00:00+00:00,2.5,0.0,14.6
2025-05-08T22:00:00+00:00,2.67,0.0,14.3
2025-05-08T23:00:00+00:00,2.45,0.0,14.5
2025-05-09T00:00:00+00:00,2.09,2.0,14.8
2025-05-09T01:00:00+00:00,2.24,58.0,15.4
2025-05-09T02:00:00+00:00,2.17,156.0,19.4
2025-05-09T03:00:00+00:00,1.19,302.0,20.3
2025-05-09T04:00:00+00:00,1.1,445.0,21.1
2025-05-09T05:00:00+00:00,1.67,554.0,26.3
2025-05-09T06:00:00+00:00,2.84,679.0,27.2
2025-05-09T07:00:00+00:00,4.34,695.0,27.0
2025-05-09T08:00:00+00:00,5.32,635.0,26.5
2025-05-09T09:00:00+00:00,4.17,601.0,27.5
2025-05-09T10:00:00+00:00,4.87,541.0,26.1
2025-05-09T11:00:00+00:00,4.69,509.0,24.7
2025-05-09T12:00:00+00:00,3.73,330.0,24.4
2025-05-09T13:00:00+00:00,4.23,197.0,24.2
2025-05-09T14:00:00+00:00,4.01,119.0,20.9
2025-05-09T15:00:00+00:00,4.07,19.0,20.5
2025-05-09T16:00:00+00:00,4.66,0.0,20.4
2025-05-09T17:00:00+00:00,5.28,0.0,17.8
2025-05-09T18:00:00+00:00,5.3,0.0,17.2
2025-05-09T19:00:00+00:00,5.4,0.0,16.6
2025-05-09T20:00:00+00:00,5.35,0.0,15.1
2025-05-09T21:00:00+00:00,5.27,0.0,15.0
2025-05-09T22:00:00+00:00,5.3,0.0,14.4
2025-05-09T23:00:00+00:00,5.01,0.0,14.4
2025-05-10T00:00:00+00:00,4.7,2.0,14.1
2025-05-10T01:00:00+00:00,4.37,50.0,13.9
2025-05-10T02:00:00+00:00,4.18,168.0,16.9
2025-05-10T03:00:00+00:00,4.1,344.0,17.7
2025-05-10T04:00:00+00:00,4.48,494.0,18.3
2025-05-10T05:00:00+00:00,5.3,637.0,22.3
2025-05-10T06:00:00+00:00,6.14,720.0,22.7
2025-05-10T07:00:00+00:00,6.43,742.0,22.6
2025-05-10T08:00:00+00:00,6.6,626.0,23.7
2025-05-10T09:00:00+00:00,6.51,685.0,20.9
2025-05-10T10:00:00+00:00,7.63,578.0,22.8
2025-05-10T11:00:00+00:00,8.44,470.0,22.6
2025-05-10T12:00:00+00:00,7.77,370.0,22.9
2025-05-10T13:00:00+00:00,6.7,202.0,22.0
2025-05-10T14:00:00+00:00,6.35,106.0,17.7
2025-05-10T15:00:00+00:00,5.8,17.0,17.0
2025-05-10T16:00:00+00:00,5.53,0.0,16.1
2025-05-10T17:00:00+00:00,5.5,0.0,12.5
2025-05-10T18:00:00+00:00,5.25,0.0,12.2
2025-05-10T19:00:00+00:00,5.3,0.0,12.3
2025-05-10T20:00:00+00:00,5.32,0.0,11.7
2025-05-10T21:00:00+00:00,5.23,0.0,11.9
2025-05-10T22:00:00+00:00,4.26,0.0,11.4
2025-05-10T23:00:00+00:00,4.93,0.0,11.5
2025-05-11T00:00:00+00:00,5.22,1.0,11.8
2025-05-11T01:00:00+00:00,5.21,16.0,11.8
2025-05-11T02:00:00+00:00,4.65,42.0,12.9
2025-05-11T03:00:00+00:00,4.2,77.0,12.9
2025-05-11T04:00:00+00:00,4.08,116.0,12.9
2025-05-11T05:00:00+00:00,3.91,159.0,14.2
2025-05-11T06:00:00+00:00,3.22,193.0,14.3
2025-05-11T07:00:00+00:00,2.79,316.0,14.8
2025-05-11T08:00:00+00:00,2.85,266.0,16.4
2025-05-11T09:00:00+00:00,2.85,278.0,16.6
2025-05-11T10:00:00+00:00,2.09,214.0,17.5
2025-05-11T11:00:00+00:00,1.92,217.0,17.6
2025-05-11T12:00:00+00:00,1.83,173.0,17.6
2025-05-11T13:00:00+00:00,2.16,110.0,17.6
2025-05-11T14:00:00+00:00,2.09,56.0,15.8
2025-05-11T15:00:00+00:00,1.8,12.0,15.5
2025-05-11T16:00:00+00:00,1.56,0.0,15.3
2025-05-11T17:00:00+00:00,1.68,0.0,11.8
2025-05-11T18:00:00+00:00,2.1,0.0,11.6
2025-05-11T19:00:00+00:00,1.9,0.0,11.7
2025-05-11T20:00:00+00:00,1.91,0.0,10.6
2025-05-11T21:00:00+00:00,2.18,0.0,9.8
2025-05-11T22:00:00+00:00,1.87,0.0,9.2
2025-05-11T23:00:00+00:00,2.29,0.0,9.4
2025-05-12T00:00:00+00:00,2.28,3.0,9.1
2025-05-12T01:00:00+00:00,2.41,57.0,9.2
2025-05-12T02:00:00+00:00,1.87,158.0,13.7
2025-05-12T03:00:00+00:00,1.89,328.0,14.4
2025-05-12T04:00:00+00:00,1.96,489.0,15.1
2025-05-12T05:00:00+00:00,2.66,619.0,20.4
2025-05-12T06:00:00+00:00,2.91,749.0,20.8
2025-05-12T07:00:00+00:00,3.11,796.0,21.2
2025-05-12T08:00:00+00:00,3.22,769.0,23.9
2025-05-12T09:00:00+00:00,3.37,720.0,24.0
2025-05-12T10:00:00+00:00,4.46,650.0,24.9
2025-05-12T11:00:00+00:00,4.68,509.0,24.9
2025-05-12T12:00:00+00:00,4.35,367.0,24.9
2025-05-12T13:00:00+00:00,3.28,226.0,24.5
2025-05-12T14:00:00+00:00,3.13,108.0,21.4
2025-05-12T15:00:00+00:00,3.32,21.0,21.3
2025-05-12T16:00:00+00:00,3.68,0.0,21.3
2025-05-12T17:00:00+00:00,3.97,0.0,18.9
2025-05-12T18:00:00+00:00,4.07,0.0,18.9
2025-05-12T19:00:00+00:00,3.94,0.0,19.0
2025-05-12T20:00:00+00:00,3.89,0.0,17.1
2025-05-12T21:00:00+00:00,3.83,0.0,17.1
2025-05-12T22:00:00+00:00,3.67,0.0,15.2
2025-05-12T23:00:00+00:00,3.44,0.0,15.1
2025-05-13T00:00:00+00:00,3.24,4.0,14.8
2025-05-13T01:00:00+00:00,3.09,73.0,14.9
2025-05-13T02:00:00+00:00,2.92,182.0,19.9
2025-05-13T03:00:00+00:00,2.72,322.0,20.4
2025-05-13T04:00:00+00:00,3.16,465.0,21.1
2025-05-13T05:00:00+00:00,3.6,598.0,26.2
2025-05-13T06:00:00+00:00,3.81,699.0,26.9
2025-05-13T07:00:00+00:00,4.0,758.0,27.6
2025-05-13T08:00:00+00:00,4.18,762.0,29.9
2025-05-13T09:00:00+00:00,4.1,717.0,29.8
2025-05-13T10:00:00+00:00,3.54,570.0,28.9
2025-05-13T11:00:00+00:00,3.33,540.0,29.1
2025-05-13T12:00:00+00:00,2.67,442.0,29.3
2025-05-13T13:00:00+00:00,1.58,289.0,28.9
2025-05-13T14:00:00+00:00,2.13,137.0,24.3
2025-05-13T15:00:00+00:00,2.75,26.0,23.7
2025-05-13T16:00:00+00:00,2.9,0.0,23.8
2025-05-13T17:00:00+00:00,2.84,0.0,20.1
2025-05-13T18:00:00+00:00,2.7,0.0,20.0
2025-05-13T19:00:00+00:00,2.47,0.0,19.6
2025-05-13T20:00:00+00:00,2.85,0.0,17.5
2025-05-13T21:00:00+00:00,1.57,0.0,16.3
2025-05-13T22:00:00+00:00,1.06,0.0,15.4
2025-05-13T23:00:00+00:00,2.04,0.0,15.1
2025-05-14T00:00:00+00:00,1.69,3.0,14.8
2025-05-14T01:00:00+00:00,1.17,47.0,15.3
2025-05-14T02:00:00+00:00,2.68,117.0,19.6
2025-05-14T03:00:00+00:00,3.44,241.0,20.6
2025-05-14T04:00:00+00:00,4.21,406.0,21.7
2025-05-14T05:00:00+00:00,4.4,590.0,28.0
2025-05-14T06:00:00+00:00,4.43,729.0,28.9
2025-05-14T07:00:00+00:00,4.37,743.0,29.7
2025-05-14T08:00:00+00:00,4.64,741.0,31.3
2025-05-14T09:00:00+00:00,5.4,718.0,31.2
2025-05-14T10:00:00+00:00,3.58,596.0,30.3
2025-05-14T11:00:00+00:00,2.93,373.0,29.3
2025-05-14T12:00:00+00:00,1.9,287.0,29.1
2025-05-14T13:00:00+00:00,0.59,181.0,28.5
2025-05-14T14:00:00+00:00,1.48,94.0,24.5
2025-05-14T15:00:00+00:00,2.0,19.0,23.8
2025-05-14T16:00:00+00:00,1.03,0.0,23.8
2025-05-14T17:00:00+00:00,1.41,0.0,19.5
2025-05-14T18:00:00+00:00,2.1,0.0,19.3
2025-05-14T19:00:00+00:00,2.19,0.0,19.2
2025-05-14T20:00:00+00:00,1.85,0.0,16.9
2025-05-14T21:00:00+00:00,2.04,0.0,16.8
2025-05-14T22:00:00+00:00,2.77,0.0,15.6
2025-05-14T23:00:00+00:00,2.9,0.0,15.4
2025-05-15T00:00:00+00:00,2.93,5.0,15.0
2025-05-15T01:00:00+00:00,3.18,77.0,15.0
2025-05-15T02:00:00+00:00,2.67,213.0,20.3
2025-05-15T03:00:00+00:00,2.34,367.0,21.0
2025-05-15T04:00:00+00:00,2.33,521.0,21.8
2025-05-15T05:00:00+00:00,2.37,657.0,29.1
2025-05-15T06:00:00+00:00,2.74,759.0,30.1
2025-05-15T07:00:00+00:00,3.27,808.0,30.7
2025-05-15T08:00:00+00:00,4.01,826.0,34.6
2025-05-15T09:00:00+00:00,4.45,792.0,35.2
2025-05-15T10:00:00+00:00,5.02,713.0,34.7
2025-05-15T11:00:00+00:00,4.78,594.0,34.9
2025-05-15T12:00:00+00:00,3.76,453.0,34.8
2025-05-15T13:00:00+00:00,3.4,301.0,34.4
2025-05-15T14:00:00+00:00,3.3,134.0,28.9
2025-05-15T15:00:00+00:00,2.74,27.0,26.8
2025-05-15T16:00:00+00:00,2.46,0.0,27.5
2025-05-15T17:00:00+00:00,2.9,0.0,25.7
2025-05-15T18:00:00+00:00,3.16,0.0,25.9
2025-05-15T19:00:00+00:00,2.37,0.0,24.5
2025-05-15T20:00:00+00:00,2.59,0.0,20.9
2025-05-15T21:00:00+00:00,2.71,0.0,22.0
2025-05-15T22:00:00+00:00,3.31,0.0,18.7
2025-05-15T23:00:00+00:00,1.45,0.0,19.1
2025-05-16T00:00:00+00:00,2.35,6.0,18.2
2025-05-16T01:00:00+00:00,2.4,77.0,18.5
2025-05-16T02:00:00+00:00,2.83,190.0,23.5
2025-05-16T03:00:00+00:00,3.09,326.0,24.3
2025-05-16T04:00:00+00:00,2.98,413.0,24.7
2025-05-16T05:00:00+00:00,2.47,490.0,28.4
2025-05-16T06:00:00+00:00,2.28,630.0,28.9
2025-05-16T07:00:00+00:00,2.37,719.0,29.2
2025-05-16T08:00:00+00:00,2.62,696.0,30.7
2025-05-16T09:00:00+00:00,2.77,623.0,30.6
2025-05-16T10:00:00+00:00,3.3,528.0,31.4
2025-05-16T11:00:00+00:00,4.15,393.0,31.5
2025-05-16T12:00:00+00:00,4.25,251.0,31.4
2025-05-16T13:00:00+00:00,3.36,188.0,31.4
2025-05-16T14:00:00+00:00,3.7,120.0,27.5
2025-05-16T15:00:00+00:00,5.11,25.0,26.9
2025-05-16T16:00:00+00:00,6.37,0.0,27.1
2025-05-16T17:00:00+00:00,6.3,0.0,23.6
2025-05-16T18:00:00+00:00,5.92,0.0,23.0
2025-05-16T19:00:00+00:00,5.37,0.0,22.3
2025-05-16T20:00:00+00:00,3.81,0.0,20.0
2025-05-16T21:00:00+00:00,2.66,0.0,19.7
2025-05-16T22:00:00+00:00,3.22,0.0,18.7
2025-05-16T23:00:00+00:00,3.65,0.0,19.9
2025-05-17T00:00:00+00:00,3.36,7.0,20.3
2025-05-17T01:00:00+00:00,3.29,83.0,20.7
2025-05-17T02:00:00+00:00,1.96,219.0,24.6
2025-05-17T03:00:00+00:00,1.18,374.0,25.4
2025-05-17T04:00:00+00:00,2.8,517.0,25.3
2025-05-17T05:00:00+00:00,4.72,549.0,25.9
2025-05-17T06:00:00+00:00,4.8,493.0,25.5
2025-05-17T07:00:00+00:00,4.2,506.0,25.7
2025-05-17T08:00:00+00:00,4.05,361.0,26.2
2025-05-17T09:00:00+00:00,4.11,353.0,26.8
2025-05-17T10:00:00+00:00,4.03,259.0,25.0
2025-05-17T11:00:00+00:00,3.53,181.0,25.0
2025-05-17T12:00:00+00:00,3.95,123.0,24.8
2025-05-17T13:00:00+00:00,4.33,83.0,24.3
2025-05-17T14:00:00+00:00,5.31,48.0,21.2
2025-05-17T15:00:00+00:00,5.52,16.0,20.5
2025-05-17T16:00:00+00:00,5.31,0.0,19.2
2025-05-17T17:00:00+00:00,5.28,0.0,15.7
2025-05-17T18:00:00+00:00,5.28,0.0,15.2
2025-05-17T19:00:00+00:00,5.15,0.0,14.5
2025-05-17T20:00:00+00:00,4.73,0.0,13.0
2025-05-17T21:00:00+00:00,4.7,0.0,13.0
2025-05-17T22:00:00+00:00,4.42,0.0,12.3
2025-05-17T23:00:00+00:00,4.63,0.0,12.4
2025-05-18T00:00:00+00:00,4.97,1.0,12.6
2025-05-18T01:00:00+00:00,5.59,10.0,12.5
2025-05-18T02:00:00+00:00,5.98,15.0,12.5
2025-05-18T03:00:00+00:00,6.37,26.0,12.1
2025-05-18T04:00:00+00:00,7.16,36.0,11.8
2025-05-18T05:00:00+00:00,7.61,50.0,11.7
2025-05-18T06:00:00+00:00,8.0,47.0,10.9
2025-05-18T07:00:00+00:00,8.4,124.0,10.7
2025-05-18T08:00:00+00:00,8.15,107.0,10.8
2025-05-18T09:00:00+00:00,7.55,108.0,11.0
2025-05-18T10:00:00+00:00,8.28,112.0,11.2
2025-05-18T11:00:00+00:00,7.4,91.0,11.5
2025-05-18T12:00:00+00:00,6.48,57.0,11.6
2025-05-18T13:00:00+00:00,5.7,50.0,11.9
2025-05-18T14:00:00+00:00,4.8,29.0,11.5
2025-05-18T15:00:00+00:00,3.91,13.0,11.7
2025-05-18T16:00:00+00:00,3.54,0.0,11.6
2025-05-18T17:00:00+00:00,4.18,0.0,9.8
2025-05-18T18:00:00+00:00,4.69,0.0,9.9
2025-05-18T19:00:00+00:00,4.65,0.0,9.9
2025-05-18T20:00:00+00:00,4.12,0.0,8.5
2025-05-18T21:00:00+00:00,3.56,0.0,8.3
2025-05-18T22:00:00+00:00,3.29,0.0,7.3
2025-05-18T23:00:00+00:00,3.12,0.0,7.2
2025-05-19T00:00:00+00:00,3.0,8.0,7.4
2025-05-19T01:00:00+00:00,3.1,85.0,7.7
2025-05-19T02:00:00+00:00,2.82,227.0,12.6
2025-05-19T03:00:00+00:00,2.52,391.0,13.2
2025-05-19T04:00:00+00:00,2.29,548.0,13.8
2025-05-19T05:00:00+00:00,2.72,683.0,17.4
2025-05-19T06:00:00+00:00,2.8,754.0,17.4
2025-05-19T07:00:00+00:00,2.88,828.0,17.7
2025-05-19T08:00:00+00:00,2.74,651.0,19.4
2025-05-19T09:00:00+00:00,2.82,544.0,19.3
2025-05-19T10:00:00+00:00,2.41,478.0,19.7
2025-05-19T11:00:00+00:00,2.73,409.0,19.6
2025-05-19T12:00:00+00:00,2.8,395.0,19.7
2025-05-19T13:00:00+00:00,2.26,271.0,20.0
2025-05-19T14:00:00+00:00,1.48,152.0,17.2
2025-05-19T15:00:00+00:00,2.55,37.0,15.4
2025-05-19T16:00:00+00:00,2.28,0.0,15.3
2025-05-19T17:00:00+00:00,2.53,0.0,12.3
2025-05-19T18:00:00+00:00,2.73,0.0,12.2
2025-05-19T19:00:00+00:00,2.7,0.0,12.1
2025-05-19T20:00:00+00:00,2.54,0.0,10.5
2025-05-19T21:00:00+00:00,2.37,0.0,10.1
2025-05-19T22:00:00+00:00,2.55,0.0,9.1
2025-05-19T23:00:00+00:00,2.51,0.0,9.1
2025-05-20T00:00:00+00:00,2.75,9.0,9.2
2025-05-20T01:00:00+00:00,3.25,92.0,10.0
2025-05-20T02:00:00+00:00,3.31,226.0,15.4
2025-05-20T03:00:00+00:00,3.62,392.0,16.0
2025-05-20T04:00:00+00:00,4.06,551.0,16.6
2025-05-20T05:00:00+00:00,4.81,687.0,20.6
2025-05-20T06:00:00+00:00,4.92,787.0,20.7
2025-05-20T07:00:00+00:00,4.94,841.0,20.7
2025-05-20T08:00:00+00:00,5.03,842.0,22.1
2025-05-20T09:00:00+00:00,5.09,781.0,22.2
2025-05-20T10:00:00+00:00,5.28,693.0,22.4
2025-05-20T11:00:00+00:00,4.96,546.0,22.3
2025-05-20T12:00:00+00:00,4.24,398.0,22.3
2025-05-20T13:00:00+00:00,2.87,250.0,22.2
2025-05-20T14:00:00+00:00,2.12,141.0,20.0
2025-05-20T15:00:00+00:00,2.75,38.0,19.3
2025-05-20T16:00:00+00:00,3.58,0.0,19.2
2025-05-20T17:00:00+00:00,4.05,0.0,16.1
2025-05-20T18:00:00+00:00,4.24,0.0,16.1
2025-05-20T19:00:00+00:00,4.2,0.0,15.8
2025-05-20T20:00:00+00:00,3.83,0.0,14.8
2025-05-20T21:00:00+00:00,3.11,0.0,14.7
2025-05-20T22:00:00+00:00,2.84,0.0,13.6
2025-05-20T23:00:00+00:00,3.46,0.0,13.6
2025-05-21T00:00:00+00:00,3.91,6.0,13.8
2025-05-21T01:00:00+00:00,4.19,67.0,14.0
2025-05-21T02:00:00+00:00,4.29,181.0,17.8
2025-05-21T03:00:00+00:00,4.61,328.0,18.4
2025-05-21T04:00:00+00:00,4.24,422.0,18.0
2025-05-21T05:00:00+00:00,3.87,580.0,21.8
2025-05-21T06:00:00+00:00,3.91,717.0,22.1
2025-05-21T07:00:00+00:00,4.05,840.0,22.2
2025-05-21T08:00:00+00:00,4.36,856.0,24.0
2025-05-21T09:00:00+00:00,4.51,802.0,24.1
2025-05-21T10:00:00+00:00,4.91,745.0,23.9
2025-05-21T11:00:00+00:00,4.7,627.0,23.9
2025-05-21T12:00:00+00:00,4.1,477.0,23.8
2025-05-21T13:00:00+00:00,2.7,315.0,23.7
2025-05-21T14:00:00+00:00,1.66,160.0,20.3
2025-05-21T15:00:00+00:00,2.75,41.0,19.4
2025-05-21T16:00:00+00:00,2.73,0.0,18.6
2025-05-21T17:00:00+00:00,2.69,0.0,14.1
2025-05-21T18:00:00+00:00,2.59,0.0,14.0
2025-05-21T19:00:00+00:00,2.6,0.0,13.8
2025-05-21T20:00:00+00:00,2.4,0.0,11.6
2025-05-21T21:00:00+00:00,2.51,0.0,11.4
2025-05-21T22:00:00+00:00,2.1,0.0,10.7
2025-05-21T23:00:00+00:00,2.1,0.0,10.9
2025-05-22T00:00:00+00:00,1.8,9.0,11.4
2025-05-22T01:00:00+00:00,2.02,77.0,12.3
2025-05-22T02:00:00+00:00,1.77,168.0,17.8
2025-05-22T03:00:00+00:00,1.67,271.0,18.4
2025-05-22T04:00:00+00:00,1.63,342.0,18.8
2025-05-22T05:00:00+00:00,0.96,364.0,21.0
2025-05-22T06:00:00+00:00,2.1,355.0,20.5
2025-05-22T07:00:00+00:00,4.81,367.0,19.1
2025-05-22T08:00:00+00:00,5.93,355.0,20.2
2025-05-22T09:00:00+00:00,6.42,511.0,20.6
2025-05-22T10:00:00+00:00,6.76,542.0,21.7
2025-05-22T11:00:00+00:00,7.43,434.0,22.0
2025-05-22T12:00:00+00:00,6.74,338.0,22.7
2025-05-22T13:00:00+00:00,7.54,255.0,23.0
2025-05-22T14:00:00+00:00,7.96,96.0,21.6
2025-05-22T15:00:00+00:00,7.26,16.0,21.2
2025-05-22T16:00:00+00:00,5.67,0.0,21.7
2025-05-22T17:00:00+00:00,6.36,0.0,20.5
2025-05-22T18:00:00+00:00,7.85,0.0,19.1
2025-05-22T19:00:00+00:00,7.76,0.0,16.6
2025-05-22T20:00:00+00:00,7.42,0.0,13.1
2025-05-22T21:00:00+00:00,7.39,0.0,12.9
2025-05-22T22:00:00+00:00,7.54,0.0,12.1
2025-05-22T23:00:00+00:00,7.22,0.0,12.2
2025-05-23T00:00:00+00:00,6.76,7.0,12.3
2025-05-23T01:00:00+00:00,6.44,61.0,12.2
2025-05-23T02:00:00+00:00,7.39,168.0,14.7
2025-05-23T03:00:00+00:00,7.7,329.0,15.1
2025-05-23T04:00:00+00:00,8.49,481.0,15.5
2025-05-23T05:00:00+00:00,8.77,531.0,17.1
2025-05-23T06:00:00+00:00,8.9,479.0,16.7
2025-05-23T07:00:00+00:00,8.78,521.0,16.1
2025-05-23T08:00:00+00:00,7.93,477.0,15.4
2025-05-23T09:00:00+00:00,7.56,504.0,16.1
2025-05-23T10:00:00+00:00,7.59,470.0,16.0
2025-05-23T11:00:00+00:00,6.57,349.0,16.1
2025-05-23T12:00:00+00:00,6.07,253.0,16.5
2025-05-23T13:00:00+00:00,5.5,151.0,16.0
2025-05-23T14:00:00+00:00,4.9,71.0,13.5
2025-05-23T15:00:00+00:00,3.85,13.0,13.8
2025-05-23T16:00:00+00:00,3.73,0.0,13.8
2025-05-23T17:00:00+00:00,3.86,0.0,12.1
2025-05-23T18:00:00+00:00,3.87,0.0,11.9
2025-05-23T19:00:00+00:00,3.85,0.0,12.0
2025-05-23T20:00:00+00:00,3.87,0.0,11.2
2025-05-23T21:00:00+00:00,3.96,0.0,11.7
2025-05-23T22:00:00+00:00,3.91,0.0,10.3
2025-05-23T23:00:00+00:00,4.06,0.0,10.2
2025-05-24T00:00:00+00:00,3.69,6.0,10.0
2025-05-24T01:00:00+00:00,4.0,53.0,10.1
2025-05-24T02:00:00+00:00,3.91,131.0,11.0
2025-05-24T03:00:00+00:00,4.63,255.0,11.0
2025-05-24T04:00:00+00:00,4.85,325.0,11.1
2025-05-24T05:00:00+00:00,5.26,460.0,12.4
2025-05-24T06:00:00+00:00,5.41,579.0,12.6
2025-05-24T07:00:00+00:00,5.26,644.0,13.0
2025-05-24T08:00:00+00:00,4.94,652.0,14.2
2025-05-24T09:00:00+00:00,4.54,647.0,14.3
2025-05-24T10:00:00+00:00,4.16,561.0,14.2
2025-05-24T11:00:00+00:00,3.81,444.0,13.9
2025-05-24T12:00:00+00:00,3.47,349.0,13.7
2025-05-24T13:00:00+00:00,3.33,240.0,13.4
2025-05-24T14:00:00+00:00,3.18,129.0,11.1
2025-05-24T15:00:00+00:00,2.7,39.0,11.0
2025-05-24T16:00:00+00:00,1.99,0.0,11.3
2025-05-24T17:00:00+00:00,1.81,0.0,7.2
2025-05-24T18:00:00+00:00,1.86,0.0,6.8
2025-05-24T19:00:00+00:00,1.95,0.0,7.5
2025-05-24T20:00:00+00:00,2.17,0.0,6.7
2025-05-24T21:00:00+00:00,1.67,0.0,6.9
2025-05-24T22:00:00+00:00,1.44,0.0,5.8
2025-05-24T23:00:00+00:00,1.27,0.0,6.0
2025-05-25T00:00:00+00:00,1.48,6.0,6.7
2025-05-25T01:00:00+00:00,1.05,39.0,6.5
2025-05-25T02:00:00+00:00,0.63,109.0,8.9
2025-05-25T03:00:00+00:00,0.29,292.0,9.5
2025-05-25T04:00:00+00:00,0.76,462.0,10.3
2025-05-25T05:00:00+00:00,1.05,617.0,12.6
2025-05-25T06:00:00+00:00,1.35,648.0,13.2
2025-05-25T07:00:00+00:00,1.38,617.0,13.3
2025-05-25T08:00:00+00:00,1.28,650.0,14.3
2025-05-25T09:00:00+00:00,1.5,649.0,14.5
2025-05-25T10:00:00+00:00,2.28,646.0,14.4
2025-05-25T11:00:00+00:00,2.6,531.0,14.8
2025-05-25T12:00:00+00:00,2.71,401.0,14.8
2025-05-25T13:00:00+00:00,3.4,278.0,14.6
2025-05-25T14:00:00+00:00,3.48,156.0,12.1
2025-05-25T15:00:00+00:00,2.86,40.0,11.8
2025-05-25T16:00:00+00:00,2.77,0.0,11.6
2025-05-25T17:00:00+00:00,3.08,0.0,9.3
2025-05-25T18:00:00+00:00,2.97,0.0,9.1
2025-05-25T19:00:00+00:00,2.87,0.0,8.8
2025-05-25T20:00:00+00:00,2.7,0.0,7.4
2025-05-25T21:00:00+00:00,2.62,0.0,7.0
2025-05-25T22:00:00+00:00,2.52,0.0,5.7
2025-05-25T23:00:00+00:00,3.21,0.0,5.5
2025-05-26T00:00:00+00:00,3.99,13.0,5.6
2025-05-26T01:00:00+00:00,5.6,103.0,5.9
2025-05-26T02:00:00+00:00,5.67,236.0,8.9
2025-05-26T03:00:00+00:00,5.22,389.0,9.3
2025-05-26T04:00:00+00:00,5.09,564.0,9.8
2025-05-26T05:00:00+00:00,5.1,677.0,12.8
2025-05-26T06:00:00+00:00,5.41,613.0,12.8
2025-05-26T07:00:00+00:00,5.35,570.0,12.6
2025-05-26T08:00:00+00:00,4.81,627.0,14.3
2025-05-26T09:00:00+00:00,4.86,714.0,14.3
2025-05-26T10:00:00+00:00,5.27,690.0,15.2
2025-05-26T11:00:00+00:00,4.96,626.0,15.5
2025-05-26T12:00:00+00:00,4.92,463.0,15.6
2025-05-26T13:00:00+00:00,5.96,239.0,15.6
2025-05-26T14:00:00+00:00,5.04,82.0,14.3
2025-05-26T15:00:00+00:00,4.39,28.0,14.5
2025-05-26T16:00:00+00:00,4.38,1.0,14.1
2025-05-26T17:00:00+00:00,3.94,0.0,11.5
2025-05-26T18:00:00+00:00,3.27,0.0,11.7
2025-05-26T19:00:00+00:00,2.65,0.0,12.0
2025-05-26T20:00:00+00:00,2.51,0.0,10.2
2025-05-26T21:00:00+00:00,2.68,0.0,10.5
2025-05-26T22:00:00+00:00,3.28,0.0,6.8
2025-05-26T23:00:00+00:00,2.48,0.0,5.9
2025-05-27T00:00:00+00:00,2.05,13.0,5.7
2025-05-27T01:00:00+00:00,2.09,101.0,6.6
2025-05-27T02:00:00+00:00,2.12,242.0,10.3
2025-05-27T03:00:00+00:00,2.47,414.0,10.5
2025-05-27T04:00:00+00:00,2.39,564.0,10.7
2025-05-27T05:00:00+00:00,2.08,704.0,13.9
2025-05-27T06:00:00+00:00,1.48,804.0,14.1
2025-05-27T07:00:00+00:00,1.51,864.0,14.4
2025-05-27T08:00:00+00:00,1.99,870.0,17.0
2025-05-27T09:00:00+00:00,2.22,837.0,17.0
2025-05-27T10:00:00+00:00,2.8,712.0,18.8
2025-05-27T11:00:00+00:00,3.14,554.0,19.3
2025-05-27T12:00:00+00:00,3.46,403.0,20.0
2025-05-27T13:00:00+00:00,3.57,313.0,20.6
2025-05-27T14:00:00+00:00,2.89,159.0,18.9
2025-05-27T15:00:00+00:00,3.4,45.0,18.3
2025-05-27T16:00:00+00:00,4.05,1.0,18.1
2025-05-27T17:00:00+00:00,4.37,0.0,15.0
2025-05-27T18:00:00+00:00,4.34,0.0,14.8
2025-05-27T19:00:00+00:00,4.25,0.0,14.7
2025-05-27T20:00:00+00:00,4.13,0.0,13.2
2025-05-27T21:00:00+00:00,4.03,0.0,13.1
2025-05-27T22:00:00+00:00,4.35,0.0,12.4
2025-05-27T23:00:00+00:00,4.26,0.0,12.3
2025-05-28T00:00:00+00:00,4.35,15.0,12.2
2025-05-28T01:00:00+00:00,4.57,107.0,12.5
2025-05-28T02:00:00+00:00,4.48,250.0,18.0
2025-05-28T03:00:00+00:00,4.97,409.0,18.5
2025-05-28T04:00:00+00:00,5.12,560.0,19.1
2025-05-28T05:00:00+00:00,5.02,680.0,23.1
2025-05-28T06:00:00+00:00,4.93,773.0,23.3
2025-05-28T07:00:00+00:00,5.0,810.0,23.7
2025-05-28T08:00:00+00:00,5.97,842.0,24.9
2025-05-28T09:00:00+00:00,6.21,691.0,24.7
2025-05-28T10:00:00+00:00,6.22,666.0,24.2
2025-05-28T11:00:00+00:00,6.35,557.0,23.9
2025-05-28T12:00:00+00:00,5.9,466.0,23.6
2025-05-28T13:00:00+00:00,4.76,308.0,23.3
2025-05-28T14:00:00+00:00,3.83,151.0,20.1
2025-05-28T15:00:00+00:00,3.16,45.0,19.9
2025-05-28T16:00:00+00:00,2.98,1.0,19.5
2025-05-28T17:00:00+00:00,2.77,0.0,14.7
2025-05-28T18:00:00+00:00,2.46,0.0,14.1
2025-05-28T19:00:00+00:00,2.16,0.0,13.8
2025-05-28T20:00:00+00:00,1.98,0.0,11.2
2025-05-28T21:00:00+00:00,2.22,0.0,10.8
2025-05-28T22:00:00+00:00,2.21,0.0,8.8
2025-05-28T23:00:00+00:00,2.11,0.0,8.6
2025-05-29T00:00:00+00:00,1.39,15.0,9.2
2025-05-29T01:00:00+00:00,1.31,100.0,9.9
2025-05-29T02:00:00+00:00,0.61,233.0,15.6
2025-05-29T03:00:00+00:00,0.76,393.0,16.2
2025-05-29T04:00:00+00:00,1.16,537.0,16.5
2025-05-29T05:00:00+00:00,1.08,673.0,20.8
2025-05-29T06:00:00+00:00,1.1,775.0,21.1
2025-05-29T07:00:00+00:00,1.2,819.0,21.6
2025-05-29T08:00:00+00:00,1.33,816.0,24.2
2025-05-29T09:00:00+00:00,1.63,807.0,24.4
2025-05-29T10:00:00+00:00,1.78,701.0,25.2
2025-05-29T11:00:00+00:00,2.12,588.0,25.6
2025-05-29T12:00:00+00:00,3.93,433.0,24.0
2025-05-29T13:00:00+00:00,2.46,174.0,22.8
2025-05-29T14:00:00+00:00,1.72,118.0,21.0
2025-05-29T15:00:00+00:00,2.29,44.0,20.2
2025-05-29T16:00:00+00:00,2.37,1.0,19.7
2025-05-29T17:00:00+00:00,2.56,0.0,14.9
2025-05-29T18:00:00+00:00,2.55,0.0,14.9
2025-05-29T19:00:00+00:00,2.5,0.0,15.4
2025-05-29T20:00:00+00:00,2.66,0.0,13.2
2025-05-29T21:00:00+00:00,2.69,0.0,12.7
2025-05-29T22:00:00+00:00,2.25,0.0,11.6
2025-05-29T23:00:00+00:00,2.23,0.0,11.7
2025-05-30T00:00:00+00:00,1.76,15.0,12.2
2025-05-30T01:00:00+00:00,2.26,92.0,13.5
2025-05-30T02:00:00+00:00,1.71,217.0,19.1
2025-05-30T03:00:00+00:00,2.07,378.0,20.1
2025-05-30T04:00:00+00:00,3.1,517.0,20.4
2025-05-30T05:00:00+00:00,4.28,627.0,23.5
2025-05-30T06:00:00+00:00,4.99,696.0,23.6
2025-05-30T07:00:00+00:00,5.29,748.0,23.7
2025-05-30T08:00:00+00:00,5.3,760.0,25.1
2025-05-30T09:00:00+00:00,5.28,745.0,25.4
2025-05-30T10:00:00+00:00,5.34,698.0,25.7
2025-05-30T11:00:00+00:00,5.02,551.0,25.4
2025-05-30T12:00:00+00:00,4.62,431.0,25.5
2025-05-30T13:00:00+00:00,3.38,298.0,25.6
2025-05-30T14:00:00+00:00,1.82,132.0,23.0
2025-05-30T15:00:00+00:00,2.38,49.0,22.2
2025-05-30T16:00:00+00:00,2.41,1.0,21.4
2025-05-30T17:00:00+00:00,2.43,0.0,16.2
2025-05-30T18:00:00+00:00,2.24,0.0,15.0
2025-05-30T19:00:00+00:00,2.11,0.0,15.1
2025-05-30T20:00:00+00:00,1.95,0.0,13.7
2025-05-30T21:00:00+00:00,1.65,0.0,14.0
2025-05-30T22:00:00+00:00,0.94,0.0,14.6
2025-05-30T23:00:00+00:00,1.68,0.0,12.8
2025-05-31T00:00:00+00:00,1.95,16.0,12.0
2025-05-31T01:00:00+00:00,1.5,108.0,13.1
2025-05-31T02:00:00+00:00,0.85,248.0,20.4
2025-05-31T03:00:00+00:00,0.85,405.0,21.4
2025-05-31T04:00:00+00:00,1.14,557.0,22.4
2025-05-31T05:00:00+00:00,1.49,687.0,26.7
2025-05-31T06:00:00+00:00,1.84,729.0,26.9
2025-05-31T07:00:00+00:00,2.07,693.0,27.0
2025-05-31T08:00:00+00:00,2.02,786.0,28.0
2025-05-31T09:00:00+00:00,1.91,769.0,28.2
2025-05-31T10:00:00+00:00,1.55,674.0,27.7
2025-05-31T11:00:00+00:00,1.15,560.0,27.5
2025-05-31T12:00:00+00:00,1.19,462.0,27.5
2025-05-31T13:00:00+00:00,1.92,311.0,27.7
2025-05-31T14:00:00+00:00,2.66,131.0,24.2
2025-05-31T15:00:00+00:00,2.33,31.0,24.1
2025-05-31T16:00:00+00:00,1.99,1.0,23.6
2025-05-31T17:00:00+00:00,2.06,0.0,19.5
2025-05-31T18:00:00+00:00,2.52,0.0,19.0
2025-05-31T19:00:00+00:00,2.57,0.0,18.5
2025-05-31T20:00:00+00:00,2.65,0.0,16.5
2025-05-31T21:00:00+00:00,2.64,0.0,15.6
2025-05-31T22:00:00+00:00,2.77,0.0,15.1
2025-05-31T23:00:00+00:00,2.84,0.0,15.8
2025-06-01T00:00:00+00:00,2.09,17.0,16.1
2025-06-01T01:00:00+00:00,0.95,106.0,15.9
2025-06-01T02:00:00+00:00,0.78,234.0,20.4
2025-06-01T03:00:00+00:00,1.42,381.0,20.6
2025-06-01T04:00:00+00:00,1.85,521.0,21.0
2025-06-01T05:00:00+00:00,2.04,690.0,25.3
2025-06-01T06:00:00+00:00,1.77,783.0,25.7
2025-06-01T07:00:00+00:00,1.04,782.0,26.2
2025-06-01T08:00:00+00:00,1.57,832.0,27.6
2025-06-01T09:00:00+00:00,2.0,800.0,27.4
2025-06-01T10:00:00+00:00,2.05,658.0,26.0
2025-06-01T11:00:00+00:00,2.82,433.0,24.4
2025-06-01T12:00:00+00:00,1.7,310.0,25.6
2025-06-01T13:00:00+00:00,0.56,240.0,25.3
2025-06-01T14:00:00+00:00,0.81,129.0,21.8
2025-06-01T15:00:00+00:00,1.19,47.0,20.3
2025-06-01T16:00:00+00:00,0.53,2.0,19.9
2025-06-01T17:00:00+00:00,0.45,0.0,17.1
2025-06-01T18:00:00+00:00,0.45,0.0,18.6
2025-06-01T19:00:00+00:00,0.45,0.0,18.7
2025-06-01T20:00:00+00:00,0.5,0.0,14.8
2025-06-01T21:00:00+00:00,0.71,0.0,13.8
2025-06-01T22:00:00+00:00,2.06,0.0,15.1
2025-06-01T23:00:00+00:00,1.77,0.0,14.6
2025-06-02T00:00:00+00:00,0.85,17.0,14.6
2025-06-02T01:00:00+00:00,0.36,108.0,14.4
2025-06-02T02:00:00+00:00,0.36,240.0,20.2
2025-06-02T03:00:00+00:00,0.58,401.0,21.0
2025-06-02T04:00:00+00:00,0.87,552.0,21.5
2025-06-02T05:00:00+00:00,1.05,675.0,25.6
2025-06-02T06:00:00+00:00,1.0,779.0,25.8
2025-06-02T07:00:00+00:00,0.72,829.0,26.1
2025-06-02T08:00:00+00:00,0.5,845.0,27.0
2025-06-02T09:00:00+00:00,0.63,752.0,27.1
2025-06-02T10:00:00+00:00,1.0,715.0,26.9
2025-06-02T11:00:00+00:00,1.66,566.0,27.0
2025-06-02T12:00:00+00:00,1.67,449.0,26.8
2025-06-02T13:00:00+00:00,1.42,294.0,27.1
2025-06-02T14:00:00+00:00,1.45,140.0,24.5
2025-06-02T15:00:00+00:00,1.88,50.0,24.5
2025-06-02T16:00:00+00:00,0.35,2.0,23.6
2025-06-02T17:00:00+00:00,1.68,0.0,18.8
2025-06-02T18:00:00+00:00,2.52,0.0,19.2
2025-06-02T19:00:00+00:00,2.0,0.0,18.8
2025-06-02T20:00:00+00:00,1.94,0.0,16.2
2025-06-02T21:00:00+00:00,1.91,0.0,15.9
2025-06-02T22:00:00+00:00,1.98,0.0,14.9
2025-06-02T23:00:00+00:00,1.86,0.0,14.8
2025-06-03T00:00:00+00:00,2.17,18.0,15.3
2025-06-03T01:00:00+00:00,2.53,108.0,15.9
2025-06-03T02:00:00+00:00,1.86,246.0,21.9
2025-06-03T03:00:00+00:00,1.95,398.0,22.6
2025-06-03T04:00:00+00:00,2.51,553.0,23.5
2025-06-03T05:00:00+00:00,3.02,684.0,28.2
2025-06-03T06:00:00+00:00,3.42,791.0,28.5
2025-06-03T07:00:00+00:00,3.58,800.0,29.0
2025-06-03T08:00:00+00:00,4.19,784.0,31.1
2025-06-03T09:00:00+00:00,3.51,684.0,30.3
2025-06-03T10:00:00+00:00,4.65,393.0,27.4
2025-06-03T11:00:00+00:00,2.07,309.0,27.6
2025-06-03T12:00:00+00:00,1.79,303.0,28.0
2025-06-03T13:00:00+00:00,2.26,264.0,27.2
2025-06-03T14:00:00+00:00,2.94,150.0,23.7
2025-06-03T15:00:00+00:00,3.88,56.0,23.1
2025-06-03T16:00:00+00:00,2.26,2.0,22.9
2025-06-03T17:00:00+00:00,2.42,0.0,20.2
2025-06-03T18:00:00+00:00,2.67,0.0,19.9
2025-06-03T19:00:00+00:00,3.12,0.0,19.5
2025-06-03T20:00:00+00:00,3.18,0.0,18.2
2025-06-03T21:00:00+00:00,3.05,0.0,18.3
2025-06-03T22:00:00+00:00,2.2,0.0,18.2
2025-06-03T23:00:00+00:00,2.47,0.0,17.8
2025-06-04T00:00:00+00:00,3.11,16.0,18.0
2025-06-04T01:00:00+00:00,3.45,81.0,18.2
2025-06-04T02:00:00+00:00,3.21,148.0,20.8
2025-06-04T03:00:00+00:00,3.69,222.0,20.4
2025-06-04T04:00:00+00:00,2.52,143.0,18.3
2025-06-04T05:00:00+00:00,1.95,246.0,21.5
2025-06-04T06:00:00+00:00,3.69,562.0,25.6
2025-06-04T07:00:00+00:00,4.74,732.0,26.9
2025-06-04T08:00:00+00:00,4.81,636.0,28.5
2025-06-04T09:00:00+00:00,6.34,717.0,28.8
2025-06-04T10:00:00+00:00,4.18,461.0,22.1
2025-06-04T11:00:00+00:00,3.61,344.0,23.8
2025-06-04T12:00:00+00:00,4.83,389.0,25.1
2025-06-04T13:00:00+00:00,5.15,268.0,25.3
2025-06-04T14:00:00+00:00,3.98,165.0,22.4
2025-06-04T15:00:00+00:00,2.9,51.0,21.2
2025-06-04T16:00:00+00:00,3.26,2.0,20.3
2025-06-04T17:00:00+00:00,4.3,0.0,17.8
2025-06-04T18:00:00+00:00,4.26,0.0,17.0
2025-06-04T19:00:00+00:00,3.26,0.0,16.5
2025-06-04T20:00:00+00:00,2.63,0.0,14.0
2025-06-04T21:00:00+00:00,2.4,0.0,13.5
2025-06-04T22:00:00+00:00,2.36,0.0,11.3
2025-06-04T23:00:00+00:00,2.67,0.0,11.3
2025-06-05T00:00:00+00:00,3.06,19.0,11.6
2025-06-05T01:00:00+00:00,3.37,114.0,12.1
2025-06-05T02:00:00+00:00,3.7,256.0,16.8
2025-06-05T03:00:00+00:00,4.07,411.0,17.3
2025-06-05T04:00:00+00:00,4.01,562.0,17.9
2025-06-05T05:00:00+00:00,4.16,696.0,21.4
2025-06-05T06:00:00+00:00,4.47,751.0,21.8
2025-06-05T07:00:00+00:00,4.94,742.0,22.3
2025-06-05T08:00:00+00:00,4.96,688.0,24.2
2025-06-05T09:00:00+00:00,4.88,664.0,24.4
2025-06-05T10:00:00+00:00,3.98,575.0,25.7
2025-06-05T11:00:00+00:00,3.86,494.0,26.1
2025-06-05T12:00:00+00:00,3.67,471.0,26.2
2025-06-05T13:00:00+00:00,3.15,277.0,26.4
2025-06-05T14:00:00+00:00,1.83,187.0,24.2
2025-06-05T15:00:00+00:00,2.34,62.0,22.7
2025-06-05T16:00:00+00:00,2.76,3.0,21.5
2025-06-05T17:00:00+00:00,2.71,0.0,18.1
2025-06-05T18:00:00+00:00,2.62,0.0,19.3
2025-06-05T19:00:00+00:00,2.23,0.0,18.6
2025-06-05T20:00:00+00:00,1.35,0.0,16.3
2025-06-05T21:00:00+00:00,0.25,0.0,14.8
2025-06-05T22:00:00+00:00,0.36,0.0,14.2
2025-06-05T23:00:00+00:00,0.89,0.0,13.0
2025-06-06T00:00:00+00:00,1.26,19.0,13.1
2025-06-06T01:00:00+00:00,1.57,112.0,14.5
2025-06-06T02:00:00+00:00,0.81,251.0,22.4
2025-06-06T03:00:00+00:00,0.47,406.0,23.4
2025-06-06T04:00:00+00:00,0.21,556.0,23.8
2025-06-06T05:00:00+00:00,0.51,685.0,27.3
2025-06-06T06:00:00+00:00,1.17,782.0,27.6
2025-06-06T07:00:00+00:00,1.59,846.0,27.7
2025-06-06T08:00:00+00:00,2.15,822.0,29.4
2025-06-06T09:00:00+00:00,2.5,727.0,29.5
2025-06-06T10:00:00+00:00,2.9,552.0,29.8
2025-06-06T11:00:00+00:00,3.31,498.0,29.8
2025-06-06T12:00:00+00:00,3.8,394.0,29.7
2025-06-06T13:00:00+00:00,3.37,294.0,29.6
2025-06-06T14:00:00+00:00,2.39,167.0,27.0
2025-06-06T15:00:00+00:00,2.51,61.0,25.3
2025-06-06T16:00:00+00:00,3.52,3.0,24.9
2025-06-06T17:00:00+00:00,4.63,0.0,21.6
2025-06-06T18:00:00+00:00,5.61,0.0,21.6
2025-06-06T19:00:00+00:00,5.86,0.0,21.4
2025-06-06T20:00:00+00:00,5.82,0.0,19.9
2025-06-06T21:00:00+00:00,6.06,0.0,19.9
2025-06-06T22:00:00+00:00,6.53,0.0,19.7
2025-06-06T23:00:00+00:00,5.81,0.0,20.0
2025-06-07T00:00:00+00:00,5.15,9.0,19.8
2025-06-07T01:00:00+00:00,5.4,36.0,19.5
2025-06-07T02:00:00+00:00,5.6,73.0,20.4
2025-06-07T03:00:00+00:00,5.99,143.0,20.4
2025-06-07T04:00:00+00:00,5.99,196.0,20.1
2025-06-07T05:00:00+00:00,5.19,179.0,20.9
2025-06-07T06:00:00+00:00,5.2,242.0,21.3
2025-06-07T07:00:00+00:00,4.85,282.0,21.5
2025-06-07T08:00:00+00:00,3.7,222.0,21.4
2025-06-07T09:00:00+00:00,3.47,228.0,20.9
2025-06-07T10:00:00+00:00,4.12,173.0,19.5
2025-06-07T11:00:00+00:00,3.99,240.0,20.3
2025-06-07T12:00:00+00:00,3.99,209.0,21.0
2025-06-07T13:00:00+00:00,4.1,246.0,21.7
2025-06-07T14:00:00+00:00,2.63,116.0,20.3
2025-06-07T15:00:00+00:00,3.32,32.0,19.2
2025-06-07T16:00:00+00:00,4.55,2.0,18.8
2025-06-07T17:00:00+00:00,4.83,0.0,17.6
2025-06-07T18:00:00+00:00,5.38,0.0,17.6
2025-06-07T19:00:00+00:00,5.38,0.0,17.3
2025-06-07T20:00:00+00:00,5.6,0.0,16.1
2025-06-07T21:00:00+00:00,5.73,0.0,15.8
2025-06-07T22:00:00+00:00,7.28,0.0,13.6
2025-06-07T23:00:00+00:00,7.57,0.0,13.6
2025-06-08T00:00:00+00:00,6.97,5.0,13.5
2025-06-08T01:00:00+00:00,6.98,25.0,13.4
2025-06-08T02:00:00+00:00,6.55,38.0,13.6
2025-06-08T03:00:00+00:00,6.31,39.0,12.8
2025-06-08T04:00:00+00:00,5.63,63.0,12.3
2025-06-08T05:00:00+00:00,5.31,73.0,12.7
2025-06-08T06:00:00+00:00,4.83,82.0,12.4
2025-06-08T07:00:00+00:00,4.82,107.0,12.2
2025-06-08T08:00:00+00:00,5.06,131.0,13.3
2025-06-08T09:00:00+00:00,4.94,125.0,13.6
2025-06-08T10:00:00+00:00,5.27,71.0,14.7
2025-06-08T11:00:00+00:00,6.15,88.0,15.4
2025-06-08T12:00:00+00:00,4.98,74.0,15.9
2025-06-08T13:00:00+00:00,3.82,52.0,16.3
2025-06-08T14:00:00+00:00,3.36,57.0,15.5
2025-06-08T15:00:00+00:00,3.16,30.0,15.4
2025-06-08T16:00:00+00:00,3.12,2.0,15.2
2025-06-08T17:00:00+00:00,2.88,0.0,12.0
2025-06-08T18:00:00+00:00,2.66,0.0,11.4
2025-06-08T19:00:00+00:00,2.71,0.0,11.4
2025-06-08T20:00:00+00:00,2.97,0.0,10.4
2025-06-08T21:00:00+00:00,3.2,0.0,10.4
2025-06-08T22:00:00+00:00,3.64,0.0,12.0
2025-06-08T23:00:00+00:00,3.41,0.0,11.6
2025-06-09T00:00:00+00:00,3.59,17.0,11.2
2025-06-09T01:00:00+00:00,3.68,105.0,11.4
2025-06-09T02:00:00+00:00,4.01,227.0,15.0
2025-06-09T03:00:00+00:00,4.34,400.0,15.7
2025-06-09T04:00:00+00:00,5.42,540.0,15.8
2025-06-09T05:00:00+00:00,5.41,611.0,18.0
2025-06-09T06:00:00+00:00,5.28,702.0,18.5
2025-06-09T07:00:00+00:00,5.26,528.0,18.5
2025-06-09T08:00:00+00:00,5.2,622.0,20.3
2025-06-09T09:00:00+00:00,5.06,674.0,20.3
2025-06-09T10:00:00+00:00,5.55,618.0,20.2
2025-06-09T11:00:00+00:00,5.34,564.0,20.3
2025-06-09T12:00:00+00:00,5.19,467.0,20.3
2025-06-09T13:00:00+00:00,4.77,344.0,20.4
2025-06-09T14:00:00+00:00,3.63,198.0,18.7
2025-06-09T15:00:00+00:00,3.36,70.0,18.1
2025-06-09T16:00:00+00:00,3.59,4.0,17.8
2025-06-09T17:00:00+00:00,3.77,0.0,14.2
2025-06-09T18:00:00+00:00,3.8,0.0,13.8
2025-06-09T19:00:00+00:00,3.76,0.0,13.6
2025-06-09T20:00:00+00:00,3.74,0.0,11.5
2025-06-09T21:00:00+00:00,3.92,0.0,11.6
2025-06-09T22:00:00+00:00,4.38,0.0,10.5
2025-06-09T23:00:00+00:00,3.96,0.0,10.3
2025-06-10T00:00:00+00:00,3.85,22.0,10.4
2025-06-10T01:00:00+00:00,4.38,120.0,11.0
2025-06-10T02:00:00+00:00,4.52,263.0,16.6
2025-06-10T03:00:00+00:00,4.82,420.0,17.3
2025-06-10T04:00:00+00:00,5.49,567.0,17.6
2025-06-10T05:00:00+00:00,6.24,692.0,20.8
2025-06-10T06:00:00+00:00,6.13,760.0,21.1
2025-06-10T07:00:00+00:00,6.01,819.0,21.3
2025-06-10T08:00:00+00:00,5.99,834.0,23.5
2025-06-10T09:00:00+00:00,5.83,789.0,23.6
2025-06-10T10:00:00+00:00,6.03,709.0,24.3
2025-06-10T11:00:00+00:00,5.68,635.0,24.6
2025-06-10T12:00:00+00:00,5.49,450.0,24.6
2025-06-10T13:00:00+00:00,4.55,337.0,24.8
2025-06-10T14:00:00+00:00,4.35,184.0,22.5
2025-06-10T15:00:00+00:00,4.2,60.0,22.2
2025-06-10T16:00:00+00:00,4.27,4.0,21.7
2025-06-10T17:00:00+00:00,4.47,0.0,17.7
2025-06-10T18:00:00+00:00,4.78,0.0,17.5
2025-06-10T19:00:00+00:00,4.87,0.0,17.4
2025-06-10T20:00:00+00:00,4.74,0.0,16.0
2025-06-10T21:00:00+00:00,4.53,0.0,15.9
2025-06-10T22:00:00+00:00,4.36,0.0,15.1
2025-06-10T23:00:00+00:00,4.27,0.0,15.1
2025-06-11T00:00:00+00:00,4.15,21.0,15.2
2025-06-11T01:00:00+00:00,4.05,113.0,15.4
2025-06-11T02:00:00+00:00,4.0,251.0,20.8
2025-06-11T03:00:00+00:00,4.21,404.0,21.1
2025-06-11T04:00:00+00:00,4.16,553.0,21.5
2025-06-11T05:00:00+00:00,4.16,680.0,26.0
2025-06-11T06:00:00+00:00,4.41,777.0,26.5
2025-06-11T07:00:00+00:00,4.7,832.0,27.1
2025-06-11T08:00:00+00:00,4.67,837.0,29.0
2025-06-11T09:00:00+00:00,4.16,800.0,29.4
2025-06-11T10:00:00+00:00,4.11,678.0,30.0
2025-06-11T11:00:00+00:00,3.73,560.0,30.2
2025-06-11T12:00:00+00:00,3.7,405.0,30.1
2025-06-11T13:00:00+00:00,2.96,279.0,30.0
2025-06-11T14:00:00+00:00,2.98,150.0,26.8
2025-06-11T15:00:00+00:00,3.13,53.0,26.6
2025-06-11T16:00:00+00:00,2.2,3.0,25.5
2025-06-11T17:00:00+00:00,2.37,0.0,21.6
2025-06-11T18:00:00+00:00,3.07,0.0,21.1
2025-06-11T19:00:00+00:00,3.61,0.0,21.3
2025-06-11T20:00:00+00:00,3.55,0.0,19.2
2025-06-11T21:00:00+00:00,3.18,0.0,18.9
2025-06-11T22:00:00+00:00,2.67,0.0,17.6
2025-06-11T23:00:00+00:00,2.47,0.0,17.5
2025-06-12T00:00:00+00:00,2.69,16.0,17.8
2025-06-12T01:00:00+00:00,2.74,84.0,18.6
2025-06-12T02:00:00+00:00,2.28,185.0,22.6
2025-06-12T03:00:00+00:00,2.98,300.0,22.6
2025-06-12T04:00:00+00:00,3.23,322.0,22.0
2025-06-12T05:00:00+00:00,3.29,391.0,23.8
2025-06-12T06:00:00+00:00,3.16,407.0,23.4
2025-06-12T07:00:00+00:00,2.66,532.0,22.6
2025-06-12T08:00:00+00:00,1.86,555.0,24.3
2025-06-12T09:00:00+00:00,2.36,683.0,25.0
2025-06-12T10:00:00+00:00,3.57,688.0,26.6
2025-06-12T11:00:00+00:00,3.7,578.0,26.6
2025-06-12T12:00:00+00:00,3.68,454.0,27.1
2025-06-12T13:00:00+00:00,2.82,315.0,27.3
2025-06-12T14:00:00+00:00,1.3,187.0,24.7
2025-06-12T15:00:00+00:00,1.94,66.0,23.5
2025-06-12T16:00:00+00:00,2.29,5.0,22.9
2025-06-12T17:00:00+00:00,2.04,0.0,20.0
2025-06-12T18:00:00+00:00,1.94,0.0,19.2
2025-06-12T19:00:00+00:00,1.91,0.0,19.1
2025-06-12T20:00:00+00:00,1.81,0.0,18.3
2025-06-12T21:00:00+00:00,1.78,0.0,17.9
2025-06-12T22:00:00+00:00,2.02,0.0,18.2
2025-06-12T23:00:00+00:00,3.51,0.0,18.3
2025-06-13T00:00:00+00:00,3.2,15.0,18.5
2025-06-13T01:00:00+00:00,2.01,76.0,18.4
2025-06-13T02:00:00+00:00,1.52,152.0,19.9
2025-06-13T03:00:00+00:00,1.2,172.0,19.2
2025-06-13T04:00:00+00:00,1.68,274.0,19.3
2025-06-13T05:00:00+00:00,2.18,493.0,23.1
2025-06-13T06:00:00+00:00,2.28,599.0,24.0
2025-06-13T07:00:00+00:00,2.35,824.0,25.1
2025-06-13T08:00:00+00:00,2.37,810.0,28.0
2025-06-13T09:00:00+00:00,2.06,733.0,28.5
2025-06-13T10:00:00+00:00,2.82,603.0,29.4
2025-06-13T11:00:00+00:00,2.93,514.0,29.3
2025-06-13T12:00:00+00:00,2.21,410.0,29.0
2025-06-13T13:00:00+00:00,1.91,240.0,27.9
2025-06-13T14:00:00+00:00,1.87,148.0,25.0
2025-06-13T15:00:00+00:00,2.04,47.0,23.8
2025-06-13T16:00:00+00:00,2.13,4.0,23.6
2025-06-13T17:00:00+00:00,1.99,0.0,19.3
2025-06-13T18:00:00+00:00,2.2,0.0,19.1
2025-06-13T19:00:00+00:00,2.3,0.0,18.6
2025-06-13T20:00:00+00:00,2.24,0.0,17.3
2025-06-13T21:00:00+00:00,2.13,0.0,17.6
2025-06-13T22:00:00+00:00,1.76,0.0,16.7
2025-06-13T23:00:00+00:00,1.83,0.0,16.8
2025-06-14T00:00:00+00:00,2.12,19.0,16.9
2025-06-14T01:00:00+00:00,2.45,91.0,17.4
2025-06-14T02:00:00+00:00,1.81,232.0,21.8
2025-06-14T03:00:00+00:00,2.05,362.0,22.3
2025-06-14T04:00:00+00:00,2.12,497.0,23.0
2025-06-14T05:00:00+00:00,1.46,614.0,27.2
2025-06-14T06:00:00+00:00,1.07,694.0,27.6
2025-06-14T07:00:00+00:00,1.07,799.0,28.0
2025-06-14T08:00:00+00:00,1.58,797.0,28.8
2025-06-14T09:00:00+00:00,2.2,797.0,29.0
2025-06-14T10:00:00+00:00,4.12,569.0,25.6
2025-06-14T11:00:00+00:00,3.15,372.0,22.5
2025-06-14T12:00:00+00:00,2.69,347.0,24.5
2025-06-14T13:00:00+00:00,2.61,281.0,26.1
2025-06-14T14:00:00+00:00,1.63,150.0,24.4
2025-06-14T15:00:00+00:00,1.95,53.0,23.8
2025-06-14T16:00:00+00:00,2.33,5.0,23.0
2025-06-14T17:00:00+00:00,2.48,0.0,19.6
2025-06-14T18:00:00+00:00,2.6,0.0,19.4
2025-06-14T19:00:00+00:00,2.8,0.0,19.5
2025-06-14T20:00:00+00:00,2.86,0.0,17.2
2025-06-14T21:00:00+00:00,2.84,0.0,16.8
2025-06-14T22:00:00+00:00,3.15,0.0,16.3
2025-06-14T23:00:00+00:00,3.04,0.0,16.1
2025-06-15T00:00:00+00:00,3.01,20.0,16.1
2025-06-15T01:00:00+00:00,3.07,107.0,16.5
2025-06-15T02:00:00+00:00,3.31,239.0,21.4
2025-06-15T03:00:00+00:00,3.03,355.0,21.7
2025-06-15T04:00:00+00:00,2.93,492.0,21.9
2025-06-15T05:00:00+00:00,3.06,551.0,25.3
2025-06-15T06:00:00+00:00,3.16,718.0,25.3
2025-06-15T07:00:00+00:00,3.31,809.0,25.9
2025-06-15T08:00:00+00:00,3.6,803.0,27.0
2025-06-15T09:00:00+00:00,3.85,655.0,27.2
2025-06-15T10:00:00+00:00,4.3,591.0,27.9
2025-06-15T11:00:00+00:00,4.25,520.0,28.1
2025-06-15T12:00:00+00:00,4.18,400.0,28.2
2025-06-15T13:00:00+00:00,3.45,283.0,28.3
2025-06-15T14:00:00+00:00,2.41,168.0,26.3
2025-06-15T15:00:00+00:00,2.04,65.0,25.2
2025-06-15T16:00:00+00:00,2.26,5.0,24.4
2025-06-15T17:00:00+00:00,2.3,0.0,20.3
2025-06-15T18:00:00+00:00,2.35,0.0,20.1
2025-06-15T19:00:00+00:00,2.27,0.0,19.7
2025-06-15T20:00:00+00:00,2.06,0.0,17.3
2025-06-15T21:00:00+00:00,1.94,0.0,17.1
2025-06-15T22:00:00+00:00,1.96,0.0,16.6
2025-06-15T23:00:00+00:00,1.98,0.0,16.4
2025-06-16T00:00:00+00:00,2.2,21.0,16.7
2025-06-16T01:00:00+00:00,2.33,111.0,17.3
2025-06-16T02:00:00+00:00,2.18,246.0,22.7
2025-06-16T03:00:00+00:00,1.98,394.0,23.0
2025-06-16T04:00:00+00:00,1.4,550.0,23.6
2025-06-16T05:00:00+00:00,0.5,677.0,26.7
2025-06-16T06:00:00+00:00,1.07,707.0,27.0
2025-06-16T07:00:00+00:00,1.5,733.0,27.2
2025-06-16T08:00:00+00:00,1.63,764.0,29.1
2025-06-16T09:00:00+00:00,1.61,716.0,28.9
2025-06-16T10:00:00+00:00,1.77,732.0,29.8
2025-06-16T11:00:00+00:00,1.98,604.0,29.8
2025-06-16T12:00:00+00:00,2.13,508.0,29.9
2025-06-16T13:00:00+00:00,2.19,350.0,29.8
2025-06-16T14:00:00+00:00,1.25,198.0,27.4
2025-06-16T15:00:00+00:00,1.91,74.0,26.3
2025-06-16T16:00:00+00:00,2.4,6.0,24.7
2025-06-16T17:00:00+00:00,2.3,0.0,21.1
2025-06-16T18:00:00+00:00,2.45,0.0,21.3
2025-06-16T19:00:00+00:00,2.74,0.0,21.0
2025-06-16T20:00:00+00:00,2.75,0.0,18.8
2025-06-16T21:00:00+00:00,2.55,0.0,18.6
2025-06-16T22:00:00+00:00,2.27,0.0,17.5
2025-06-16T23:00:00+00:00,1.94,0.0,17.2
2025-06-17T00:00:00+00:00,2.28,22.0,17.6
2025-06-17T01:00:00+00:00,2.66,117.0,18.1
2025-06-17T02:00:00+00:00,2.25,256.0,24.3
2025-06-17T03:00:00+00:00,1.99,412.0,24.9
2025-06-17T04:00:00+00:00,1.86,562.0,25.5
2025-06-17T05:00:00+00:00,1.95,693.0,29.3
2025-06-17T06:00:00+00:00,2.38,792.0,30.0
2025-06-17T07:00:00+00:00,2.44,852.0,30.0
2025-06-17T08:00:00+00:00,2.69,866.0,31.7
2025-06-17T09:00:00+00:00,2.83,835.0,32.0
2025-06-17T10:00:00+00:00,1.88,763.0,32.4
2025-06-17T11:00:00+00:00,1.49,650.0,32.5
2025-06-17T12:00:00+00:00,2.2,490.0,32.8
2025-06-17T13:00:00+00:00,1.86,355.0,32.5
2025-06-17T14:00:00+00:00,1.05,203.0,29.8
2025-06-17T15:00:00+00:00,2.3,75.0,29.3
2025-06-17T16:00:00+00:00,2.67,6.0,26.3
2025-06-17T17:00:00+00:00,2.6,0.0,22.0
2025-06-17T18:00:00+00:00,2.61,0.0,21.5
2025-06-17T19:00:00+00:00,1.8,0.0,21.1
2025-06-17T20:00:00+00:00,1.45,0.0,18.6
2025-06-17T21:00:00+00:00,1.82,0.0,18.7
2025-06-17T22:00:00+00:00,1.79,0.0,17.7
2025-06-17T23:00:00+00:00,1.5,0.0,17.9
2025-06-18T00:00:00+00:00,1.89,21.0,19.2
2025-06-18T01:00:00+00:00,1.48,113.0,19.8
2025-06-18T02:00:00+00:00,0.21,249.0,25.3
2025-06-18T03:00:00+00:00,0.22,397.0,26.2
2025-06-18T04:00:00+00:00,0.75,548.0,26.8
2025-06-18T05:00:00+00:00,1.17,683.0,31.6
2025-06-18T06:00:00+00:00,0.35,785.0,32.0
2025-06-18T07:00:00+00:00,1.2,691.0,32.6
2025-06-18T08:00:00+00:00,2.09,789.0,33.7
2025-06-18T09:00:00+00:00,3.38,738.0,34.3
2025-06-18T10:00:00+00:00,2.66,629.0,32.7
2025-06-18T11:00:00+00:00,5.46,395.0,30.6
2025-06-18T12:00:00+00:00,6.8,299.0,30.6
2025-06-18T13:00:00+00:00,7.04,155.0,30.0
2025-06-18T14:00:00+00:00,6.17,95.0,28.1
2025-06-18T15:00:00+00:00,5.32,26.0,27.9
2025-06-18T16:00:00+00:00,4.96,3.0,26.8
2025-06-18T17:00:00+00:00,4.62,0.0,24.0
2025-06-18T18:00:00+00:00,4.15,0.0,24.4
2025-06-18T19:00:00+00:00,4.45,0.0,24.4
2025-06-18T20:00:00+00:00,4.32,0.0,22.1
2025-06-18T21:00:00+00:00,2.75,0.0,21.4
2025-06-18T22:00:00+00:00,1.76,0.0,17.5
2025-06-18T23:00:00+00:00,1.77,0.0,17.2
2025-06-19T00:00:00+00:00,1.53,17.0,17.2
2025-06-19T01:00:00+00:00,1.39,74.0,17.2
2025-06-19T02:00:00+00:00,0.96,233.0,21.5
2025-06-19T03:00:00+00:00,0.55,377.0,23.6
2025-06-19T04:00:00+00:00,1.39,534.0,23.7
2025-06-19T05:00:00+00:00,1.91,677.0,26.5
2025-06-19T06:00:00+00:00,2.09,754.0,26.8
2025-06-19T07:00:00+00:00,3.83,585.0,27.4
2025-06-19T08:00:00+00:00,3.9,556.0,25.4
2025-06-19T09:00:00+00:00,1.17,484.0,24.1
2025-06-19T10:00:00+00:00,2.82,602.0,22.9
2025-06-19T11:00:00+00:00,4.43,557.0,23.7
2025-06-19T12:00:00+00:00,5.11,392.0,23.5
2025-06-19T13:00:00+00:00,4.0,283.0,23.6
2025-06-19T14:00:00+00:00,3.0,163.0,22.3
2025-06-19T15:00:00+00:00,2.44,63.0,21.9
2025-06-19T16:00:00+00:00,1.97,5.0,21.5
2025-06-19T17:00:00+00:00,2.26,0.0,17.9
2025-06-19T18:00:00+00:00,2.42,0.0,17.2
2025-06-19T19:00:00+00:00,2.62,0.0,17.2
2025-06-19T20:00:00+00:00,2.85,0.0,16.3
2025-06-19T21:00:00+00:00,2.96,0.0,16.1
2025-06-19T22:00:00+00:00,3.08,0.0,15.8
2025-06-19T23:00:00+00:00,3.3,0.0,16.0
2025-06-20T00:00:00+00:00,3.72,19.0,16.1
2025-06-20T01:00:00+00:00,3.89,110.0,16.5
2025-06-20T02:00:00+00:00,3.7,227.0,20.8
2025-06-20T03:00:00+00:00,3.87,346.0,21.3
2025-06-20T04:00:00+00:00,4.63,489.0,22.1
2025-06-20T05:00:00+00:00,5.66,581.0,23.8
2025-06-20T06:00:00+00:00,6.39,644.0,21.9
2025-06-20T07:00:00+00:00,6.8,761.0,24.0
2025-06-20T08:00:00+00:00,7.14,724.0,23.9
2025-06-20T09:00:00+00:00,8.71,609.0,21.8
2025-06-20T10:00:00+00:00,5.74,502.0,21.9
2025-06-20T11:00:00+00:00,6.93,362.0,21.4
2025-06-20T12:00:00+00:00,5.44,327.0,20.1
2025-06-20T13:00:00+00:00,5.53,202.0,20.0
2025-06-20T14:00:00+00:00,5.06,138.0,18.5
2025-06-20T15:00:00+00:00,5.41,46.0,17.8
2025-06-20T16:00:00+00:00,4.77,4.0,17.0
2025-06-20T17:00:00+00:00,5.36,0.0,15.2
2025-06-20T18:00:00+00:00,5.45,0.0,15.4
2025-06-20T19:00:00+00:00,4.84,0.0,15.5
2025-06-20T20:00:00+00:00,5.03,0.0,15.0
2025-06-20T21:00:00+00:00,5.3,0.0,15.6
2025-06-20T22:00:00+00:00,5.76,0.0,14.3
2025-06-20T23:00:00+00:00,5.62,0.0,14.6
2025-06-21T00:00:00+00:00,5.41,17.0,14.7
2025-06-21T01:00:00+00:00,5.73,113.0,15.3
2025-06-21T02:00:00+00:00,6.11,239.0,18.3
2025-06-21T03:00:00+00:00,7.13,402.0,18.5
2025-06-21T04:00:00+00:00,7.52,538.0,18.7
2025-06-21T05:00:00+00:00,8.33,629.0,22.0
2025-06-21T06:00:00+00:00,8.6,683.0,22.0
2025-06-21T07:00:00+00:00,9.14,689.0,22.3
2025-06-21T08:00:00+00:00,9.61,614.0,24.1
2025-06-21T09:00:00+00:00,8.63,589.0,23.9
2025-06-21T10:00:00+00:00,7.95,420.0,24.8
2025-06-21T11:00:00+00:00,7.61,295.0,24.7
2025-06-21T12:00:00+00:00,6.09,359.0,25.2
2025-06-21T13:00:00+00:00,4.71,279.0,25.3
2025-06-21T14:00:00+00:00,3.87,113.0,23.5
2025-06-21T15:00:00+00:00,3.24,40.0,23.7
2025-06-21T16:00:00+00:00,2.69,5.0,22.7
2025-06-21T17:00:00+00:00,2.62,0.0,17.9
2025-06-21T18:00:00+00:00,2.8,0.0,17.7
2025-06-21T19:00:00+00:00,3.41,0.0,17.3
2025-06-21T20:00:00+00:00,4.19,0.0,17.2
2025-06-21T21:00:00+00:00,4.89,0.0,17.9
2025-06-21T22:00:00+00:00,6.15,0.0,17.7
2025-06-21T23:00:00+00:00,5.35,0.0,17.6
2025-06-22T00:00:00+00:00,4.97,17.0,17.7
2025-06-22T01:00:00+00:00,4.87,99.0,17.8
2025-06-22T02:00:00+00:00,4.86,229.0,21.3
2025-06-22T03:00:00+00:00,5.53,385.0,21.6
2025-06-22T04:00:00+00:00,5.78,540.0,21.8
2025-06-22T05:00:00+00:00,6.22,684.0,24.4
2025-06-22T06:00:00+00:00,6.55,773.0,24.9
2025-06-22T07:00:00+00:00,6.99,857.0,24.9
2025-06-22T08:00:00+00:00,7.35,875.0,26.2
2025-06-22T09:00:00+00:00,7.53,851.0,26.3
2025-06-22T10:00:00+00:00,7.34,778.0,26.2
2025-06-22T11:00:00+00:00,7.19,668.0,26.4
2025-06-22T12:00:00+00:00,6.68,525.0,26.4
2025-06-22T13:00:00+00:00,5.51,368.0,26.1
2025-06-22T14:00:00+00:00,3.5,211.0,23.8
2025-06-22T15:00:00+00:00,2.21,80.0,22.5
2025-06-22T16:00:00+00:00,2.64,7.0,20.7
2025-06-22T17:00:00+00:00,2.44,0.0,16.8
2025-06-22T18:00:00+00:00,2.1,0.0,16.0
2025-06-22T19:00:00+00:00,2.07,0.0,16.2
2025-06-22T20:00:00+00:00,1.86,0.0,14.8
2025-06-22T21:00:00+00:00,1.86,0.0,15.1
2025-06-22T22:00:00+00:00,2.61,0.0,15.4
2025-06-22T23:00:00+00:00,4.2,0.0,15.3
2025-06-23T00:00:00+00:00,2.15,2.0,13.6
2025-06-23T01:00:00+00:00,0.86,12.0,13.6
2025-06-23T02:00:00+00:00,1.47,21.0,13.9
2025-06-23T03:00:00+00:00,1.77,36.0,14.1
2025-06-23T04:00:00+00:00,2.01,47.0,13.8
2025-06-23T05:00:00+00:00,2.0,132.0,14.8
2025-06-23T06:00:00+00:00,2.41,194.0,15.0
2025-06-23T07:00:00+00:00,3.18,214.0,15.3
2025-06-23T08:00:00+00:00,3.0,425.0,17.6
2025-06-23T09:00:00+00:00,3.26,790.0,18.9
2025-06-23T10:00:00+00:00,3.89,574.0,20.0
2025-06-23T11:00:00+00:00,4.81,439.0,17.1
2025-06-23T12:00:00+00:00,4.27,308.0,18.2
2025-06-23T13:00:00+00:00,4.16,251.0,19.0
2025-06-23T14:00:00+00:00,3.47,160.0,18.0
2025-06-23T15:00:00+00:00,3.07,56.0,17.9
2025-06-23T16:00:00+00:00,2.4,5.0,17.9
2025-06-23T17:00:00+00:00,2.49,0.0,15.1
2025-06-23T18:00:00+00:00,2.69,0.0,15.3
2025-06-23T19:00:00+00:00,2.7,0.0,15.3
2025-06-23T20:00:00+00:00,2.64,0.0,14.1
2025-06-23T21:00:00+00:00,2.49,0.0,13.7
2025-06-23T22:00:00+00:00,2.31,0.0,12.7
2025-06-23T23:00:00+00:00,2.33,0.0,12.4
2025-06-24T00:00:00+00:00,2.44,19.0,12.4
2025-06-24T01:00:00+00:00,3.3,108.0,13.0
2025-06-24T02:00:00+00:00,3.22,201.0,15.9
2025-06-24T03:00:00+00:00,3.06,251.0,16.2
2025-06-24T04:00:00+00:00,2.85,306.0,16.3
2025-06-24T05:00:00+00:00,2.62,387.0,18.8
2025-06-24T06:00:00+00:00,2.79,404.0,18.6
2025-06-24T07:00:00+00:00,3.08,527.0,18.9
2025-06-24T08:00:00+00:00,2.71,666.0,20.5
2025-06-24T09:00:00+00:00,2.56,517.0,20.7
2025-06-24T10:00:00+00:00,2.67,434.0,21.0
2025-06-24T11:00:00+00:00,2.35,375.0,20.8
2025-06-24T12:00:00+00:00,2.81,335.0,20.8
2025-06-24T13:00:00+00:00,3.36,236.0,20.3
2025-06-24T14:00:00+00:00,3.42,136.0,18.0
2025-06-24T15:00:00+00:00,3.62,54.0,17.5
2025-06-24T16:00:00+00:00,3.9,5.0,17.3
2025-06-24T17:00:00+00:00,4.1,0.0,14.8
2025-06-24T18:00:00+00:00,4.26,0.0,14.3
2025-06-24T19:00:00+00:00,4.08,0.0,14.3
2025-06-24T20:00:00+00:00,3.89,0.0,13.0
2025-06-24T21:00:00+00:00,3.85,0.0,12.7
2025-06-24T22:00:00+00:00,3.73,0.0,11.3
2025-06-24T23:00:00+00:00,3.62,0.0,11.3
2025-06-25T00:00:00+00:00,3.64,9.0,11.6
2025-06-25T01:00:00+00:00,3.39,69.0,11.8
2025-06-25T02:00:00+00:00,3.82,162.0,14.9
2025-06-25T03:00:00+00:00,4.14,263.0,15.1
2025-06-25T04:00:00+00:00,4.65,456.0,15.7
2025-06-25T05:00:00+00:00,5.28,537.0,18.2
2025-06-25T06:00:00+00:00,5.25,634.0,18.5
2025-06-25T07:00:00+00:00,4.6,535.0,18.6
2025-06-25T08:00:00+00:00,4.1,475.0,20.2
2025-06-25T09:00:00+00:00,3.82,421.0,20.4
2025-06-25T10:00:00+00:00,3.9,382.0,20.9
2025-06-25T11:00:00+00:00,3.87,333.0,20.9
2025-06-25T12:00:00+00:00,4.1,291.0,21.1
2025-06-25T13:00:00+00:00,4.39,233.0,21.1
2025-06-25T14:00:00+00:00,4.04,180.0,19.2
2025-06-25T15:00:00+00:00,3.91,65.0,18.6
2025-06-25T16:00:00+00:00,4.1,7.0,18.0
2025-06-25T17:00:00+00:00,4.3,0.0,14.3
2025-06-25T18:00:00+00:00,4.2,0.0,13.8
2025-06-25T19:00:00+00:00,4.11,0.0,13.6
2025-06-25T20:00:00+00:00,4.12,0.0,12.2
2025-06-25T21:00:00+00:00,4.3,0.0,12.1
2025-06-25T22:00:00+00:00,4.66,0.0,11.9
2025-06-25T23:00:00+00:00,4.71,0.0,11.9
2025-06-26T00:00:00+00:00,4.92,16.0,11.8
2025-06-26T01:00:00+00:00,4.75,68.0,11.9
2025-06-26T02:00:00+00:00,4.64,149.0,15.4
2025-06-26T03:00:00+00:00,4.97,243.0,15.8
2025-06-26T04:00:00+00:00,5.43,336.0,16.4
2025-06-26T05:00:00+00:00,6.54,385.0,18.3
2025-06-26T06:00:00+00:00,6.31,372.0,18.3
2025-06-26T07:00:00+00:00,5.59,296.0,17.9
2025-06-26T08:00:00+00:00,5.23,249.0,17.8
2025-06-26T09:00:00+00:00,4.68,208.0,17.3
2025-06-26T10:00:00+00:00,4.2,169.0,15.9
2025-06-26T11:00:00+00:00,4.68,130.0,15.3
2025-06-26T12:00:00+00:00,4.84,80.0,15.1
2025-06-26T13:00:00+00:00,4.82,38.0,15.1
2025-06-26T14:00:00+00:00,4.89,15.0,14.4
2025-06-26T15:00:00+00:00,4.62,10.0,14.7
2025-06-26T16:00:00+00:00,3.89,1.0,15.0
2025-06-26T17:00:00+00:00,3.18,0.0,13.7
2025-06-26T18:00:00+00:00,2.75,0.0,13.6
2025-06-26T19:00:00+00:00,2.75,0.0,13.8
2025-06-26T20:00:00+00:00,2.8,0.0,12.8
2025-06-26T21:00:00+00:00,2.75,0.0,12.8
2025-06-26T22:00:00+00:00,2.45,0.0,12.8
2025-06-26T23:00:00+00:00,2.07,0.0,12.6
2025-06-27T00:00:00+00:00,2.04,17.0,12.2
2025-06-27T01:00:00+00:00,2.01,101.0,12.7
2025-06-27T02:00:00+00:00,1.88,242.0,16.7
2025-06-27T03:00:00+00:00,2.13,384.0,17.3
2025-06-27T04:00:00+00:00,2.51,516.0,18.1
2025-06-27T05:00:00+00:00,2.9,639.0,21.4
2025-06-27T06:00:00+00:00,3.08,761.0,21.8
2025-06-27T07:00:00+00:00,2.84,666.0,21.8
2025-06-27T08:00:00+00:00,2.78,619.0,23.6
2025-06-27T09:00:00+00:00,2.8,405.0,23.6
2025-06-27T10:00:00+00:00,2.62,389.0,23.6
2025-06-27T11:00:00+00:00,2.5,354.0,23.4
2025-06-27T12:00:00+00:00,2.02,258.0,23.3
2025-06-27T13:00:00+00:00,1.1,232.0,23.3
2025-06-27T14:00:00+00:00,1.37,171.0,21.9
2025-06-27T15:00:00+00:00,1.81,77.0,20.4
2025-06-27T16:00:00+00:00,2.41,7.0,19.0
2025-06-27T17:00:00+00:00,2.2,0.0,15.1
2025-06-27T18:00:00+00:00,2.26,0.0,15.2
2025-06-27T19:00:00+00:00,2.42,0.0,15.1
2025-06-27T20:00:00+00:00,2.77,0.0,14.6
2025-06-27T21:00:00+00:00,3.15,0.0,14.6
2025-06-27T22:00:00+00:00,3.98,0.0,15.5
2025-06-27T23:00:00+00:00,3.99,0.0,15.6
2025-06-28T00:00:00+00:00,4.04,17.0,15.3
2025-06-28T01:00:00+00:00,4.05,78.0,15.6
2025-06-28T02:00:00+00:00,3.61,161.0,18.7
2025-06-28T03:00:00+00:00,3.85,164.0,17.7
2025-06-28T04:00:00+00:00,3.75,361.0,18.2
2025-06-28T05:00:00+00:00,3.2,375.0,20.8
2025-06-28T06:00:00+00:00,2.29,580.0,21.8
2025-06-28T07:00:00+00:00,2.51,667.0,22.3
2025-06-28T08:00:00+00:00,3.24,658.0,24.6
2025-06-28T09:00:00+00:00,3.56,719.0,25.3
2025-06-28T10:00:00+00:00,3.76,669.0,25.6
2025-06-28T11:00:00+00:00,3.52,522.0,25.8
2025-06-28T12:00:00+00:00,2.3,370.0,25.3
2025-06-28T13:00:00+00:00,1.52,214.0,24.9
2025-06-28T14:00:00+00:00,2.05,112.0,20.7
2025-06-28T15:00:00+00:00,1.93,44.0,18.6
2025-06-28T16:00:00+00:00,1.41,3.0,17.8
2025-06-28T17:00:00+00:00,1.45,0.0,15.1
2025-06-28T18:00:00+00:00,1.89,0.0,14.7
2025-06-28T19:00:00+00:00,2.22,0.0,14.6
2025-06-28T20:00:00+00:00,2.12,0.0,14.2
2025-06-28T21:00:00+00:00,2.3,0.0,14.4
2025-06-28T22:00:00+00:00,2.19,0.0,14.5
2025-06-28T23:00:00+00:00,2.94,0.0,14.7
2025-06-29T00:00:00+00:00,2.38,13.0,14.7
2025-06-29T01:00:00+00:00,2.25,90.0,14.6
2025-06-29T02:00:00+00:00,2.15,234.0,17.2
2025-06-29T03:00:00+00:00,2.36,385.0,17.6
2025-06-29T04:00:00+00:00,2.68,560.0,18.4
2025-06-29T05:00:00+00:00,2.42,654.0,21.0
2025-06-29T06:00:00+00:00,3.1,654.0,20.6
2025-06-29T07:00:00+00:00,4.16,484.0,18.6
2025-06-29T08:00:00+00:00,3.61,561.0,18.9
2025-06-29T09:00:00+00:00,3.09,497.0,20.0
2025-06-29T10:00:00+00:00,3.4,485.0,19.0
2025-06-29T11:00:00+00:00,3.81,434.0,18.0
2025-06-29T12:00:00+00:00,2.77,284.0,17.8
2025-06-29T13:00:00+00:00,1.72,208.0,18.1
2025-06-29T14:00:00+00:00,1.63,133.0,17.4
2025-06-29T15:00:00+00:00,1.42,65.0,17.2
2025-06-29T16:00:00+00:00,1.71,6.0,16.3
2025-06-29T17:00:00+00:00,1.39,0.0,14.2
2025-06-29T18:00:00+00:00,1.37,0.0,14.1
2025-06-29T19:00:00+00:00,1.13,0.0,14.1
2025-06-29T20:00:00+00:00,1.63,0.0,13.1
2025-06-29T21:00:00+00:00,1.71,0.0,13.2
2025-06-29T22:00:00+00:00,1.86,0.0,12.1
2025-06-29T23:00:00+00:00,1.85,0.0,12.0
2025-06-30T00:00:00+00:00,2.12,17.0,12.0
2025-06-30T01:00:00+00:00,2.07,102.0,12.8
2025-06-30T02:00:00+00:00,2.1,218.0,16.3
2025-06-30T03:00:00+00:00,2.04,344.0,16.8
2025-06-30T04:00:00+00:00,1.95,479.0,17.5
2025-06-30T05:00:00+00:00,2.21,617.0,20.5
2025-06-30T06:00:00+00:00,2.42,691.0,20.7
2025-06-30T07:00:00+00:00,2.99,600.0,21.0
2025-06-30T08:00:00+00:00,3.51,643.0,22.1
2025-06-30T09:00:00+00:00,3.9,458.0,22.2
2025-06-30T10:00:00+00:00,4.0,616.0,23.5
2025-06-30T11:00:00+00:00,4.0,469.0,23.1
2025-06-30T12:00:00+00:00,3.96,399.0,23.5
2025-06-30T13:00:00+00:00,3.63,268.0,23.5
2025-06-30T14:00:00+00:00,2.65,152.0,22.3
2025-06-30T15:00:00+00:00,2.14,55.0,21.7
2025-06-30T16:00:00+00:00,2.06,4.0,21.6
2025-06-30T17:00:00+00:00,2.15,0.0,18.2
2025-06-30T18:00:00+00:00,2.18,0.0,17.4
2025-06-30T19:00:00+00:00,2.12,0.0,17.7
2025-06-30T20:00:00+00:00,1.99,0.0,15.8
2025-06-30T21:00:00+00:00,1.96,0.0,15.6
2025-06-30T22:00:00+00:00,2.1,0.0,14.4
2025-06-30T23:00:00+00:00,2.0,0.0,14.4
2025-07-01T00:00:00+00:00,1.95,17.0,14.4
2025-07-01T01:00:00+00:00,2.17,104.0,15.0
2025-07-01T02:00:00+00:00,1.63,240.0,20.7
2025-07-01T03:00:00+00:00,1.52,386.0,21.2
2025-07-01T04:00:00+00:00,1.82,544.0,21.7
2025-07-01T05:00:00+00:00,2.42,672.0,24.8
2025-07-01T06:00:00+00:00,2.65,708.0,25.1
2025-07-01T07:00:00+00:00,2.59,699.0,25.0
2025-07-01T08:00:00+00:00,2.71,667.0,26.1
2025-07-01T09:00:00+00:00,2.91,593.0,26.5
2025-07-01T10:00:00+00:00,3.42,551.0,27.1
2025-07-01T11:00:00+00:00,3.46,457.0,27.0
2025-07-01T12:00:00+00:00,3.31,380.0,27.0
2025-07-01T13:00:00+00:00,2.72,302.0,27.1
2025-07-01T14:00:00+00:00,1.79,154.0,25.3
2025-07-01T15:00:00+00:00,2.21,65.0,24.5
2025-07-01T16:00:00+00:00,1.84,6.0,23.3
2025-07-01T17:00:00+00:00,1.87,0.0,19.1
2025-07-01T18:00:00+00:00,1.7,0.0,18.8
2025-07-01T19:00:00+00:00,1.05,0.0,18.3
2025-07-01T20:00:00+00:00,0.34,0.0,16.1
2025-07-01T21:00:00+00:00,0.73,0.0,15.9
2025-07-01T22:00:00+00:00,0.47,0.0,16.5
2025-07-01T23:00:00+00:00,0.71,0.0,15.3
2025-07-02T00:00:00+00:00,0.74,16.0,15.7
2025-07-02T01:00:00+00:00,0.5,106.0,16.7
2025-07-02T02:00:00+00:00,0.25,242.0,23.4
2025-07-02T03:00:00+00:00,0.34,387.0,24.2
2025-07-02T04:00:00+00:00,0.57,542.0,24.6
2025-07-02T05:00:00+00:00,0.8,677.0,28.3
2025-07-02T06:00:00+00:00,0.96,782.0,28.6
2025-07-02T07:00:00+00:00,1.12,839.0,28.7
2025-07-02T08:00:00+00:00,1.28,855.0,30.4
2025-07-02T09:00:00+00:00,1.23,823.0,30.5
2025-07-02T10:00:00+00:00,1.68,744.0,30.8
2025-07-02T11:00:00+00:00,1.69,634.0,30.8
2025-07-02T12:00:00+00:00,1.56,494.0,30.8
2025-07-02T13:00:00+00:00,0.94,333.0,30.8
2025-07-02T14:00:00+00:00,0.81,193.0,28.8
2025-07-02T15:00:00+00:00,1.33,70.0,28.5
2025-07-02T16:00:00+00:00,1.75,6.0,27.8
2025-07-02T17:00:00+00:00,1.91,0.0,22.1
2025-07-02T18:00:00+00:00,2.16,0.0,21.2
2025-07-02T19:00:00+00:00,2.33,0.0,20.7
2025-07-02T20:00:00+00:00,2.26,0.0,19.2
2025-07-02T21:00:00+00:00,2.28,0.0,19.2
2025-07-02T22:00:00+00:00,2.21,0.0,18.1
2025-07-02T23:00:00+00:00,2.1,0.0,18.2
2025-07-03T00:00:00+00:00,1.54,15.0,19.0
2025-07-03T01:00:00+00:00,2.04,104.0,19.4
2025-07-03T02:00:00+00:00,1.54,242.0,25.3
2025-07-03T03:00:00+00:00,1.59,396.0,26.0
2025-07-03T04:00:00+00:00,1.79,537.0,26.5
2025-07-03T05:00:00+00:00,2.14,673.0,30.7
2025-07-03T06:00:00+00:00,2.36,781.0,30.9
2025-07-03T07:00:00+00:00,2.5,840.0,31.0
2025-07-03T08:00:00+00:00,2.69,822.0,32.0
2025-07-03T09:00:00+00:00,2.76,818.0,31.9
2025-07-03T10:00:00+00:00,3.12,646.0,31.3
2025-07-03T11:00:00+00:00,2.62,551.0,31.5
2025-07-03T12:00:00+00:00,2.2,452.0,31.7
2025-07-03T13:00:00+00:00,1.56,289.0,31.8
2025-07-03T14:00:00+00:00,1.31,166.0,29.7
2025-07-03T15:00:00+00:00,2.03,62.0,28.4
2025-07-03T16:00:00+00:00,2.66,6.0,27.8
2025-07-03T17:00:00+00:00,2.99,0.0,24.8
2025-07-03T18:00:00+00:00,3.41,0.0,24.6
2025-07-03T19:00:00+00:00,3.98,0.0,24.1
2025-07-03T20:00:00+00:00,4.06,0.0,22.4
2025-07-03T21:00:00+00:00,3.89,0.0,22.3
2025-07-03T22:00:00+00:00,3.16,0.0,22.0
2025-07-03T23:00:00+00:00,3.33,0.0,21.5
2025-07-04T00:00:00+00:00,3.58,13.0,21.5
2025-07-04T01:00:00+00:00,4.01,76.0,21.9
2025-07-04T02:00:00+00:00,4.58,155.0,24.6
2025-07-04T03:00:00+00:00,4.71,258.0,25.2
2025-07-04T04:00:00+00:00,4.96,352.0,25.8
2025-07-04T05:00:00+00:00,5.71,420.0,28.6
2025-07-04T06:00:00+00:00,4.93,531.0,28.9
2025-07-04T07:00:00+00:00,4.61,486.0,29.6
2025-07-04T08:00:00+00:00,4.96,456.0,30.3
2025-07-04T09:00:00+00:00,6.53,500.0,29.4
2025-07-04T10:00:00+00:00,5.17,411.0,27.0
2025-07-04T11:00:00+00:00,3.65,404.0,28.0
2025-07-04T12:00:00+00:00,3.3,275.0,27.9
2025-07-04T13:00:00+00:00,2.89,163.0,26.5
2025-07-04T14:00:00+00:00,2.51,109.0,22.3
2025-07-04T15:00:00+00:00,1.46,39.0,22.1
2025-07-04T16:00:00+00:00,1.17,4.0,21.7
2025-07-04T17:00:00+00:00,1.22,0.0,18.5
2025-07-04T18:00:00+00:00,3.4,0.0,18.7
2025-07-04T19:00:00+00:00,4.5,0.0,18.6
2025-07-04T20:00:00+00:00,3.78,0.0,16.5
2025-07-04T21:00:00+00:00,2.89,0.0,16.1
2025-07-04T22:00:00+00:00,1.64,0.0,14.7
2025-07-04T23:00:00+00:00,1.9,0.0,14.5
2025-07-05T00:00:00+00:00,2.51,14.0,14.6
2025-07-05T01:00:00+00:00,3.3,98.0,15.2
2025-07-05T02:00:00+00:00,4.04,210.0,18.4
2025-07-05T03:00:00+00:00,4.94,358.0,19.0
2025-07-05T04:00:00+00:00,5.3,463.0,18.7
2025-07-05T05:00:00+00:00,5.28,576.0,20.8
2025-07-05T06:00:00+00:00,5.38,591.0,21.2
2025-07-05T07:00:00+00:00,5.99,615.0,21.8
2025-07-05T08:00:00+00:00,6.32,656.0,20.8
2025-07-05T09:00:00+00:00,6.1,614.0,21.8
2025-07-05T10:00:00+00:00,6.24,595.0,23.2
2025-07-05T11:00:00+00:00,6.31,483.0,23.3
2025-07-05T12:00:00+00:00,6.53,422.0,23.5
2025-07-05T13:00:00+00:00,5.88,262.0,23.1
2025-07-05T14:00:00+00:00,4.88,152.0,21.3
2025-07-05T15:00:00+00:00,4.16,56.0,21.1
2025-07-05T16:00:00+00:00,3.41,5.0,20.5
2025-07-05T17:00:00+00:00,3.31,0.0,17.0
2025-07-05T18:00:00+00:00,3.47,0.0,16.8
2025-07-05T19:00:00+00:00,3.34,0.0,16.6
2025-07-05T20:00:00+00:00,3.15,0.0,15.3
2025-07-05T21:00:00+00:00,3.32,0.0,15.2
2025-07-05T22:00:00+00:00,3.55,0.0,14.4
2025-07-05T23:00:00+00:00,3.55,0.0,14.4
2025-07-06T00:00:00+00:00,3.63,15.0,14.4
2025-07-06T01:00:00+00:00,3.91,104.0,14.8
2025-07-06T02:00:00+00:00,4.16,243.0,20.1
2025-07-06T03:00:00+00:00,4.44,399.0,20.7
2025-07-06T04:00:00+00:00,4.67,552.0,21.3
2025-07-06T05:00:00+00:00,5.25,686.0,24.3
2025-07-06T06:00:00+00:00,5.37,793.0,24.7
2025-07-06T07:00:00+00:00,5.33,715.0,24.9
2025-07-06T08:00:00+00:00,5.14,623.0,26.8
2025-07-06T09:00:00+00:00,4.76,596.0,26.9
2025-07-06T10:00:00+00:00,4.88,491.0,27.5
2025-07-06T11:00:00+00:00,4.68,275.0,27.0
2025-07-06T12:00:00+00:00,4.88,340.0,27.3
2025-07-06T13:00:00+00:00,3.21,302.0,27.4
2025-07-06T14:00:00+00:00,2.26,171.0,25.1
2025-07-06T15:00:00+00:00,1.94,67.0,23.8
2025-07-06T16:00:00+00:00,2.22,5.0,23.0
2025-07-06T17:00:00+00:00,2.28,0.0,19.0
2025-07-06T18:00:00+00:00,2.26,0.0,18.6
2025-07-06T19:00:00+00:00,2.18,0.0,18.1
2025-07-06T20:00:00+00:00,1.9,0.0,16.7
2025-07-06T21:00:00+00:00,2.0,0.0,16.4
2025-07-06T22:00:00+00:00,2.47,0.0,15.9
2025-07-06T23:00:00+00:00,2.6,0.0,16.1
2025-07-07T00:00:00+00:00,3.15,12.0,17.0
2025-07-07T01:00:00+00:00,3.6,84.0,17.0
2025-07-07T02:00:00+00:00,4.19,175.0,18.7
2025-07-07T03:00:00+00:00,4.07,284.0,18.5
2025-07-07T04:00:00+00:00,4.21,414.0,18.5
2025-07-07T05:00:00+00:00,4.49,536.0,21.5
2025-07-07T06:00:00+00:00,4.87,749.0,22.5
2025-07-07T07:00:00+00:00,5.23,781.0,23.1
2025-07-07T08:00:00+00:00,5.48,760.0,24.8
2025-07-07T09:00:00+00:00,5.3,732.0,24.9
2025-07-07T10:00:00+00:00,5.33,686.0,25.0
2025-07-07T11:00:00+00:00,5.51,591.0,25.0
2025-07-07T12:00:00+00:00,5.3,476.0,25.1
2025-07-07T13:00:00+00:00,4.89,352.0,25.1
2025-07-07T14:00:00+00:00,3.89,197.0,22.5
2025-07-07T15:00:00+00:00,3.35,65.0,21.9
2025-07-07T16:00:00+00:00,3.3,5.0,21.4
2025-07-07T17:00:00+00:00,3.11,0.0,16.0
2025-07-07T18:00:00+00:00,2.85,0.0,15.5
2025-07-07T19:00:00+00:00,2.57,0.0,15.4
2025-07-07T20:00:00+00:00,2.38,0.0,12.8
2025-07-07T21:00:00+00:00,2.22,0.0,12.3
2025-07-07T22:00:00+00:00,2.36,0.0,10.4
2025-07-07T23:00:00+00:00,2.16,0.0,10.9
2025-07-08T00:00:00+00:00,2.36,13.0,11.2
2025-07-08T01:00:00+00:00,2.42,84.0,12.1
2025-07-08T02:00:00+00:00,2.39,192.0,17.9
2025-07-08T03:00:00+00:00,2.53,357.0,18.4
2025-07-08T04:00:00+00:00,2.73,512.0,18.6
2025-07-08T05:00:00+00:00,2.98,633.0,20.6
2025-07-08T06:00:00+00:00,3.08,793.0,21.8
2025-07-08T07:00:00+00:00,3.01,767.0,21.8
2025-07-08T08:00:00+00:00,2.9,791.0,23.5
2025-07-08T09:00:00+00:00,2.8,729.0,23.8
2025-07-08T10:00:00+00:00,2.95,677.0,24.8
2025-07-08T11:00:00+00:00,3.4,517.0,24.7
2025-07-08T12:00:00+00:00,3.7,351.0,24.3
2025-07-08T13:00:00+00:00,3.68,273.0,24.0
2025-07-08T14:00:00+00:00,3.65,168.0,21.8
2025-07-08T15:00:00+00:00,3.67,64.0,21.1
2025-07-08T16:00:00+00:00,3.62,5.0,21.1
2025-07-08T17:00:00+00:00,3.46,0.0,17.0
2025-07-08T18:00:00+00:00,3.03,0.0,16.8
2025-07-08T19:00:00+00:00,2.6,0.0,16.9
2025-07-08T20:00:00+00:00,2.48,0.0,15.0
2025-07-08T21:00:00+00:00,2.59,0.0,14.6
2025-07-08T22:00:00+00:00,2.64,0.0,13.0
2025-07-08T23:00:00+00:00,2.64,0.0,12.8
2025-07-09T00:00:00+00:00,2.59,12.0,12.7
2025-07-09T01:00:00+00:00,2.9,87.0,13.2
2025-07-09T02:00:00+00:00,2.87,204.0,18.8
2025-07-09T03:00:00+00:00,3.08,341.0,19.1
2025-07-09T04:00:00+00:00,3.79,501.0,19.6
2025-07-09T05:00:00+00:00,4.63,691.0,22.7
2025-07-09T06:00:00+00:00,5.15,811.0,23.3
2025-07-09T07:00:00+00:00,4.89,736.0,23.6
2025-07-09T08:00:00+00:00,4.76,672.0,24.6
2025-07-09T09:00:00+00:00,4.64,644.0,24.6
2025-07-09T10:00:00+00:00,4.21,550.0,24.0
2025-07-09T11:00:00+00:00,3.75,519.0,24.4
2025-07-09T12:00:00+00:00,3.19,413.0,24.5
2025-07-09T13:00:00+00:00,3.02,300.0,24.4
2025-07-09T14:00:00+00:00,2.52,185.0,22.4
2025-07-09T15:00:00+00:00,2.7,63.0,21.5
2025-07-09T16:00:00+00:00,3.21,3.0,21.4
2025-07-09T17:00:00+00:00,3.26,0.0,17.5
2025-07-09T18:00:00+00:00,3.29,0.0,17.1
2025-07-09T19:00:00+00:00,3.08,0.0,17.0
2025-07-09T20:00:00+00:00,2.73,0.0,14.9
2025-07-09T21:00:00+00:00,2.59,0.0,14.6
2025-07-09T22:00:00+00:00,2.63,0.0,13.2
2025-07-09T23:00:00+00:00,2.61,0.0,13.0
2025-07-10T00:00:00+00:00,2.61,12.0,13.0
2025-07-10T01:00:00+00:00,2.72,95.0,13.5
2025-07-10T02:00:00+00:00,2.56,222.0,19.0
2025-07-10T03:00:00+00:00,2.51,369.0,19.6
2025-07-10T04:00:00+00:00,2.55,515.0,20.3
2025-07-10T05:00:00+00:00,2.45,639.0,23.6
2025-07-10T06:00:00+00:00,2.38,487.0,23.1
2025-07-10T07:00:00+00:00,1.97,582.0,23.6
2025-07-10T08:00:00+00:00,1.77,669.0,25.5
2025-07-10T09:00:00+00:00,1.75,506.0,25.8
2025-07-10T10:00:00+00:00,1.84,502.0,25.4
2025-07-10T11:00:00+00:00,2.38,502.0,25.5
2025-07-10T12:00:00+00:00,2.52,377.0,25.3
2025-07-10T13:00:00+00:00,2.29,277.0,25.6
2025-07-10T14:00:00+00:00,1.36,153.0,24.1
2025-07-10T15:00:00+00:00,2.12,59.0,22.3
2025-07-10T16:00:00+00:00,2.44,4.0,21.6
2025-07-10T17:00:00+00:00,2.37,0.0,17.8
2025-07-10T18:00:00+00:00,2.06,0.0,18.1
2025-07-10T19:00:00+00:00,1.74,0.0,17.8
2025-07-10T20:00:00+00:00,1.4,0.0,15.1
2025-07-10T21:00:00+00:00,1.82,0.0,14.1
2025-07-10T22:00:00+00:00,2.01,0.0,13.0
2025-07-10T23:00:00+00:00,2.29,0.0,13.1
2025-07-11T00:00:00+00:00,1.82,11.0,13.9
2025-07-11T01:00:00+00:00,2.27,88.0,14.9
2025-07-11T02:00:00+00:00,1.8,212.0,21.6
2025-07-11T03:00:00+00:00,1.88,323.0,22.2
2025-07-11T04:00:00+00:00,2.25,481.0,23.0
2025-07-11T05:00:00+00:00,2.86,628.0,26.7
2025-07-11T06:00:00+00:00,3.4,659.0,26.9
2025-07-11T07:00:00+00:00,3.88,671.0,27.1
2025-07-11T08:00:00+00:00,4.11,584.0,28.4
2025-07-11T09:00:00+00:00,4.27,539.0,28.2
2025-07-11T10:00:00+00:00,4.62,523.0,27.3
2025-07-11T11:00:00+00:00,4.65,437.0,27.4
2025-07-11T12:00:00+00:00,4.28,390.0,26.8
2025-07-11T13:00:00+00:00,4.03,273.0,27.2
2025-07-11T14:00:00+00:00,2.66,145.0,24.8
2025-07-11T15:00:00+00:00,2.2,57.0,23.5
2025-07-11T16:00:00+00:00,2.87,4.0,23.5
2025-07-11T17:00:00+00:00,3.55,0.0,20.7
2025-07-11T18:00:00+00:00,3.42,0.0,20.1
2025-07-11T19:00:00+00:00,3.2,0.0,19.6
2025-07-11T20:00:00+00:00,3.09,0.0,17.2
2025-07-11T21:00:00+00:00,3.09,0.0,16.9
2025-07-11T22:00:00+00:00,3.5,0.0,14.9
2025-07-11T23:00:00+00:00,3.22,0.0,14.6
2025-07-12T00:00:00+00:00,3.16,10.0,14.5
2025-07-12T01:00:00+00:00,3.79,82.0,15.0
2025-07-12T02:00:00+00:00,4.51,180.0,17.9
2025-07-12T03:00:00+00:00,4.62,260.0,18.0
2025-07-12T04:00:00+00:00,4.67,369.0,18.0
2025-07-12T05:00:00+00:00,4.9,413.0,19.9
2025-07-12T06:00:00+00:00,4.7,461.0,20.3
2025-07-12T07:00:00+00:00,4.69,381.0,20.5
2025-07-12T08:00:00+00:00,4.78,557.0,22.3
2025-07-12T09:00:00+00:00,4.92,548.0,22.6
2025-07-12T10:00:00+00:00,4.98,517.0,23.3
2025-07-12T11:00:00+00:00,4.91,434.0,23.4
2025-07-12T12:00:00+00:00,4.46,323.0,23.4
2025-07-12T13:00:00+00:00,3.22,249.0,23.4
2025-07-12T14:00:00+00:00,1.33,153.0,21.9
2025-07-12T15:00:00+00:00,1.79,61.0,20.7
2025-07-12T16:00:00+00:00,2.15,4.0,21.4
2025-07-12T17:00:00+00:00,2.1,0.0,17.5
2025-07-12T18:00:00+00:00,2.11,0.0,16.2
2025-07-12T19:00:00+00:00,1.8,0.0,15.2
2025-07-12T20:00:00+00:00,2.08,0.0,13.2
2025-07-12T21:00:00+00:00,1.9,0.0,13.4
2025-07-12T22:00:00+00:00,3.05,0.0,13.5
2025-07-12T23:00:00+00:00,3.35,0.0,13.7
2025-07-13T00:00:00+00:00,3.34,7.0,13.3
2025-07-13T01:00:00+00:00,3.21,75.0,14.2
2025-07-13T02:00:00+00:00,3.3,177.0,17.3
2025-07-13T03:00:00+00:00,3.35,356.0,17.6
2025-07-13T04:00:00+00:00,3.41,524.0,18.2
2025-07-13T05:00:00+00:00,3.6,661.0,20.8
2025-07-13T06:00:00+00:00,3.66,730.0,21.2
2025-07-13T07:00:00+00:00,4.1,557.0,21.3
2025-07-13T08:00:00+00:00,4.58,556.0,22.4
2025-07-13T09:00:00+00:00,4.86,465.0,22.1
2025-07-13T10:00:00+00:00,4.3,445.0,21.8
2025-07-13T11:00:00+00:00,4.09,310.0,21.6
2025-07-13T12:00:00+00:00,3.97,225.0,21.7
2025-07-13T13:00:00+00:00,4.01,166.0,21.6
2025-07-13T14:00:00+00:00,3.86,134.0,19.5
2025-07-13T15:00:00+00:00,2.81,41.0,19.4
2025-07-13T16:00:00+00:00,2.2,3.0,19.2
2025-07-13T17:00:00+00:00,1.96,0.0,15.2
2025-07-13T18:00:00+00:00,1.95,0.0,13.8
2025-07-13T19:00:00+00:00,1.93,0.0,13.5
2025-07-13T20:00:00+00:00,1.84,0.0,11.8
2025-07-13T21:00:00+00:00,1.9,0.0,12.0
2025-07-13T22:00:00+00:00,1.94,0.0,10.3
2025-07-13T23:00:00+00:00,1.93,0.0,10.2
2025-07-14T00:00:00+00:00,1.68,10.0,10.5
2025-07-14T01:00:00+00:00,2.1,93.0,11.6
2025-07-14T02:00:00+00:00,1.86,232.0,16.8
2025-07-14T03:00:00+00:00,2.16,385.0,17.8
2025-07-14T04:00:00+00:00,2.99,545.0,18.2
2025-07-14T05:00:00+00:00,4.03,678.0,21.0
2025-07-14T06:00:00+00:00,4.99,664.0,21.0
2025-07-14T07:00:00+00:00,4.79,479.0,20.8
2025-07-14T08:00:00+00:00,4.72,361.0,21.3
2025-07-14T09:00:00+00:00,4.64,391.0,21.1
2025-07-14T10:00:00+00:00,3.93,422.0,21.7
2025-07-14T11:00:00+00:00,3.72,417.0,21.9
2025-07-14T12:00:00+00:00,3.89,307.0,21.7
2025-07-14T13:00:00+00:00,3.67,206.0,21.3
2025-07-14T14:00:00+00:00,3.33,137.0,19.8
2025-07-14T15:00:00+00:00,2.46,55.0,19.3
2025-07-14T16:00:00+00:00,2.17,3.0,18.2
2025-07-14T17:00:00+00:00,1.72,0.0,14.6
2025-07-14T18:00:00+00:00,1.71,0.0,14.0
2025-07-14T19:00:00+00:00,1.8,0.0,14.1
2025-07-14T20:00:00+00:00,1.7,0.0,12.6
2025-07-14T21:00:00+00:00,1.5,0.0,12.8
2025-07-14T22:00:00+00:00,1.37,0.0,12.0
2025-07-14T23:00:00+00:00,1.57,0.0,11.9
2025-07-15T00:00:00+00:00,1.17,6.0,12.7
2025-07-15T01:00:00+00:00,1.12,57.0,13.1
2025-07-15T02:00:00+00:00,1.2,125.0,17.1
2025-07-15T03:00:00+00:00,1.95,229.0,17.3
2025-07-15T04:00:00+00:00,2.56,304.0,17.5
2025-07-15T05:00:00+00:00,2.85,455.0,20.4
2025-07-15T06:00:00+00:00,2.91,469.0,20.2
2025-07-15T07:00:00+00:00,2.79,560.0,20.4
2025-07-15T08:00:00+00:00,2.65,496.0,22.4
2025-07-15T09:00:00+00:00,2.35,463.0,22.6
2025-07-15T10:00:00+00:00,2.1,473.0,23.5
2025-07-15T11:00:00+00:00,1.85,362.0,23.9
2025-07-15T12:00:00+00:00,1.71,298.0,23.6
2025-07-15T13:00:00+00:00,1.71,239.0,23.9
2025-07-15T14:00:00+00:00,0.94,141.0,22.4
2025-07-15T15:00:00+00:00,1.48,45.0,22.0
2025-07-15T16:00:00+00:00,1.5,3.0,21.5
2025-07-15T17:00:00+00:00,1.4,0.0,16.0
2025-07-15T18:00:00+00:00,1.57,0.0,15.2
2025-07-15T19:00:00+00:00,1.77,0.0,14.8
2025-07-15T20:00:00+00:00,2.09,0.0,12.9
2025-07-15T21:00:00+00:00,2.3,0.0,12.8
2025-07-15T22:00:00+00:00,2.13,0.0,12.2
2025-07-15T23:00:00+00:00,2.4,0.0,11.8
2025-07-16T00:00:00+00:00,1.86,8.0,12.4
2025-07-16T01:00:00+00:00,2.1,89.0,13.8
2025-07-16T02:00:00+00:00,1.32,226.0,20.8
2025-07-16T03:00:00+00:00,1.35,384.0,21.7
2025-07-16T04:00:00+00:00,1.73,537.0,22.3
2025-07-16T05:00:00+00:00,1.77,672.0,26.3
2025-07-16T06:00:00+00:00,1.53,776.0,26.3
2025-07-16T07:00:00+00:00,1.53,841.0,26.6
2025-07-16T08:00:00+00:00,1.78,861.0,28.3
2025-07-16T09:00:00+00:00,1.97,833.0,28.5
2025-07-16T10:00:00+00:00,2.56,761.0,29.1
2025-07-16T11:00:00+00:00,2.44,651.0,29.1
2025-07-16T12:00:00+00:00,2.3,511.0,29.1
2025-07-16T13:00:00+00:00,1.99,355.0,29.0
2025-07-16T14:00:00+00:00,1.1,198.0,26.7
2025-07-16T15:00:00+00:00,0.75,67.0,27.2
2025-07-16T16:00:00+00:00,2.01,3.0,25.2
2025-07-16T17:00:00+00:00,2.24,0.0,18.6
2025-07-16T18:00:00+00:00,2.27,0.0,18.8
2025-07-16T19:00:00+00:00,2.29,0.0,19.1
2025-07-16T20:00:00+00:00,2.33,0.0,18.1
2025-07-16T21:00:00+00:00,2.22,0.0,17.9
2025-07-16T22:00:00+00:00,2.26,0.0,15.7
2025-07-16T23:00:00+00:00,2.39,0.0,16.0
2025-07-17T00:00:00+00:00,1.84,6.0,16.9
2025-07-17T01:00:00+00:00,0.45,73.0,16.7
2025-07-17T02:00:00+00:00,1.94,165.0,21.7
2025-07-17T03:00:00+00:00,2.33,310.0,22.3
2025-07-17T04:00:00+00:00,2.73,433.0,22.9
2025-07-17T05:00:00+00:00,3.16,602.0,27.3
2025-07-17T06:00:00+00:00,3.36,750.0,28.1
2025-07-17T07:00:00+00:00,3.29,791.0,28.6
2025-07-17T08:00:00+00:00,3.53,849.0,29.9
2025-07-17T09:00:00+00:00,3.88,835.0,29.9
2025-07-17T10:00:00+00:00,3.58,693.0,29.9
2025-07-17T11:00:00+00:00,3.6,597.0,29.8
2025-07-17T12:00:00+00:00,3.52,414.0,29.6
2025-07-17T13:00:00+00:00,3.02,312.0,29.5
2025-07-17T14:00:00+00:00,1.91,174.0,26.6
2025-07-17T15:00:00+00:00,2.18,58.0,25.6
2025-07-17T16:00:00+00:00,2.45,2.0,24.6
2025-07-17T17:00:00+00:00,2.36,0.0,19.7
2025-07-17T18:00:00+00:00,2.36,0.0,19.6
2025-07-17T19:00:00+00:00,2.34,0.0,19.3
2025-07-17T20:00:00+00:00,1.87,0.0,17.0
2025-07-17T21:00:00+00:00,1.79,0.0,16.8
2025-07-17T22:00:00+00:00,1.98,0.0,15.6
2025-07-17T23:00:00+00:00,1.86,0.0,15.0
2025-07-18T00:00:00+00:00,1.35,7.0,14.7
2025-07-18T01:00:00+00:00,1.02,81.0,15.7
2025-07-18T02:00:00+00:00,0.76,201.0,22.0
2025-07-18T03:00:00+00:00,0.6,337.0,22.7
2025-07-18T04:00:00+00:00,0.49,516.0,23.4
2025-07-18T05:00:00+00:00,0.34,634.0,27.9
2025-07-18T06:00:00+00:00,0.7,576.0,28.2
2025-07-18T07:00:00+00:00,1.09,676.0,28.7
2025-07-18T08:00:00+00:00,1.81,714.0,30.5
2025-07-18T09:00:00+00:00,2.43,617.0,31.3
2025-07-18T10:00:00+00:00,2.37,297.0,29.3
2025-07-18T11:00:00+00:00,1.12,183.0,27.2
2025-07-18T12:00:00+00:00,1.92,273.0,26.8
2025-07-18T13:00:00+00:00,1.25,155.0,26.4
2025-07-18T14:00:00+00:00,0.86,62.0,23.3
2025-07-18T15:00:00+00:00,2.53,14.0,23.3
2025-07-18T16:00:00+00:00,3.02,1.0,22.5
2025-07-18T17:00:00+00:00,3.59,0.0,18.8
2025-07-18T18:00:00+00:00,4.17,0.0,19.0
2025-07-18T19:00:00+00:00,4.32,0.0,18.5
2025-07-18T20:00:00+00:00,3.98,0.0,17.3
2025-07-18T21:00:00+00:00,3.8,0.0,17.3
2025-07-18T22:00:00+00:00,3.33,0.0,15.5
2025-07-18T23:00:00+00:00,3.21,0.0,15.6
2025-07-19T00:00:00+00:00,3.68,6.0,15.7
2025-07-19T01:00:00+00:00,4.21,66.0,16.1
2025-07-19T02:00:00+00:00,4.4,135.0,17.2
2025-07-19T03:00:00+00:00,4.5,200.0,17.1
2025-07-19T04:00:00+00:00,4.76,324.0,17.1
2025-07-19T05:00:00+00:00,5.1,443.0,18.9
2025-07-19T06:00:00+00:00,5.61,598.0,19.5
2025-07-19T07:00:00+00:00,5.59,759.0,19.8
2025-07-19T08:00:00+00:00,5.5,741.0,21.7
2025-07-19T09:00:00+00:00,5.52,756.0,22.0
2025-07-19T10:00:00+00:00,5.84,642.0,21.6
2025-07-19T11:00:00+00:00,5.8,518.0,21.4
2025-07-19T12:00:00+00:00,5.72,392.0,21.5
2025-07-19T13:00:00+00:00,5.48,259.0,21.2
2025-07-19T14:00:00+00:00,5.04,172.0,18.8
2025-07-19T15:00:00+00:00,3.9,57.0,18.5
2025-07-19T16:00:00+00:00,3.43,2.0,17.9
2025-07-19T17:00:00+00:00,2.96,0.0,13.3
2025-07-19T18:00:00+00:00,2.55,0.0,12.9
2025-07-19T19:00:00+00:00,2.21,0.0,12.8
2025-07-19T20:00:00+00:00,2.01,0.0,10.7
2025-07-19T21:00:00+00:00,1.86,0.0,10.5
2025-07-19T22:00:00+00:00,2.07,0.0,9.0
2025-07-19T23:00:00+00:00,1.94,0.0,8.9
2025-07-20T00:00:00+00:00,1.93,6.0,8.9
2025-07-20T01:00:00+00:00,2.19,83.0,9.8
2025-07-20T02:00:00+00:00,2.0,221.0,16.2
2025-07-20T03:00:00+00:00,1.85,379.0,16.9
2025-07-20T04:00:00+00:00,1.56,535.0,17.2
2025-07-20T05:00:00+00:00,1.21,671.0,20.4
2025-07-20T06:00:00+00:00,1.31,776.0,21.1
2025-07-20T07:00:00+00:00,1.61,840.0,21.4
2025-07-20T08:00:00+00:00,1.75,858.0,23.8
2025-07-20T09:00:00+00:00,1.73,830.0,24.1
2025-07-20T10:00:00+00:00,2.17,757.0,25.3
2025-07-20T11:00:00+00:00,2.35,646.0,25.4
2025-07-20T12:00:00+00:00,2.3,505.0,25.5
2025-07-20T13:00:00+00:00,2.26,347.0,25.5
2025-07-20T14:00:00+00:00,1.53,191.0,23.7
2025-07-20T15:00:00+00:00,2.23,61.0,22.5
2025-07-20T16:00:00+00:00,2.27,2.0,22.2
2025-07-20T17:00:00+00:00,2.51,0.0,15.9
2025-07-20T18:00:00+00:00,2.55,0.0,15.8
2025-07-20T19:00:00+00:00,2.55,0.0,16.1
2025-07-20T20:00:00+00:00,2.7,0.0,13.4
2025-07-20T21:00:00+00:00,2.75,0.0,12.7
2025-07-20T22:00:00+00:00,2.48,0.0,11.0
2025-07-20T23:00:00+00:00,2.41,0.0,10.9
2025-07-21T00:00:00+00:00,2.22,6.0,10.8
2025-07-21T01:00:00+00:00,2.06,81.0,12.1
2025-07-21T02:00:00+00:00,1.57,220.0,19.9
2025-07-21T03:00:00+00:00,1.81,379.0,20.7
2025-07-21T04:00:00+00:00,2.41,535.0,21.0
2025-07-21T05:00:00+00:00,2.8,672.0,24.9
2025-07-21T06:00:00+00:00,2.8,777.0,25.7
2025-07-21T07:00:00+00:00,2.8,843.0,25.8
2025-07-21T08:00:00+00:00,2.91,860.0,27.5
2025-07-21T09:00:00+00:00,3.01,831.0,27.6
2025-07-21T10:00:00+00:00,2.86,758.0,28.0
2025-07-21T11:00:00+00:00,2.91,646.0,28.2
2025-07-21T12:00:00+00:00,2.99,507.0,28.1
2025-07-21T13:00:00+00:00,2.77,345.0,28.0
2025-07-21T14:00:00+00:00,1.68,189.0,25.4
2025-07-21T15:00:00+00:00,2.41,59.0,24.0
2025-07-21T16:00:00+00:00,2.58,1.0,23.3
2025-07-21T17:00:00+00:00,2.39,0.0,18.1
2025-07-21T18:00:00+00:00,2.8,0.0,18.6
2025-07-21T19:00:00+00:00,3.26,0.0,19.0
2025-07-21T20:00:00+00:00,3.3,0.0,16.5
2025-07-21T21:00:00+00:00,3.22,0.0,16.0
2025-07-21T22:00:00+00:00,3.13,0.0,14.8
2025-07-21T23:00:00+00:00,2.78,0.0,14.6
2025-07-22T00:00:00+00:00,2.64,5.0,14.5
2025-07-22T01:00:00+00:00,2.85,76.0,14.8
2025-07-22T02:00:00+00:00,2.54,212.0,21.3
2025-07-22T03:00:00+00:00,2.3,368.0,21.8
2025-07-22T04:00:00+00:00,1.77,523.0,22.4
2025-07-22T05:00:00+00:00,1.05,657.0,26.9
2025-07-22T06:00:00+00:00,0.72,761.0,27.2
2025-07-22T07:00:00+00:00,0.78,826.0,27.5
2025-07-22T08:00:00+00:00,0.57,846.0,29.1
2025-07-22T09:00:00+00:00,0.47,803.0,29.1
2025-07-22T10:00:00+00:00,1.14,692.0,29.2
2025-07-22T11:00:00+00:00,1.98,501.0,29.1
2025-07-22T12:00:00+00:00,2.39,360.0,29.1
2025-07-22T13:00:00+00:00,2.6,259.0,29.1
2025-07-22T14:00:00+00:00,2.06,109.0,25.7
2025-07-22T15:00:00+00:00,2.16,26.0,25.5
2025-07-22T16:00:00+00:00,2.23,1.0,25.2
2025-07-22T17:00:00+00:00,2.2,0.0,21.9
2025-07-22T18:00:00+00:00,2.24,0.0,21.9
2025-07-22T19:00:00+00:00,2.16,0.0,21.4
2025-07-22T20:00:00+00:00,2.11,0.0,18.7
2025-07-22T21:00:00+00:00,2.33,0.0,18.1
2025-07-22T22:00:00+00:00,2.23,0.0,15.6
2025-07-22T23:00:00+00:00,2.11,0.0,15.7
2025-07-23T00:00:00+00:00,1.76,4.0,15.6
2025-07-23T01:00:00+00:00,1.91,74.0,16.4
2025-07-23T02:00:00+00:00,1.17,208.0,22.1
2025-07-23T03:00:00+00:00,1.27,355.0,23.1
2025-07-23T04:00:00+00:00,2.09,514.0,23.8
2025-07-23T05:00:00+00:00,2.71,664.0,27.2
2025-07-23T06:00:00+00:00,2.88,730.0,27.5
2025-07-23T07:00:00+00:00,2.74,548.0,27.2
2025-07-23T08:00:00+00:00,2.41,548.0,28.1
2025-07-23T09:00:00+00:00,1.82,654.0,27.9
2025-07-23T10:00:00+00:00,2.22,515.0,28.5
2025-07-23T11:00:00+00:00,2.34,416.0,28.6
2025-07-23T12:00:00+00:00,1.99,261.0,28.7
2025-07-23T13:00:00+00:00,1.88,174.0,28.8
2025-07-23T14:00:00+00:00,2.56,87.0,25.4
2025-07-23T15:00:00+00:00,3.46,21.0,24.9
2025-07-23T16:00:00+00:00,3.78,0.0,24.6
2025-07-23T17:00:00+00:00,3.87,0.0,21.6
2025-07-23T18:00:00+00:00,3.98,0.0,21.0
2025-07-23T19:00:00+00:00,4.19,0.0,20.9
2025-07-23T20:00:00+00:00,3.77,0.0,18.8
2025-07-23T21:00:00+00:00,3.61,0.0,18.7
2025-07-23T22:00:00+00:00,3.69,0.0,17.7
2025-07-23T23:00:00+00:00,3.74,0.0,17.7
2025-07-24T00:00:00+00:00,3.7,4.0,17.1
2025-07-24T01:00:00+00:00,4.01,72.0,16.7
2025-07-24T02:00:00+00:00,4.59,209.0,20.2
2025-07-24T03:00:00+00:00,4.45,363.0,20.5
2025-07-24T04:00:00+00:00,4.28,515.0,20.7
2025-07-24T05:00:00+00:00,4.32,648.0,24.5
2025-07-24T06:00:00+00:00,4.49,738.0,25.1
2025-07-24T07:00:00+00:00,4.25,788.0,25.3
2025-07-24T08:00:00+00:00,3.51,820.0,27.6
2025-07-24T09:00:00+00:00,3.23,798.0,27.8
2025-07-24T10:00:00+00:00,3.74,723.0,28.4
2025-07-24T11:00:00+00:00,3.95,623.0,28.7
2025-07-24T12:00:00+00:00,4.45,462.0,28.7
2025-07-24T13:00:00+00:00,5.17,329.0,28.3
2025-07-24T14:00:00+00:00,5.54,171.0,24.4
2025-07-24T15:00:00+00:00,5.78,48.0,23.5
2025-07-24T16:00:00+00:00,5.47,1.0,22.9
2025-07-24T17:00:00+00:00,4.96,0.0,19.0
2025-07-24T18:00:00+00:00,4.75,0.0,18.6
2025-07-24T19:00:00+00:00,4.62,0.0,18.4
2025-07-24T20:00:00+00:00,4.15,0.0,16.3
2025-07-24T21:00:00+00:00,3.66,0.0,16.2
2025-07-24T22:00:00+00:00,3.13,0.0,15.6
2025-07-24T23:00:00+00:00,2.13,0.0,14.9
2025-07-25T00:00:00+00:00,1.7,2.0,14.9
2025-07-25T01:00:00+00:00,2.43,39.0,15.3
2025-07-25T02:00:00+00:00,2.38,105.0,17.7
2025-07-25T03:00:00+00:00,2.44,193.0,18.3
2025-07-25T04:00:00+00:00,2.49,418.0,20.0
2025-07-25T05:00:00+00:00,2.72,511.0,24.0
2025-07-25T06:00:00+00:00,2.83,648.0,25.5
2025-07-25T07:00:00+00:00,3.65,535.0,26.2
2025-07-25T08:00:00+00:00,4.0,568.0,27.8
2025-07-25T09:00:00+00:00,4.44,698.0,27.6
2025-07-25T10:00:00+00:00,6.17,674.0,25.6
2025-07-25T11:00:00+00:00,4.92,405.0,25.6
2025-07-25T12:00:00+00:00,4.71,309.0,25.8
2025-07-25T13:00:00+00:00,3.21,197.0,21.2
2025-07-25T14:00:00+00:00,3.7,80.0,19.2
2025-07-25T15:00:00+00:00,3.63,27.0,19.5
2025-07-25T16:00:00+00:00,3.46,0.0,19.6
2025-07-25T17:00:00+00:00,3.46,0.0,18.3
2025-07-25T18:00:00+00:00,3.21,0.0,18.4
2025-07-25T19:00:00+00:00,3.0,0.0,18.6
2025-07-25T20:00:00+00:00,2.82,0.0,17.7
2025-07-25T21:00:00+00:00,2.51,0.0,17.7
2025-07-25T22:00:00+00:00,2.85,0.0,17.0
2025-07-25T23:00:00+00:00,2.73,0.0,16.9
2025-07-26T00:00:00+00:00,2.57,2.0,16.9
2025-07-26T01:00:00+00:00,2.87,53.0,17.2
2025-07-26T02:00:00+00:00,3.0,184.0,21.0
2025-07-26T03:00:00+00:00,3.62,336.0,21.7
2025-07-26T04:00:00+00:00,4.1,478.0,22.0
2025-07-26T05:00:00+00:00,4.46,607.0,25.3
2025-07-26T06:00:00+00:00,4.62,650.0,25.4
2025-07-26T07:00:00+00:00,4.76,712.0,25.5
2025-07-26T08:00:00+00:00,4.71,774.0,25.8
2025-07-26T09:00:00+00:00,4.7,507.0,25.5
2025-07-26T10:00:00+00:00,4.35,396.0,24.5
2025-07-26T11:00:00+00:00,3.89,444.0,25.3
2025-07-26T12:00:00+00:00,2.49,303.0,24.3
2025-07-26T13:00:00+00:00,2.06,156.0,22.4
2025-07-26T14:00:00+00:00,2.5,101.0,19.6
2025-07-26T15:00:00+00:00,0.96,23.0,19.7
2025-07-26T16:00:00+00:00,1.27,0.0,19.4
2025-07-26T17:00:00+00:00,1.94,0.0,17.4
2025-07-26T18:00:00+00:00,1.46,0.0,17.5
2025-07-26T19:00:00+00:00,1.17,0.0,17.8
2025-07-26T20:00:00+00:00,1.18,0.0,16.3
2025-07-26T21:00:00+00:00,1.56,0.0,16.1
2025-07-26T22:00:00+00:00,2.38,0.0,16.4
2025-07-26T23:00:00+00:00,2.67,0.0,16.6
2025-07-27T00:00:00+00:00,2.52,2.0,16.8
2025-07-27T01:00:00+00:00,2.7,35.0,17.0
2025-07-27T02:00:00+00:00,2.95,138.0,19.7
2025-07-27T03:00:00+00:00,2.76,229.0,19.2
2025-07-27T04:00:00+00:00,2.53,302.0,19.3
2025-07-27T05:00:00+00:00,2.42,427.0,23.1
2025-07-27T06:00:00+00:00,3.11,618.0,24.8
2025-07-27T07:00:00+00:00,4.66,598.0,25.6
2025-07-27T08:00:00+00:00,4.4,608.0,27.1
2025-07-27T09:00:00+00:00,3.7,484.0,25.0
2025-07-27T10:00:00+00:00,5.24,428.0,22.3
2025-07-27T11:00:00+00:00,5.22,297.0,21.4
2025-07-27T12:00:00+00:00,5.32,227.0,21.3
2025-07-27T13:00:00+00:00,5.82,184.0,20.2
2025-07-27T14:00:00+00:00,5.94,62.0,18.1
2025-07-27T15:00:00+00:00,5.72,15.0,18.3
2025-07-27T16:00:00+00:00,5.9,0.0,18.2
2025-07-27T17:00:00+00:00,5.59,0.0,16.8
2025-07-27T18:00:00+00:00,4.78,0.0,16.9
2025-07-27T19:00:00+00:00,3.89,0.0,16.9
2025-07-27T20:00:00+00:00,3.73,0.0,15.5
2025-07-27T21:00:00+00:00,3.64,0.0,15.3
2025-07-27T22:00:00+00:00,4.34,0.0,14.0
2025-07-27T23:00:00+00:00,3.76,0.0,13.9
2025-07-28T00:00:00+00:00,3.31,2.0,13.9
2025-07-28T01:00:00+00:00,3.51,66.0,14.4
2025-07-28T02:00:00+00:00,3.54,199.0,19.0
2025-07-28T03:00:00+00:00,3.54,352.0,19.8
2025-07-28T04:00:00+00:00,3.34,464.0,20.2
2025-07-28T05:00:00+00:00,3.7,595.0,25.3
2025-07-28T06:00:00+00:00,4.98,616.0,26.0
2025-07-28T07:00:00+00:00,5.23,668.0,26.5
2025-07-28T08:00:00+00:00,5.64,621.0,27.7
2025-07-28T09:00:00+00:00,5.57,637.0,28.4
2025-07-28T10:00:00+00:00,5.72,504.0,28.8
2025-07-28T11:00:00+00:00,4.85,467.0,28.7
2025-07-28T12:00:00+00:00,3.61,415.0,28.6
2025-07-28T13:00:00+00:00,1.92,297.0,28.1
2025-07-28T14:00:00+00:00,1.57,129.0,23.9
2025-07-28T15:00:00+00:00,1.92,36.0,22.6
2025-07-28T16:00:00+00:00,1.84,0.0,22.6
2025-07-28T17:00:00+00:00,2.09,0.0,19.4
2025-07-28T18:00:00+00:00,1.86,0.0,19.8
2025-07-28T19:00:00+00:00,1.6,0.0,19.4
2025-07-28T20:00:00+00:00,1.13,0.0,18.6
2025-07-28T21:00:00+00:00,0.87,0.0,18.7
2025-07-28T22:00:00+00:00,1.88,0.0,16.3
2025-07-28T23:00:00+00:00,1.87,0.0,16.7
2025-07-29T00:00:00+00:00,1.99,1.0,17.8
2025-07-29T01:00:00+00:00,0.98,21.0,17.3
2025-07-29T02:00:00+00:00,0.29,54.0,18.1
2025-07-29T03:00:00+00:00,0.05,96.0,17.4
2025-07-29T04:00:00+00:00,0.47,192.0,17.2
2025-07-29T05:00:00+00:00,1.25,196.0,18.3
2025-07-29T06:00:00+00:00,2.09,335.0,18.7
2025-07-29T07:00:00+00:00,2.18,502.0,20.0
2025-07-29T08:00:00+00:00,2.77,610.0,21.9
2025-07-29T09:00:00+00:00,2.41,566.0,22.2
2025-07-29T10:00:00+00:00,1.44,403.0,20.7
2025-07-29T11:00:00+00:00,1.63,320.0,20.5
2025-07-29T12:00:00+00:00,1.75,314.0,20.8
2025-07-29T13:00:00+00:00,1.35,231.0,20.8
2025-07-29T14:00:00+00:00,0.97,122.0,19.4
2025-07-29T15:00:00+00:00,1.0,33.0,18.5
2025-07-29T16:00:00+00:00,1.05,0.0,17.6
2025-07-29T17:00:00+00:00,1.63,0.0,15.9
2025-07-29T18:00:00+00:00,1.75,0.0,16.0
2025-07-29T19:00:00+00:00,1.6,0.0,15.4
2025-07-29T20:00:00+00:00,1.45,0.0,14.6
2025-07-29T21:00:00+00:00,1.35,0.0,14.3
2025-07-29T22:00:00+00:00,1.17,0.0,14.9
2025-07-29T23:00:00+00:00,0.66,0.0,14.7
2025-07-30T00:00:00+00:00,0.98,1.0,14.6
2025-07-30T01:00:00+00:00,1.32,40.0,14.5
2025-07-30T02:00:00+00:00,1.2,146.0,16.1
2025-07-30T03:00:00+00:00,1.11,284.0,16.3
2025-07-30T04:00:00+00:00,1.12,400.0,16.6
2025-07-30T05:00:00+00:00,1.06,509.0,19.1
2025-07-30T06:00:00+00:00,1.0,463.0,19.2
2025-07-30T07:00:00+00:00,0.87,248.0,19.4
2025-07-30T08:00:00+00:00,0.74,383.0,19.9
2025-07-30T09:00:00+00:00,0.83,411.0,19.3
2025-07-30T10:00:00+00:00,0.21,457.0,20.6
2025-07-30T11:00:00+00:00,0.32,483.0,21.2
2025-07-30T12:00:00+00:00,0.68,373.0,21.4
2025-07-30T13:00:00+00:00,0.6,224.0,21.1
2025-07-30T14:00:00+00:00,0.7,119.0,20.1
2025-07-30T15:00:00+00:00,0.3,30.0,19.0
2025-07-30T16:00:00+00:00,0.1,0.0,18.8
2025-07-30T17:00:00+00:00,0.89,0.0,16.5
2025-07-30T18:00:00+00:00,1.23,0.0,15.7
2025-07-30T19:00:00+00:00,1.12,0.0,15.7
2025-07-30T20:00:00+00:00,1.22,0.0,14.5
2025-07-30T21:00:00+00:00,1.3,0.0,14.0
2025-07-30T22:00:00+00:00,1.39,0.0,13.7
2025-07-30T23:00:00+00:00,1.54,0.0,13.9
2025-07-31T00:00:00+00:00,1.67,1.0,13.0
2025-07-31T01:00:00+00:00,1.58,43.0,13.1
2025-07-31T02:00:00+00:00,0.94,135.0,16.5
2025-07-31T03:00:00+00:00,0.86,229.0,17.5
2025-07-31T04:00:00+00:00,0.6,375.0,18.6
2025-07-31T05:00:00+00:00,0.21,543.0,21.3
2025-07-31T06:00:00+00:00,0.45,505.0,21.4
2025-07-31T07:00:00+00:00,0.97,568.0,21.6
2025-07-31T08:00:00+00:00,1.36,633.0,23.1
2025-07-31T09:00:00+00:00,1.5,553.0,23.4
2025-07-31T10:00:00+00:00,1.64,300.0,22.9
2025-07-31T11:00:00+00:00,1.91,431.0,23.6
2025-07-31T12:00:00+00:00,1.77,316.0,23.4
2025-07-31T13:00:00+00:00,1.52,218.0,23.4
2025-07-31T14:00:00+00:00,1.73,95.0,21.1
2025-07-31T15:00:00+00:00,1.3,24.0,20.3
2025-07-31T16:00:00+00:00,1.29,0.0,19.8
2025-07-31T17:00:00+00:00,1.4,0.0,16.6
2025-07-31T18:00:00+00:00,1.45,0.0,17.0
2025-07-31T19:00:00+00:00,0.84,0.0,16.6
2025-07-31T20:00:00+00:00,1.21,0.0,15.7
2025-07-31T21:00:00+00:00,1.15,0.0,15.2
2025-07-31T22:00:00+00:00,1.3,0.0,14.4
2025-07-31T23:00:00+00:00,1.25,0.0,14.3
2025-08-01T00:00:00+00:00,1.19,1.0,14.3
2025-08-01T01:00:00+00:00,1.15,39.0,14.5
2025-08-01T02:00:00+00:00,1.17,136.0,16.5
2025-08-01T03:00:00+00:00,1.84,245.0,17.0
2025-08-01T04:00:00+00:00,1.86,301.0,17.2
2025-08-01T05:00:00+00:00,1.69,402.0,20.4
2025-08-01T06:00:00+00:00,1.63,425.0,20.6
2025-08-01T07:00:00+00:00,1.86,500.0,20.3
2025-08-01T08:00:00+00:00,2.25,369.0,21.3
2025-08-01T09:00:00+00:00,2.44,396.0,21.7
2025-08-01T10:00:00+00:00,2.3,369.0,22.4
2025-08-01T11:00:00+00:00,2.21,347.0,22.5
2025-08-01T12:00:00+00:00,1.9,321.0,22.7
2025-08-01T13:00:00+00:00,3.01,182.0,22.6
2025-08-01T14:00:00+00:00,3.02,107.0,21.0
2025-08-01T15:00:00+00:00,2.12,23.0,20.5
2025-08-01T16:00:00+00:00,2.32,0.0,19.9
2025-08-01T17:00:00+00:00,2.58,0.0,17.2
2025-08-01T18:00:00+00:00,2.47,0.0,16.7
2025-08-01T19:00:00+00:00,2.67,0.0,16.6
2025-08-01T20:00:00+00:00,2.62,0.0,15.8
2025-08-01T21:00:00+00:00,2.81,0.0,16.1
2025-08-01T22:00:00+00:00,2.95,0.0,15.3
2025-08-01T23:00:00+00:00,2.83,0.0,15.5
2025-08-02T00:00:00+00:00,3.15,0.0,15.7
2025-08-02T01:00:00+00:00,3.72,25.0,15.8
2025-08-02T02:00:00+00:00,3.86,88.0,17.5
2025-08-02T03:00:00+00:00,3.41,187.0,18.0
2025-08-02T04:00:00+00:00,3.24,239.0,18.2
2025-08-02T05:00:00+00:00,3.64,253.0,20.5
2025-08-02T06:00:00+00:00,3.87,230.0,20.7
2025-08-02T07:00:00+00:00,4.52,437.0,19.3
2025-08-02T08:00:00+00:00,4.78,426.0,22.2
2025-08-02T09:00:00+00:00,4.68,533.0,22.9
2025-08-02T10:00:00+00:00,5.46,440.0,23.9
2025-08-02T11:00:00+00:00,5.57,333.0,23.8
2025-08-02T12:00:00+00:00,5.42,317.0,23.9
2025-08-02T13:00:00+00:00,4.33,205.0,23.5
2025-08-02T14:00:00+00:00,4.25,121.0,21.5
2025-08-02T15:00:00+00:00,4.3,29.0,21.3
2025-08-02T16:00:00+00:00,4.36,0.0,20.8
2025-08-02T17:00:00+00:00,4.01,0.0,18.1
2025-08-02T18:00:00+00:00,3.71,0.0,17.4
2025-08-02T19:00:00+00:00,3.5,0.0,17.1
2025-08-02T20:00:00+00:00,3.5,0.0,15.2
2025-08-02T21:00:00+00:00,3.4,0.0,14.9
2025-08-02T22:00:00+00:00,3.66,0.0,13.1
2025-08-02T23:00:00+00:00,3.86,0.0,13.0
2025-08-03T00:00:00+00:00,3.9,0.0,13.1
2025-08-03T01:00:00+00:00,3.75,37.0,13.4
2025-08-03T02:00:00+00:00,4.49,117.0,16.0
2025-08-03T03:00:00+00:00,4.67,191.0,16.1
2025-08-03T04:00:00+00:00,4.61,365.0,16.5
2025-08-03T05:00:00+00:00,4.79,472.0,19.3
2025-08-03T06:00:00+00:00,4.88,652.0,19.9
2025-08-03T07:00:00+00:00,4.78,748.0,19.9
2025-08-03T08:00:00+00:00,4.74,743.0,21.4
2025-08-03T09:00:00+00:00,4.84,707.0,21.7
2025-08-03T10:00:00+00:00,5.01,662.0,21.8
2025-08-03T11:00:00+00:00,5.16,585.0,21.8
2025-08-03T12:00:00+00:00,5.19,378.0,21.5
2025-08-03T13:00:00+00:00,5.06,268.0,21.4
2025-08-03T14:00:00+00:00,4.27,137.0,18.7
2025-08-03T15:00:00+00:00,3.62,30.0,17.8
2025-08-03T16:00:00+00:00,3.29,0.0,17.2
2025-08-03T17:00:00+00:00,3.13,0.0,13.3
2025-08-03T18:00:00+00:00,2.97,0.0,12.9
2025-08-03T19:00:00+00:00,2.95,0.0,12.7
2025-08-03T20:00:00+00:00,2.96,0.0,10.7
2025-08-03T21:00:00+00:00,2.95,0.0,10.5
2025-08-03T22:00:00+00:00,3.12,0.0,8.3
2025-08-03T23:00:00+00:00,2.99,0.0,7.9
2025-08-04T00:00:00+00:00,2.98,0.0,7.9
2025-08-04T01:00:00+00:00,3.34,51.0,8.0
2025-08-04T02:00:00+00:00,3.6,176.0,12.6
2025-08-04T03:00:00+00:00,3.57,331.0,13.3
2025-08-04T04:00:00+00:00,3.94,504.0,13.5
2025-08-04T05:00:00+00:00,3.81,536.0,16.6
2025-08-04T06:00:00+00:00,3.78,583.0,16.8
2025-08-04T07:00:00+00:00,3.85,677.0,17.2
2025-08-04T08:00:00+00:00,4.13,654.0,19.1
2025-08-04T09:00:00+00:00,4.25,755.0,19.2
2025-08-04T10:00:00+00:00,4.1,698.0,20.0
2025-08-04T11:00:00+00:00,4.38,620.0,20.3
2025-08-04T12:00:00+00:00,4.43,458.0,20.3
2025-08-04T13:00:00+00:00,4.14,299.0,20.3
2025-08-04T14:00:00+00:00,2.61,151.0,18.0
2025-08-04T15:00:00+00:00,2.36,31.0,16.5
2025-08-04T16:00:00+00:00,2.47,0.0,15.9
2025-08-04T17:00:00+00:00,2.56,0.0,11.1
2025-08-04T18:00:00+00:00,2.17,0.0,12.2
2025-08-04T19:00:00+00:00,1.16,0.0,12.3
2025-08-04T20:00:00+00:00,0.15,0.0,8.7
2025-08-04T21:00:00+00:00,0.78,0.0,8.0
2025-08-04T22:00:00+00:00,2.02,0.0,8.3
2025-08-04T23:00:00+00:00,2.37,0.0,7.1
2025-08-05T00:00:00+00:00,2.21,0.0,7.0
2025-08-05T01:00:00+00:00,2.28,47.0,8.6
2025-08-05T02:00:00+00:00,2.17,168.0,14.7
2025-08-05T03:00:00+00:00,2.59,306.0,15.8
2025-08-05T04:00:00+00:00,3.41,418.0,16.5
2025-08-05T05:00:00+00:00,3.7,572.0,20.3
2025-08-05T06:00:00+00:00,3.82,654.0,20.8
2025-08-05T07:00:00+00:00,3.8,675.0,21.0
2025-08-05T08:00:00+00:00,3.6,560.0,23.1
2025-08-05T09:00:00+00:00,3.73,486.0,23.4
2025-08-05T10:00:00+00:00,3.31,473.0,23.8
2025-08-05T11:00:00+00:00,3.62,359.0,23.9
2025-08-05T12:00:00+00:00,3.25,279.0,24.0
2025-08-05T13:00:00+00:00,2.4,164.0,24.0
2025-08-05T14:00:00+00:00,2.17,103.0,21.4
2025-08-05T15:00:00+00:00,3.63,20.0,21.1
2025-08-05T16:00:00+00:00,4.74,0.0,21.0
2025-08-05T17:00:00+00:00,5.08,0.0,17.8
2025-08-05T18:00:00+00:00,5.34,0.0,17.5
2025-08-05T19:00:00+00:00,5.63,0.0,17.6
2025-08-05T20:00:00+00:00,5.66,0.0,16.3
2025-08-05T21:00:00+00:00,5.85,0.0,16.5
2025-08-05T22:00:00+00:00,5.69,0.0,15.8
2025-08-05T23:00:00+00:00,4.97,0.0,15.8
2025-08-06T00:00:00+00:00,4.15,0.0,16.0
2025-08-06T01:00:00+00:00,3.72,39.0,16.0
2025-08-06T02:00:00+00:00,3.41,160.0,19.3
2025-08-06T03:00:00+00:00,3.46,313.0,19.6
2025-08-06T04:00:00+00:00,3.47,471.0,20.0
2025-08-06T05:00:00+00:00,4.0,611.0,23.0
2025-08-06T06:00:00+00:00,4.25,705.0,23.8
2025-08-06T07:00:00+00:00,4.71,742.0,24.2
2025-08-06T08:00:00+00:00,5.32,591.0,25.5
2025-08-06T09:00:00+00:00,5.34,522.0,25.1
2025-08-06T10:00:00+00:00,4.78,533.0,23.6
2025-08-06T11:00:00+00:00,4.59,428.0,22.8
2025-08-06T12:00:00+00:00,4.41,358.0,22.6
2025-08-06T13:00:00+00:00,4.19,225.0,22.6
2025-08-06T14:00:00+00:00,3.65,106.0,19.1
2025-08-06T15:00:00+00:00,3.43,21.0,18.6
2025-08-06T16:00:00+00:00,3.67,0.0,18.2
2025-08-06T17:00:00+00:00,4.05,0.0,15.1
2025-08-06T18:00:00+00:00,4.05,0.0,14.7
2025-08-06T19:00:00+00:00,3.69,0.0,14.4
2025-08-06T20:00:00+00:00,3.09,0.0,12.4
2025-08-06T21:00:00+00:00,2.49,0.0,12.1
2025-08-06T22:00:00+00:00,2.38,0.0,11.0
2025-08-06T23:00:00+00:00,2.17,0.0,10.8
2025-08-07T00:00:00+00:00,2.17,0.0,10.7
2025-08-07T01:00:00+00:00,2.69,36.0,11.2
2025-08-07T02:00:00+00:00,2.45,150.0,15.4
2025-08-07T03:00:00+00:00,2.26,293.0,16.0
2025-08-07T04:00:00+00:00,1.87,467.0,16.7
2025-08-07T05:00:00+00:00,1.5,605.0,21.8
2025-08-07T06:00:00+00:00,1.54,718.0,22.6
2025-08-07T07:00:00+00:00,1.81,776.0,23.4
2025-08-07T08:00:00+00:00,2.95,700.0,25.0
2025-08-07T09:00:00+00:00,2.34,648.0,23.6
2025-08-07T10:00:00+00:00,3.52,566.0,26.1
2025-08-07T11:00:00+00:00,3.35,502.0,25.9
2025-08-07T12:00:00+00:00,2.95,363.0,26.0
2025-08-07T13:00:00+00:00,1.63,189.0,25.9
2025-08-07T14:00:00+00:00,1.32,96.0,20.5
2025-08-07T15:00:00+00:00,0.83,16.0,19.5
2025-08-07T16:00:00+00:00,1.63,0.0,19.5
2025-08-07T17:00:00+00:00,1.98,0.0,17.6
2025-08-07T18:00:00+00:00,2.57,0.0,17.5
2025-08-07T19:00:00+00:00,3.24,0.0,17.2
2025-08-07T20:00:00+00:00,3.73,0.0,15.3
2025-08-07T21:00:00+00:00,4.15,0.0,15.2
2025-08-07T22:00:00+00:00,3.87,0.0,12.8
2025-08-07T23:00:00+00:00,3.59,0.0,12.5
2025-08-08T00:00:00+00:00,4.14,0.0,12.1
2025-08-08T01:00:00+00:00,4.27,29.0,11.7
2025-08-08T02:00:00+00:00,4.39,94.0,12.3
2025-08-08T03:00:00+00:00,4.44,202.0,12.7
2025-08-08T04:00:00+00:00,4.5,305.0,13.1
2025-08-08T05:00:00+00:00,4.6,405.0,15.2
2025-08-08T06:00:00+00:00,4.46,534.0,15.6
2025-08-08T07:00:00+00:00,4.24,555.0,15.9
2025-08-08T08:00:00+00:00,3.93,628.0,18.2
2025-08-08T09:00:00+00:00,3.85,567.0,18.7
2025-08-08T10:00:00+00:00,4.25,560.0,18.4
2025-08-08T11:00:00+00:00,4.32,418.0,18.2
2025-08-08T12:00:00+00:00,4.29,338.0,18.2
2025-08-08T13:00:00+00:00,4.28,225.0,18.2
2025-08-08T14:00:00+00:00,4.0,102.0,15.9
2025-08-08T15:00:00+00:00,4.1,17.0,15.5
2025-08-08T16:00:00+00:00,3.96,0.0,15.2
2025-08-08T17:00:00+00:00,3.82,0.0,12.9
2025-08-08T18:00:00+00:00,3.66,0.0,12.9
2025-08-08T19:00:00+00:00,3.68,0.0,12.8
2025-08-08T20:00:00+00:00,3.74,0.0,10.9
2025-08-08T21:00:00+00:00,3.66,0.0,10.9
2025-08-08T22:00:00+00:00,3.28,0.0,9.2
2025-08-08T23:00:00+00:00,3.38,0.0,9.0
2025-08-09T00:00:00+00:00,3.18,0.0,9.1
2025-08-09T01:00:00+00:00,3.27,35.0,9.3
2025-08-09T02:00:00+00:00,3.53,154.0,13.9
2025-08-09T03:00:00+00:00,3.64,316.0,14.5
2025-08-09T04:00:00+00:00,4.07,482.0,14.9
2025-08-09T05:00:00+00:00,4.39,624.0,18.8
2025-08-09T06:00:00+00:00,4.74,726.0,19.3
2025-08-09T07:00:00+00:00,4.49,694.0,19.6
2025-08-09T08:00:00+00:00,4.07,519.0,21.4
2025-08-09T09:00:00+00:00,3.93,477.0,21.4
2025-08-09T10:00:00+00:00,4.13,467.0,21.9
2025-08-09T11:00:00+00:00,4.11,429.0,22.0
2025-08-09T12:00:00+00:00,4.0,307.0,22.0
2025-08-09T13:00:00+00:00,3.63,196.0,21.9
2025-08-09T14:00:00+00:00,2.29,107.0,19.1
2025-08-09T15:00:00+00:00,2.02,17.0,18.2
2025-08-09T16:00:00+00:00,2.07,0.0,17.7
2025-08-09T17:00:00+00:00,2.16,0.0,13.3
2025-08-09T18:00:00+00:00,2.11,0.0,12.7
2025-08-09T19:00:00+00:00,2.02,0.0,12.7
2025-08-09T20:00:00+00:00,2.28,0.0,10.3
2025-08-09T21:00:00+00:00,2.38,0.0,10.4
2025-08-09T22:00:00+00:00,2.24,0.0,8.9
2025-08-09T23:00:00+00:00,2.1,0.0,8.7
2025-08-10T00:00:00+00:00,2.16,0.0,8.9
2025-08-10T01:00:00+00:00,1.8,36.0,9.7
2025-08-10T02:00:00+00:00,1.73,159.0,15.5
2025-08-10T03:00:00+00:00,1.74,317.0,16.5
2025-08-10T04:00:00+00:00,1.59,480.0,17.3
2025-08-10T05:00:00+00:00,1.35,594.0,21.2
2025-08-10T06:00:00+00:00,1.36,620.0,21.8
2025-08-10T07:00:00+00:00,1.29,570.0,22.1
2025-08-10T08:00:00+00:00,1.12,584.0,23.5
2025-08-10T09:00:00+00:00,1.11,477.0,23.4
2025-08-10T10:00:00+00:00,1.6,397.0,24.3
2025-08-10T11:00:00+00:00,1.98,329.0,24.2
2025-08-10T12:00:00+00:00,2.15,273.0,24.4
2025-08-10T13:00:00+00:00,2.07,214.0,24.4
2025-08-10T14:00:00+00:00,1.55,114.0,21.4
2025-08-10T15:00:00+00:00,2.38,19.0,19.6
2025-08-10T16:00:00+00:00,2.28,0.0,19.0
2025-08-10T17:00:00+00:00,2.19,0.0,14.4
2025-08-10T18:00:00+00:00,2.09,0.0,13.9
2025-08-10T19:00:00+00:00,2.06,0.0,13.9
2025-08-10T20:00:00+00:00,2.24,0.0,12.8
2025-08-10T21:00:00+00:00,2.1,0.0,12.7
2025-08-10T22:00:00+00:00,1.82,0.0,11.3
2025-08-10T23:00:00+00:00,1.83,0.0,10.8
2025-08-11T00:00:00+00:00,1.79,0.0,10.7
2025-08-11T01:00:00+00:00,2.19,32.0,11.6
2025-08-11T02:00:00+00:00,2.08,140.0,17.7
2025-08-11T03:00:00+00:00,1.77,291.0,18.4
2025-08-11T04:00:00+00:00,1.94,439.0,19.5
2025-08-11T05:00:00+00:00,2.38,586.0,25.0
2025-08-11T06:00:00+00:00,2.91,705.0,25.2
2025-08-11T07:00:00+00:00,3.14,715.0,25.4
2025-08-11T08:00:00+00:00,3.25,742.0,26.7
2025-08-11T09:00:00+00:00,3.44,716.0,26.8
2025-08-11T10:00:00+00:00,3.51,677.0,27.1
2025-08-11T11:00:00+00:00,3.54,572.0,27.0
2025-08-11T12:00:00+00:00,3.25,380.0,26.8
2025-08-11T13:00:00+00:00,2.44,229.0,26.9
2025-08-11T14:00:00+00:00,2.79,101.0,23.0
2025-08-11T15:00:00+00:00,3.76,11.0,23.1
2025-08-11T16:00:00+00:00,3.99,0.0,22.9
2025-08-11T17:00:00+00:00,4.03,0.0,20.6
2025-08-11T18:00:00+00:00,3.87,0.0,19.7
2025-08-11T19:00:00+00:00,4.23,0.0,19.2
2025-08-11T20:00:00+00:00,6.44,0.0,14.7
2025-08-11T21:00:00+00:00,7.1,0.0,14.4
2025-08-11T22:00:00+00:00,5.97,0.0,14.4
2025-08-11T23:00:00+00:00,4.07,0.0,15.6
2025-08-12T00:00:00+00:00,5.88,0.0,15.2
2025-08-12T01:00:00+00:00,6.66,20.0,14.4
2025-08-12T02:00:00+00:00,7.61,84.0,15.3
2025-08-12T03:00:00+00:00,8.5,114.0,15.5
2025-08-12T04:00:00+00:00,7.55,213.0,15.9
2025-08-12T05:00:00+00:00,6.8,264.0,17.2
2025-08-12T06:00:00+00:00,6.75,218.0,15.9
2025-08-12T07:00:00+00:00,7.38,369.0,16.0
2025-08-12T08:00:00+00:00,7.45,206.0,17.1
2025-08-12T09:00:00+00:00,7.59,301.0,17.7
2025-08-12T10:00:00+00:00,7.18,358.0,18.4
2025-08-12T11:00:00+00:00,6.98,381.0,19.0
2025-08-12T12:00:00+00:00,6.45,288.0,19.4
2025-08-12T13:00:00+00:00,5.48,173.0,19.5
2025-08-12T14:00:00+00:00,3.58,104.0,17.6
2025-08-12T15:00:00+00:00,2.25,13.0,16.4
2025-08-12T16:00:00+00:00,1.87,0.0,16.0
2025-08-12T17:00:00+00:00,1.8,0.0,13.6
2025-08-12T18:00:00+00:00,1.87,0.0,13.5
2025-08-12T19:00:00+00:00,2.03,0.0,13.6
2025-08-12T20:00:00+00:00,1.87,0.0,12.4
2025-08-12T21:00:00+00:00,1.77,0.0,12.0
2025-08-12T22:00:00+00:00,1.73,0.0,11.0
2025-08-12T23:00:00+00:00,1.91,0.0,11.2
2025-08-13T00:00:00+00:00,2.18,0.0,11.5
2025-08-13T01:00:00+00:00,2.65,26.0,11.9
2025-08-13T02:00:00+00:00,2.95,132.0,16.7
2025-08-13T03:00:00+00:00,3.35,275.0,17.5
2025-08-13T04:00:00+00:00,3.84,458.0,18.6
2025-08-13T05:00:00+00:00,4.12,538.0,23.5
2025-08-13T06:00:00+00:00,4.25,619.0,23.9
2025-08-13T07:00:00+00:00,4.47,760.0,24.2
2025-08-13T08:00:00+00:00,4.94,769.0,25.5
2025-08-13T09:00:00+00:00,5.12,603.0,25.6
2025-08-13T10:00:00+00:00,5.12,500.0,25.6
2025-08-13T11:00:00+00:00,4.6,357.0,25.5
2025-08-13T12:00:00+00:00,4.13,320.0,25.5
2025-08-13T13:00:00+00:00,2.12,184.0,24.6
2025-08-13T14:00:00+00:00,1.55,95.0,19.9
2025-08-13T15:00:00+00:00,1.93,12.0,20.2
2025-08-13T16:00:00+00:00,2.0,0.0,19.1
2025-08-13T17:00:00+00:00,1.72,0.0,17.5
2025-08-13T18:00:00+00:00,2.24,0.0,17.4
2025-08-13T19:00:00+00:00,2.62,0.0,17.4
2025-08-13T20:00:00+00:00,2.19,0.0,16.6
2025-08-13T21:00:00+00:00,2.44,0.0,16.4
2025-08-13T22:00:00+00:00,2.86,0.0,14.2
2025-08-13T23:00:00+00:00,3.59,0.0,13.9
2025-08-14T00:00:00+00:00,3.43,0.0,13.7
2025-08-14T01:00:00+00:00,2.89,21.0,14.1
2025-08-14T02:00:00+00:00,2.98,99.0,15.9
2025-08-14T03:00:00+00:00,3.01,223.0,16.7
2025-08-14T04:00:00+00:00,3.89,372.0,17.9
2025-08-14T05:00:00+00:00,5.05,515.0,20.9
2025-08-14T06:00:00+00:00,5.28,595.0,20.4
2025-08-14T07:00:00+00:00,5.2,698.0,21.5
2025-08-14T08:00:00+00:00,4.65,698.0,23.2
2025-08-14T09:00:00+00:00,5.33,615.0,22.7
2025-08-14T10:00:00+00:00,5.73,402.0,18.9
2025-08-14T11:00:00+00:00,4.64,321.0,19.1
2025-08-14T12:00:00+00:00,4.72,267.0,19.4
2025-08-14T13:00:00+00:00,4.91,155.0,19.4
2025-08-14T14:00:00+00:00,4.03,73.0,15.8
2025-08-14T15:00:00+00:00,3.5,9.0,15.6
2025-08-14T16:00:00+00:00,3.47,0.0,15.2
2025-08-14T17:00:00+00:00,3.18,0.0,14.0
2025-08-14T18:00:00+00:00,2.83,0.0,14.2
2025-08-14T19:00:00+00:00,3.13,0.0,14.2
2025-08-14T20:00:00+00:00,3.3,0.0,13.5
2025-08-14T21:00:00+00:00,3.22,0.0,13.4
2025-08-14T22:00:00+00:00,3.54,0.0,12.9
2025-08-14T23:00:00+00:00,3.44,0.0,13.0
2025-08-15T00:00:00+00:00,3.19,0.0,13.2
2025-08-15T01:00:00+00:00,3.22,15.0,13.5
2025-08-15T02:00:00+00:00,3.81,95.0,15.4
2025-08-15T03:00:00+00:00,4.44,180.0,15.7
2025-08-15T04:00:00+00:00,4.18,343.0,16.3
2025-08-15T05:00:00+00:00,4.22,490.0,19.8
2025-08-15T06:00:00+00:00,4.41,556.0,19.8
2025-08-15T07:00:00+00:00,4.5,467.0,20.1
2025-08-15T08:00:00+00:00,4.56,632.0,20.5
2025-08-15T09:00:00+00:00,4.42,594.0,21.0
2025-08-15T10:00:00+00:00,5.45,503.0,21.6
2025-08-15T11:00:00+00:00,5.0,317.0,21.5
2025-08-15T12:00:00+00:00,4.95,316.0,21.6
2025-08-15T13:00:00+00:00,3.14,172.0,21.6
2025-08-15T14:00:00+00:00,2.53,53.0,18.9
2025-08-15T15:00:00+00:00,2.25,8.0,17.4
2025-08-15T16:00:00+00:00,2.24,0.0,17.7
2025-08-15T17:00:00+00:00,2.5,0.0,15.3
2025-08-15T18:00:00+00:00,2.7,0.0,14.8
2025-08-15T19:00:00+00:00,2.78,0.0,14.7
2025-08-15T20:00:00+00:00,2.51,0.0,13.7
2025-08-15T21:00:00+00:00,2.27,0.0,13.4
2025-08-15T22:00:00+00:00,2.47,0.0,13.1
2025-08-15T23:00:00+00:00,2.5,0.0,12.8
2025-08-16T00:00:00+00:00,2.3,0.0,12.9
2025-08-16T01:00:00+00:00,2.44,20.0,13.1
2025-08-16T02:00:00+00:00,2.33,90.0,14.5
2025-08-16T03:00:00+00:00,2.77,167.0,15.0
2025-08-16T04:00:00+00:00,3.09,211.0,14.9
2025-08-16T05:00:00+00:00,3.42,193.0,17.0
2025-08-16T06:00:00+00:00,3.83,295.0,17.5
2025-08-16T07:00:00+00:00,4.41,438.0,18.0
2025-08-16T08:00:00+00:00,4.21,439.0,18.9
2025-08-16T09:00:00+00:00,4.78,424.0,20.2
2025-08-16T10:00:00+00:00,4.71,394.0,19.3
2025-08-16T11:00:00+00:00,4.35,292.0,19.5
2025-08-16T12:00:00+00:00,4.42,245.0,20.0
2025-08-16T13:00:00+00:00,4.22,169.0,19.9
2025-08-16T14:00:00+00:00,3.19,65.0,17.0
2025-08-16T15:00:00+00:00,2.52,7.0,15.8
2025-08-16T16:00:00+00:00,2.8,0.0,15.2
2025-08-16T17:00:00+00:00,2.69,0.0,13.9
2025-08-16T18:00:00+00:00,2.41,0.0,13.8
2025-08-16T19:00:00+00:00,2.67,0.0,13.8
2025-08-16T20:00:00+00:00,2.79,0.0,12.5
2025-08-16T21:00:00+00:00,2.7,0.0,12.6
2025-08-16T22:00:00+00:00,3.3,0.0,12.4
2025-08-16T23:00:00+00:00,3.33,0.0,12.6
2025-08-17T00:00:00+00:00,3.15,0.0,12.9
2025-08-17T01:00:00+00:00,3.5,17.0,13.0
2025-08-17T02:00:00+00:00,3.99,74.0,15.0
2025-08-17T03:00:00+00:00,4.73,123.0,15.0
2025-08-17T04:00:00+00:00,4.35,153.0,14.9
2025-08-17T05:00:00+00:00,3.91,235.0,17.6
2025-08-17T06:00:00+00:00,3.96,293.0,17.9
2025-08-17T07:00:00+00:00,4.28,377.0,18.6
2025-08-17T08:00:00+00:00,4.37,572.0,20.7
2025-08-17T09:00:00+00:00,4.5,531.0,20.9
2025-08-17T10:00:00+00:00,5.11,535.0,22.3
2025-08-17T11:00:00+00:00,4.87,388.0,22.1
2025-08-17T12:00:00+00:00,4.33,326.0,21.9
2025-08-17T13:00:00+00:00,4.13,185.0,22.1
2025-08-17T14:00:00+00:00,2.24,80.0,18.6
2025-08-17T15:00:00+00:00,2.03,6.0,17.4
2025-08-17T16:00:00+00:00,1.89,0.0,17.2
2025-08-17T17:00:00+00:00,2.39,0.0,15.0
2025-08-17T18:00:00+00:00,2.68,0.0,14.8
2025-08-17T19:00:00+00:00,2.87,0.0,14.5
2025-08-17T20:00:00+00:00,2.91,0.0,13.5
2025-08-17T21:00:00+00:00,2.83,0.0,13.4
2025-08-17T22:00:00+00:00,2.54,0.0,12.8
2025-08-17T23:00:00+00:00,2.49,0.0,12.7
2025-08-18T00:00:00+00:00,2.49,0.0,12.6
2025-08-18T01:00:00+00:00,2.75,19.0,12.8
2025-08-18T02:00:00+00:00,3.13,114.0,15.1
2025-08-18T03:00:00+00:00,3.6,240.0,15.9
2025-08-18T04:00:00+00:00,4.07,375.0,16.3
2025-08-18T05:00:00+00:00,4.64,548.0,19.6
2025-08-18T06:00:00+00:00,5.07,623.0,19.5
2025-08-18T07:00:00+00:00,5.14,690.0,20.2
2025-08-18T08:00:00+00:00,5.34,608.0,21.6
2025-08-18T09:00:00+00:00,5.62,587.0,21.8
2025-08-18T10:00:00+00:00,5.44,499.0,22.1
2025-08-18T11:00:00+00:00,5.66,380.0,22.1
2025-08-18T12:00:00+00:00,5.72,283.0,22.2
2025-08-18T13:00:00+00:00,4.5,182.0,22.2
2025-08-18T14:00:00+00:00,3.53,80.0,18.9
2025-08-18T15:00:00+00:00,2.61,7.0,17.1
2025-08-18T16:00:00+00:00,2.55,0.0,16.7
2025-08-18T17:00:00+00:00,2.51,0.0,14.1
2025-08-18T18:00:00+00:00,2.16,0.0,13.9
2025-08-18T19:00:00+00:00,1.98,0.0,13.7
2025-08-18T20:00:00+00:00,2.06,0.0,12.6
2025-08-18T21:00:00+00:00,2.23,0.0,12.7
2025-08-18T22:00:00+00:00,2.18,0.0,12.6
2025-08-18T23:00:00+00:00,2.13,0.0,12.5
2025-08-19T00:00:00+00:00,2.0,0.0,12.1
2025-08-19T01:00:00+00:00,2.15,18.0,12.7
2025-08-19T02:00:00+00:00,1.95,116.0,16.4
2025-08-19T03:00:00+00:00,1.86,251.0,17.3
2025-08-19T04:00:00+00:00,2.01,405.0,18.3
2025-08-19T05:00:00+00:00,2.43,554.0,22.8
2025-08-19T06:00:00+00:00,2.92,666.0,22.9
2025-08-19T07:00:00+00:00,3.55,745.0,23.2
2025-08-19T08:00:00+00:00,3.58,724.0,25.4
2025-08-19T09:00:00+00:00,3.62,521.0,25.6
2025-08-19T10:00:00+00:00,3.45,467.0,26.0
2025-08-19T11:00:00+00:00,3.51,393.0,26.2
2025-08-19T12:00:00+00:00,3.36,268.0,26.0
2025-08-19T13:00:00+00:00,1.75,153.0,26.0
2025-08-19T14:00:00+00:00,1.71,77.0,23.4
2025-08-19T15:00:00+00:00,0.46,6.0,22.4
2025-08-19T16:00:00+00:00,0.96,0.0,19.1
2025-08-19T17:00:00+00:00,1.68,0.0,16.6
2025-08-19T18:00:00+00:00,1.9,0.0,16.8
2025-08-19T19:00:00+00:00,1.98,0.0,17.2
2025-08-19T20:00:00+00:00,2.21,0.0,15.9
2025-08-19T21:00:00+00:00,2.46,0.0,15.7
2025-08-19T22:00:00+00:00,2.83,0.0,15.6
2025-08-19T23:00:00+00:00,2.99,0.0,15.6
2025-08-20T00:00:00+00:00,2.87,0.0,15.3
2025-08-20T01:00:00+00:00,3.05,15.0,15.4
2025-08-20T02:00:00+00:00,3.52,105.0,19.3
2025-08-20T03:00:00+00:00,3.46,203.0,20.5
2025-08-20T04:00:00+00:00,3.72,390.0,22.1
2025-08-20T05:00:00+00:00,3.97,483.0,26.9
2025-08-20T06:00:00+00:00,4.25,555.0,27.0
2025-08-20T07:00:00+00:00,4.7,550.0,27.3
2025-08-20T08:00:00+00:00,5.05,551.0,29.1
2025-08-20T09:00:00+00:00,5.66,490.0,29.2
2025-08-20T10:00:00+00:00,5.03,444.0,26.9
2025-08-20T11:00:00+00:00,4.52,291.0,26.8
2025-08-20T12:00:00+00:00,3.87,212.0,26.8
2025-08-20T13:00:00+00:00,3.03,122.0,26.6
2025-08-20T14:00:00+00:00,2.01,28.0,23.4
2025-08-20T15:00:00+00:00,2.26,2.0,23.3
2025-08-20T16:00:00+00:00,2.79,0.0,22.0
2025-08-20T17:00:00+00:00,3.66,0.0,19.9
2025-08-20T18:00:00+00:00,3.44,0.0,19.6
2025-08-20T19:00:00+00:00,2.66,0.0,19.2
2025-08-20T20:00:00+00:00,2.41,0.0,17.0
2025-08-20T21:00:00+00:00,2.66,0.0,16.7
2025-08-20T22:00:00+00:00,3.32,0.0,15.0
2025-08-20T23:00:00+00:00,3.74,0.0,14.7
2025-08-21T00:00:00+00:00,3.22,0.0,14.4
2025-08-21T01:00:00+00:00,2.41,17.0,14.2
2025-08-21T02:00:00+00:00,2.0,126.0,17.0
2025-08-21T03:00:00+00:00,2.21,282.0,18.0
2025-08-21T04:00:00+00:00,2.6,438.0,18.9
2025-08-21T05:00:00+00:00,2.98,571.0,22.9
2025-08-21T06:00:00+00:00,3.38,683.0,23.5
2025-08-21T07:00:00+00:00,4.43,753.0,23.4
2025-08-21T08:00:00+00:00,5.07,671.0,24.3
2025-08-21T09:00:00+00:00,5.09,489.0,23.7
2025-08-21T10:00:00+00:00,5.05,452.0,23.2
2025-08-21T11:00:00+00:00,4.95,432.0,23.1
2025-08-21T12:00:00+00:00,4.66,294.0,23.0
2025-08-21T13:00:00+00:00,3.88,182.0,22.7
2025-08-21T14:00:00+00:00,2.96,65.0,19.2
2025-08-21T15:00:00+00:00,2.01,3.0,18.8
2025-08-21T16:00:00+00:00,1.92,0.0,18.1
2025-08-21T17:00:00+00:00,1.77,0.0,14.8
2025-08-21T18:00:00+00:00,1.6,0.0,15.5
2025-08-21T19:00:00+00:00,2.0,0.0,15.2
2025-08-21T20:00:00+00:00,2.01,0.0,14.7
2025-08-21T21:00:00+00:00,1.95,0.0,14.6
2025-08-21T22:00:00+00:00,3.47,0.0,12.5
2025-08-21T23:00:00+00:00,3.91,0.0,12.3
2025-08-22T00:00:00+00:00,3.88,0.0,12.0
2025-08-22T01:00:00+00:00,3.96,13.0,11.8
2025-08-22T02:00:00+00:00,3.91,95.0,14.1
2025-08-22T03:00:00+00:00,4.22,219.0,14.2
2025-08-22T04:00:00+00:00,5.01,316.0,14.1
2025-08-22T05:00:00+00:00,5.24,429.0,17.0
2025-08-22T06:00:00+00:00,5.23,466.0,17.6
2025-08-22T07:00:00+00:00,4.98,374.0,17.9
2025-08-22T08:00:00+00:00,4.81,300.0,19.5
2025-08-22T09:00:00+00:00,4.53,390.0,19.5
2025-08-22T10:00:00+00:00,4.32,265.0,20.6
2025-08-22T11:00:00+00:00,4.23,271.0,20.9
2025-08-22T12:00:00+00:00,4.19,224.0,20.8
2025-08-22T13:00:00+00:00,3.3,142.0,20.7
2025-08-22T14:00:00+00:00,2.75,58.0,18.0
2025-08-22T15:00:00+00:00,2.31,3.0,17.8
2025-08-22T16:00:00+00:00,2.28,0.0,17.4
2025-08-22T17:00:00+00:00,2.38,0.0,15.0
2025-08-22T18:00:00+00:00,2.47,0.0,14.7
2025-08-22T19:00:00+00:00,2.39,0.0,14.5
2025-08-22T20:00:00+00:00,2.37,0.0,12.7
2025-08-22T21:00:00+00:00,2.55,0.0,12.6
2025-08-22T22:00:00+00:00,3.06,0.0,12.1
2025-08-22T23:00:00+00:00,2.98,0.0,11.8
2025-08-23T00:00:00+00:00,2.83,0.0,11.9
2025-08-23T01:00:00+00:00,2.98,12.0,11.9
2025-08-23T02:00:00+00:00,3.02,104.0,15.7
2025-08-23T03:00:00+00:00,3.9,236.0,16.2
2025-08-23T04:00:00+00:00,3.75,362.0,16.8
2025-08-23T05:00:00+00:00,3.76,452.0,21.2
2025-08-23T06:00:00+00:00,4.11,531.0,21.9
2025-08-23T07:00:00+00:00,4.54,553.0,22.1
2025-08-23T08:00:00+00:00,4.48,580.0,23.7
2025-08-23T09:00:00+00:00,4.39,522.0,23.8
2025-08-23T10:00:00+00:00,3.93,404.0,24.2
2025-08-23T11:00:00+00:00,4.1,346.0,24.4
2025-08-23T12:00:00+00:00,4.22,237.0,24.2
2025-08-23T13:00:00+00:00,3.61,117.0,24.1
2025-08-23T14:00:00+00:00,2.87,51.0,20.2
2025-08-23T15:00:00+00:00,2.51,2.0,19.2
2025-08-23T16:00:00+00:00,2.79,0.0,18.8
2025-08-23T17:00:00+00:00,2.82,0.0,16.5
2025-08-23T18:00:00+00:00,2.62,0.0,16.2
2025-08-23T19:00:00+00:00,2.35,0.0,15.9
2025-08-23T20:00:00+00:00,2.28,0.0,14.1
2025-08-23T21:00:00+00:00,2.24,0.0,13.9
2025-08-23T22:00:00+00:00,2.06,0.0,12.5
2025-08-23T23:00:00+00:00,1.95,0.0,12.3
2025-08-24T00:00:00+00:00,1.95,0.0,12.1
2025-08-24T01:00:00+00:00,2.07,12.0,12.2
2025-08-24T02:00:00+00:00,2.33,110.0,16.4
2025-08-24T03:00:00+00:00,2.21,258.0,17.2
2025-08-24T04:00:00+00:00,2.05,412.0,18.1
2025-08-24T05:00:00+00:00,2.15,556.0,22.7
2025-08-24T06:00:00+00:00,2.52,662.0,23.2
2025-08-24T07:00:00+00:00,2.53,711.0,23.3
2025-08-24T08:00:00+00:00,2.58,717.0,24.8
2025-08-24T09:00:00+00:00,2.69,704.0,25.0
2025-08-24T10:00:00+00:00,2.72,621.0,25.6
2025-08-24T11:00:00+00:00,2.72,515.0,25.6
2025-08-24T12:00:00+00:00,2.8,370.0,25.4
2025-08-24T13:00:00+00:00,2.41,212.0,25.2
2025-08-24T14:00:00+00:00,2.06,71.0,20.7
2025-08-24T15:00:00+00:00,2.29,2.0,20.0
2025-08-24T16:00:00+00:00,2.35,0.0,19.6
2025-08-24T17:00:00+00:00,2.41,0.0,15.6
2025-08-24T18:00:00+00:00,2.5,0.0,14.9
2025-08-24T19:00:00+00:00,2.64,0.0,14.6
2025-08-24T20:00:00+00:00,2.66,0.0,12.7
2025-08-24T21:00:00+00:00,2.64,0.0,12.6
2025-08-24T22:00:00+00:00,2.74,0.0,11.1
2025-08-24T23:00:00+00:00,2.62,0.0,11.0
2025-08-25T00:00:00+00:00,2.35,0.0,10.8
2025-08-25T01:00:00+00:00,2.45,12.0,10.9
2025-08-25T02:00:00+00:00,2.75,110.0,16.5
2025-08-25T03:00:00+00:00,2.45,260.0,17.3
2025-08-25T04:00:00+00:00,2.4,416.0,18.3
2025-08-25T05:00:00+00:00,2.47,554.0,23.2
2025-08-25T06:00:00+00:00,2.52,660.0,23.5
2025-08-25T07:00:00+00:00,2.62,725.0,24.1
2025-08-25T08:00:00+00:00,2.72,741.0,26.8
2025-08-25T09:00:00+00:00,2.85,707.0,26.9
2025-08-25T10:00:00+00:00,3.35,628.0,27.7
2025-08-25T11:00:00+00:00,3.65,509.0,27.6
2025-08-25T12:00:00+00:00,3.87,362.0,27.4
2025-08-25T13:00:00+00:00,3.15,205.0,27.2
2025-08-25T14:00:00+00:00,2.78,66.0,22.6
2025-08-25T15:00:00+00:00,3.14,2.0,21.9
2025-08-25T16:00:00+00:00,3.31,0.0,21.5
2025-08-25T17:00:00+00:00,3.45,0.0,18.2
2025-08-25T18:00:00+00:00,3.47,0.0,17.7
2025-08-25T19:00:00+00:00,3.4,0.0,17.5
2025-08-25T20:00:00+00:00,3.3,0.0,15.5
2025-08-25T21:00:00+00:00,3.26,0.0,15.2
2025-08-25T22:00:00+00:00,3.26,0.0,14.1
2025-08-25T23:00:00+00:00,3.07,0.0,14.1
2025-08-26T00:00:00+00:00,2.71,0.0,13.8
2025-08-26T01:00:00+00:00,2.37,10.0,13.7
2025-08-26T02:00:00+00:00,2.64,105.0,18.2
2025-08-26T03:00:00+00:00,2.58,254.0,19.1
2025-08-26T04:00:00+00:00,2.77,408.0,20.1
2025-08-26T05:00:00+00:00,2.86,545.0,25.4
2025-08-26T06:00:00+00:00,2.75,650.0,25.9
2025-08-26T07:00:00+00:00,2.59,715.0,26.2
2025-08-26T08:00:00+00:00,2.39,731.0,28.5
2025-08-26T09:00:00+00:00,2.13,698.0,28.7
2025-08-26T10:00:00+00:00,2.19,619.0,29.1
2025-08-26T11:00:00+00:00,1.96,501.0,29.2
2025-08-26T12:00:00+00:00,1.77,356.0,29.3
2025-08-26T13:00:00+00:00,1.3,200.0,29.2
2025-08-26T14:00:00+00:00,2.32,62.0,23.2
2025-08-26T15:00:00+00:00,2.21,1.0,22.8
2025-08-26T16:00:00+00:00,2.42,0.0,22.7
2025-08-26T17:00:00+00:00,2.51,0.0,19.6
2025-08-26T18:00:00+00:00,2.61,0.0,19.0
2025-08-26T19:00:00+00:00,2.66,0.0,18.6
2025-08-26T20:00:00+00:00,2.51,0.0,16.9
2025-08-26T21:00:00+00:00,2.5,0.0,16.8
2025-08-26T22:00:00+00:00,2.62,0.0,15.8
2025-08-26T23:00:00+00:00,2.37,0.0,15.6
2025-08-27T00:00:00+00:00,2.13,0.0,15.3
2025-08-27T01:00:00+00:00,2.33,9.0,15.4
2025-08-27T02:00:00+00:00,2.88,103.0,20.1
2025-08-27T03:00:00+00:00,2.56,250.0,21.0
2025-08-27T04:00:00+00:00,2.74,405.0,21.9
2025-08-27T05:00:00+00:00,2.89,543.0,27.9
2025-08-27T06:00:00+00:00,3.11,649.0,28.7
2025-08-27T07:00:00+00:00,3.01,714.0,28.9
2025-08-27T08:00:00+00:00,2.85,730.0,30.8
2025-08-27T09:00:00+00:00,2.76,697.0,31.0
2025-08-27T10:00:00+00:00,3.22,617.0,31.4
2025-08-27T11:00:00+00:00,3.0,499.0,31.4
2025-08-27T12:00:00+00:00,2.57,352.0,31.3
2025-08-27T13:00:00+00:00,1.79,196.0,31.1
2025-08-27T14:00:00+00:00,0.9,58.0,25.5
2025-08-27T15:00:00+00:00,0.92,1.0,23.5
2025-08-27T16:00:00+00:00,1.85,0.0,22.6
2025-08-27T17:00:00+00:00,2.07,0.0,19.8
2025-08-27T18:00:00+00:00,2.48,0.0,19.5
2025-08-27T19:00:00+00:00,2.9,0.0,19.5
2025-08-27T20:00:00+00:00,3.1,0.0,18.6
2025-08-27T21:00:00+00:00,3.18,0.0,18.4
2025-08-27T22:00:00+00:00,3.51,0.0,17.4
2025-08-27T23:00:00+00:00,3.45,0.0,17.2
2025-08-28T00:00:00+00:00,3.56,0.0,17.2
2025-08-28T01:00:00+00:00,3.79,8.0,17.3
2025-08-28T02:00:00+00:00,4.24,99.0,21.9
2025-08-28T03:00:00+00:00,4.32,247.0,23.2
2025-08-28T04:00:00+00:00,4.63,402.0,24.3
2025-08-28T05:00:00+00:00,4.69,539.0,30.7
2025-08-28T06:00:00+00:00,4.38,641.0,31.3
2025-08-28T07:00:00+00:00,4.14,705.0,31.6
2025-08-28T08:00:00+00:00,4.17,721.0,34.0
2025-08-28T09:00:00+00:00,4.19,689.0,34.4
2025-08-28T10:00:00+00:00,4.12,608.0,34.1
2025-08-28T11:00:00+00:00,4.18,491.0,34.0
2025-08-28T12:00:00+00:00,3.69,340.0,33.8
2025-08-28T13:00:00+00:00,2.0,169.0,33.1
2025-08-28T14:00:00+00:00,2.01,49.0,26.8
2025-08-28T15:00:00+00:00,2.5,0.0,26.5
2025-08-28T16:00:00+00:00,3.33,0.0,26.3
2025-08-28T17:00:00+00:00,4.49,0.0,23.3
2025-08-28T18:00:00+00:00,4.05,0.0,22.4
2025-08-28T19:00:00+00:00,2.92,0.0,22.3
2025-08-28T20:00:00+00:00,1.8,0.0,19.1
2025-08-28T21:00:00+00:00,2.78,0.0,19.8
2025-08-28T22:00:00+00:00,2.91,0.0,16.5
2025-08-28T23:00:00+00:00,2.26,0.0,15.8
2025-08-29T00:00:00+00:00,2.03,0.0,14.9
2025-08-29T01:00:00+00:00,2.81,7.0,14.5
2025-08-29T02:00:00+00:00,3.13,98.0,17.5
2025-08-29T03:00:00+00:00,3.63,250.0,18.5
2025-08-29T04:00:00+00:00,3.61,408.0,18.9
2025-08-29T05:00:00+00:00,3.27,545.0,22.0
2025-08-29T06:00:00+00:00,3.12,652.0,22.3
2025-08-29T07:00:00+00:00,3.38,719.0,22.5
2025-08-29T08:00:00+00:00,3.35,734.0,24.1
2025-08-29T09:00:00+00:00,3.06,699.0,24.2
2025-08-29T10:00:00+00:00,2.95,618.0,24.0
2025-08-29T11:00:00+00:00,3.0,496.0,24.0
2025-08-29T12:00:00+00:00,3.38,349.0,23.9
2025-08-29T13:00:00+00:00,3.28,190.0,23.6
2025-08-29T14:00:00+00:00,2.28,52.0,19.0
2025-08-29T15:00:00+00:00,2.21,0.0,17.9
2025-08-29T16:00:00+00:00,2.21,0.0,17.2
2025-08-29T17:00:00+00:00,2.26,0.0,13.3
2025-08-29T18:00:00+00:00,2.16,0.0,12.7
2025-08-29T19:00:00+00:00,2.18,0.0,12.2
2025-08-29T20:00:00+00:00,2.18,0.0,10.7
2025-08-29T21:00:00+00:00,2.09,0.0,10.8
2025-08-29T22:00:00+00:00,2.14,0.0,9.6
2025-08-29T23:00:00+00:00,1.87,0.0,9.2
2025-08-30T00:00:00+00:00,1.75,0.0,8.7
2025-08-30T01:00:00+00:00,1.56,7.0,8.5
2025-08-30T02:00:00+00:00,1.52,92.0,13.1
2025-08-30T03:00:00+00:00,1.38,241.0,14.5
2025-08-30T04:00:00+00:00,2.38,355.0,15.7
2025-08-30T05:00:00+00:00,4.03,452.0,18.5
2025-08-30T06:00:00+00:00,5.79,523.0,17.9
2025-08-30T07:00:00+00:00,4.32,481.0,18.4
2025-08-30T08:00:00+00:00,3.82,583.0,18.9
2025-08-30T09:00:00+00:00,6.6,540.0,14.1
2025-08-30T10:00:00+00:00,5.69,342.0,13.2
2025-08-30T11:00:00+00:00,6.26,351.0,15.3
2025-08-30T12:00:00+00:00,7.22,275.0,15.1
2025-08-30T13:00:00+00:00,6.47,126.0,14.9
2025-08-30T14:00:00+00:00,5.9,32.0,12.3
2025-08-30T15:00:00+00:00,5.64,0.0,11.6
2025-08-30T16:00:00+00:00,5.27,0.0,11.5
2025-08-30T17:00:00+00:00,5.2,0.0,9.7
2025-08-30T18:00:00+00:00,5.44,0.0,9.5
2025-08-30T19:00:00+00:00,5.45,0.0,9.3
2025-08-30T20:00:00+00:00,5.55,0.0,8.3
2025-08-30T21:00:00+00:00,5.45,0.0,8.2
2025-08-30T22:00:00+00:00,5.5,0.0,7.8
2025-08-30T23:00:00+00:00,5.12,0.0,7.8
2025-08-31T00:00:00+00:00,5.01,0.0,7.8
2025-08-31T01:00:00+00:00,4.9,5.0,8.0
2025-08-31T02:00:00+00:00,4.31,76.0,9.8
2025-08-31T03:00:00+00:00,5.62,231.0,10.1
2025-08-31T04:00:00+00:00,5.91,360.0,10.9
2025-08-31T05:00:00+00:00,5.16,437.0,15.1
2025-08-31T06:00:00+00:00,4.77,375.0,15.3
2025-08-31T07:00:00+00:00,5.03,223.0,15.5
2025-08-31T08:00:00+00:00,5.33,204.0,17.1
2025-08-31T09:00:00+00:00,5.3,220.0,17.0
2025-08-31T10:00:00+00:00,5.12,244.0,16.7
2025-08-31T11:00:00+00:00,4.74,158.0,16.7
2025-08-31T12:00:00+00:00,4.41,118.0,16.9
2025-08-31T13:00:00+00:00,3.96,37.0,16.9
2025-08-31T14:00:00+00:00,3.36,7.0,14.7
2025-08-31T15:00:00+00:00,2.37,0.0,13.3
2025-08-31T16:00:00+00:00,1.79,0.0,12.5
2025-08-31T17:00:00+00:00,1.9,0.0,10.8
2025-08-31T18:00:00+00:00,2.23,0.0,10.8
2025-08-31T19:00:00+00:00,2.34,0.0,10.9
2025-08-31T20:00:00+00:00,2.33,0.0,10.4
2025-08-31T21:00:00+00:00,2.14,0.0,10.6
2025-08-31T22:00:00+00:00,2.34,0.0,10.8
2025-08-31T23:00:00+00:00,2.2,0.0,10.8
2025-09-01T00:00:00+00:00,2.21,0.0,10.9
2025-09-01T01:00:00+00:00,2.44,1.0,10.9
2025-09-01T02:00:00+00:00,2.78,22.0,11.6
2025-09-01T03:00:00+00:00,3.31,61.0,11.9
2025-09-01T04:00:00+00:00,3.39,133.0,12.4
2025-09-01T05:00:00+00:00,3.68,226.0,14.3
2025-09-01T06:00:00+00:00,4.07,278.0,14.7
2025-09-01T07:00:00+00:00,4.41,257.0,14.8
2025-09-01T08:00:00+00:00,4.63,277.0,15.4
2025-09-01T09:00:00+00:00,4.5,265.0,14.9
2025-09-01T10:00:00+00:00,4.76,287.0,14.9
2025-09-01T11:00:00+00:00,4.95,342.0,15.3
2025-09-01T12:00:00+00:00,4.95,237.0,15.6
2025-09-01T13:00:00+00:00,4.45,137.0,15.8
2025-09-01T14:00:00+00:00,3.05,31.0,12.6
2025-09-01T15:00:00+00:00,2.87,0.0,11.8
2025-09-01T16:00:00+00:00,2.82,0.0,11.6
2025-09-01T17:00:00+00:00,2.69,0.0,8.9
2025-09-01T18:00:00+00:00,2.47,0.0,8.3
2025-09-01T19:00:00+00:00,2.38,0.0,7.8
2025-09-01T20:00:00+00:00,2.43,0.0,6.7
2025-09-01T21:00:00+00:00,2.62,0.0,6.8
2025-09-01T22:00:00+00:00,2.8,0.0,5.7
2025-09-01T23:00:00+00:00,3.04,0.0,5.7
2025-09-02T00:00:00+00:00,3.15,0.0,5.6
2025-09-02T01:00:00+00:00,3.34,4.0,5.7
2025-09-02T02:00:00+00:00,3.59,80.0,9.1
2025-09-02T03:00:00+00:00,3.95,211.0,9.9
2025-09-02T04:00:00+00:00,4.34,361.0,10.7
2025-09-02T05:00:00+00:00,5.08,471.0,16.4
2025-09-02T06:00:00+00:00,4.86,528.0,16.7
2025-09-02T07:00:00+00:00,4.55,516.0,16.5
2025-09-02T08:00:00+00:00,4.65,526.0,18.3
2025-09-02T09:00:00+00:00,4.67,502.0,18.4
2025-09-02T10:00:00+00:00,5.3,381.0,19.0
2025-09-02T11:00:00+00:00,5.23,225.0,18.7
2025-09-02T12:00:00+00:00,4.92,144.0,18.6
2025-09-02T13:00:00+00:00,3.89,86.0,18.6
2025-09-02T14:00:00+00:00,2.8,26.0,15.6
2025-09-02T15:00:00+00:00,2.51,0.0,13.9
2025-09-02T16:00:00+00:00,2.44,0.0,13.8
2025-09-02T17:00:00+00:00,2.39,0.0,11.2
2025-09-02T18:00:00+00:00,2.29,0.0,10.5
2025-09-02T19:00:00+00:00,2.29,0.0,10.3
2025-09-02T20:00:00+00:00,2.21,0.0,8.0
2025-09-02T21:00:00+00:00,2.08,0.0,7.7
2025-09-02T22:00:00+00:00,1.95,0.0,6.1
2025-09-02T23:00:00+00:00,2.02,0.0,5.5
2025-09-03T00:00:00+00:00,2.15,0.0,5.7
2025-09-03T01:00:00+00:00,1.84,4.0,5.7
2025-09-03T02:00:00+00:00,1.42,81.0,10.4
2025-09-03T03:00:00+00:00,0.93,224.0,11.8
2025-09-03T04:00:00+00:00,1.01,363.0,13.2
2025-09-03T05:00:00+00:00,1.41,486.0,18.7
2025-09-03T06:00:00+00:00,1.66,534.0,19.3
2025-09-03T07:00:00+00:00,1.66,641.0,19.4
2025-09-03T08:00:00+00:00,1.97,614.0,20.7
2025-09-03T09:00:00+00:00,2.15,551.0,20.7
2025-09-03T10:00:00+00:00,2.45,491.0,21.3
2025-09-03T11:00:00+00:00,2.35,378.0,21.1
2025-09-03T12:00:00+00:00,2.4,234.0,20.5
2025-09-03T13:00:00+00:00,1.5,102.0,20.5
2025-09-03T14:00:00+00:00,0.93,24.0,16.7
2025-09-03T15:00:00+00:00,0.63,0.0,15.8
2025-09-03T16:00:00+00:00,1.14,0.0,17.0
2025-09-03T17:00:00+00:00,1.21,0.0,15.8
2025-09-03T18:00:00+00:00,1.39,0.0,14.7
2025-09-03T19:00:00+00:00,1.84,0.0,14.9
2025-09-03T20:00:00+00:00,2.55,0.0,14.3
2025-09-03T21:00:00+00:00,3.0,0.0,14.4
2025-09-03T22:00:00+00:00,3.06,0.0,14.1
2025-09-03T23:00:00+00:00,3.15,0.0,14.0
2025-09-04T00:00:00+00:00,3.52,0.0,14.2
2025-09-04T01:00:00+00:00,3.87,2.0,14.3
2025-09-04T02:00:00+00:00,4.02,50.0,16.3
2025-09-04T03:00:00+00:00,4.47,139.0,16.6
2025-09-04T04:00:00+00:00,4.72,231.0,17.0
2025-09-04T05:00:00+00:00,4.81,370.0,22.9
2025-09-04T06:00:00+00:00,4.99,552.0,24.1
2025-09-04T07:00:00+00:00,5.38,606.0,24.6
2025-09-04T08:00:00+00:00,5.16,591.0,27.2
2025-09-04T09:00:00+00:00,4.62,573.0,27.3
2025-09-04T10:00:00+00:00,4.67,530.0,27.6
2025-09-04T11:00:00+00:00,4.36,394.0,27.4
2025-09-04T12:00:00+00:00,3.36,244.0,27.1
2025-09-04T13:00:00+00:00,1.86,119.0,26.3
2025-09-04T14:00:00+00:00,2.65,25.0,20.6
2025-09-04T15:00:00+00:00,2.67,0.0,21.2
2025-09-04T16:00:00+00:00,2.16,0.0,21.8
2025-09-04T17:00:00+00:00,1.46,0.0,17.4
2025-09-04T18:00:00+00:00,1.33,0.0,15.9
2025-09-04T19:00:00+00:00,1.7,0.0,14.4
2025-09-04T20:00:00+00:00,1.88,0.0,11.9
2025-09-04T21:00:00+00:00,1.19,0.0,13.5
2025-09-04T22:00:00+00:00,1.56,0.0,12.9
2025-09-04T23:00:00+00:00,1.6,0.0,12.8
2025-09-05T00:00:00+00:00,1.53,0.0,10.6
2025-09-05T01:00:00+00:00,1.97,3.0,10.2
2025-09-05T02:00:00+00:00,2.05,72.0,15.3
2025-09-05T03:00:00+00:00,1.51,209.0,16.7
2025-09-05T04:00:00+00:00,1.41,361.0,18.1
2025-09-05T05:00:00+00:00,1.81,498.0,25.4
2025-09-05T06:00:00+00:00,2.45,595.0,26.6
2025-09-05T07:00:00+00:00,3.1,654.0,26.9
2025-09-05T08:00:00+00:00,3.6,652.0,29.1
2025-09-05T09:00:00+00:00,4.0,623.0,29.4
2025-09-05T10:00:00+00:00,4.7,526.0,29.0
2025-09-05T11:00:00+00:00,5.16,396.0,28.8
2025-09-05T12:00:00+00:00,5.04,256.0,28.4
2025-09-05T13:00:00+00:00,4.86,121.0,27.7
2025-09-05T14:00:00+00:00,4.81,23.0,22.4
2025-09-05T15:00:00+00:00,5.14,0.0,21.6
2025-09-05T16:00:00+00:00,5.16,0.0,21.1
2025-09-05T17:00:00+00:00,5.0,0.0,18.4
2025-09-05T18:00:00+00:00,4.8,0.0,17.8
2025-09-05T19:00:00+00:00,4.6,0.0,17.6
2025-09-05T20:00:00+00:00,4.46,0.0,15.6
2025-09-05T21:00:00+00:00,4.39,0.0,15.4
2025-09-05T22:00:00+00:00,4.61,0.0,13.8
2025-09-05T23:00:00+00:00,4.43,0.0,13.8
2025-09-06T00:00:00+00:00,4.54,0.0,13.6
2025-09-06T01:00:00+00:00,4.86,2.0,13.7
2025-09-06T02:00:00+00:00,5.11,56.0,16.2
2025-09-06T03:00:00+00:00,5.58,166.0,16.7
2025-09-06T04:00:00+00:00,6.05,306.0,17.4
2025-09-06T05:00:00+00:00,6.56,456.0,22.6
2025-09-06T06:00:00+00:00,6.91,569.0,23.6
2025-09-06T07:00:00+00:00,6.76,636.0,24.1
2025-09-06T08:00:00+00:00,6.53,657.0,26.6
2025-09-06T09:00:00+00:00,6.32,617.0,26.8
2025-09-06T10:00:00+00:00,6.05,540.0,26.6
2025-09-06T11:00:00+00:00,6.0,420.0,26.5
2025-09-06T12:00:00+00:00,5.95,274.0,26.4
2025-09-06T13:00:00+00:00,6.07,129.0,26.1
2025-09-06T14:00:00+00:00,6.65,22.0,22.2
2025-09-06T15:00:00+00:00,7.12,0.0,21.9
2025-09-06T16:00:00+00:00,7.16,0.0,21.3
2025-09-06T17:00:00+00:00,7.0,0.0,18.8
2025-09-06T18:00:00+00:00,6.65,0.0,18.3
2025-09-06T19:00:00+00:00,6.7,0.0,18.0
2025-09-06T20:00:00+00:00,6.73,0.0,15.9
2025-09-06T21:00:00+00:00,6.72,0.0,15.7
2025-09-06T22:00:00+00:00,6.88,0.0,14.4
2025-09-06T23:00:00+00:00,6.88,0.0,14.5
2025-09-07T00:00:00+00:00,6.71,0.0,14.4
2025-09-07T01:00:00+00:00,6.45,1.0,14.4
2025-09-07T02:00:00+00:00,6.0,54.0,15.5
2025-09-07T03:00:00+00:00,6.15,172.0,16.0
2025-09-07T04:00:00+00:00,5.77,286.0,16.4
2025-09-07T05:00:00+00:00,4.9,436.0,21.2
2025-09-07T06:00:00+00:00,4.01,576.0,22.5
2025-09-07T07:00:00+00:00,3.15,655.0,23.3
2025-09-07T08:00:00+00:00,2.01,548.0,24.9
2025-09-07T09:00:00+00:00,1.27,462.0,24.7
2025-09-07T10:00:00+00:00,1.09,374.0,23.7
2025-09-07T11:00:00+00:00,1.24,300.0,23.7
2025-09-07T12:00:00+00:00,1.22,174.0,23.9
2025-09-07T13:00:00+00:00,1.1,83.0,23.0
2025-09-07T14:00:00+00:00,2.22,16.0,18.9
2025-09-07T15:00:00+00:00,3.51,0.0,18.5
2025-09-07T16:00:00+00:00,4.36,0.0,18.7
2025-09-07T17:00:00+00:00,4.72,0.0,17.0
2025-09-07T18:00:00+00:00,5.06,0.0,16.7
2025-09-07T19:00:00+00:00,5.06,0.0,16.2
2025-09-07T20:00:00+00:00,4.88,0.0,14.4
2025-09-07T21:00:00+00:00,4.5,0.0,13.9
2025-09-07T22:00:00+00:00,3.78,0.0,12.8
2025-09-07T23:00:00+00:00,3.74,0.0,12.5
2025-09-08T00:00:00+00:00,3.58,0.0,12.2
2025-09-08T01:00:00+00:00,3.45,1.0,11.9
2025-09-08T02:00:00+00:00,3.76,47.0,12.2
2025-09-08T03:00:00+00:00,4.05,144.0,12.6
2025-09-08T04:00:00+00:00,4.23,196.0,12.6
2025-09-08T05:00:00+00:00,4.58,224.0,13.7
2025-09-08T06:00:00+00:00,5.02,226.0,13.6
2025-09-08T07:00:00+00:00,5.85,175.0,13.7
2025-09-08T08:00:00+00:00,6.12,144.0,13.9
2025-09-08T09:00:00+00:00,6.02,144.0,14.0
2025-09-08T10:00:00+00:00,6.13,189.0,13.9
2025-09-08T11:00:00+00:00,5.74,207.0,14.4
2025-09-08T12:00:00+00:00,5.21,206.0,14.6
2025-09-08T13:00:00+00:00,4.19,103.0,14.6
2025-09-08T14:00:00+00:00,3.3,18.0,12.0
2025-09-08T15:00:00+00:00,2.5,0.0,11.7
2025-09-08T16:00:00+00:00,1.91,0.0,11.4
2025-09-08T17:00:00+00:00,1.94,0.0,10.4
2025-09-08T18:00:00+00:00,1.91,0.0,9.8
2025-09-08T19:00:00+00:00,1.91,0.0,9.7
2025-09-08T20:00:00+00:00,2.08,0.0,8.4
2025-09-08T21:00:00+00:00,2.15,0.0,8.3
2025-09-08T22:00:00+00:00,2.24,0.0,8.4
2025-09-08T23:00:00+00:00,2.12,0.0,8.1
2025-09-09T00:00:00+00:00,1.98,0.0,7.6
2025-09-09T01:00:00+00:00,1.86,1.0,7.5
2025-09-09T02:00:00+00:00,2.26,56.0,10.5
2025-09-09T03:00:00+00:00,1.85,183.0,11.4
2025-09-09T04:00:00+00:00,1.99,310.0,12.6
2025-09-09T05:00:00+00:00,2.5,442.0,18.1
2025-09-09T06:00:00+00:00,3.06,500.0,18.6
2025-09-09T07:00:00+00:00,3.61,501.0,19.0
2025-09-09T08:00:00+00:00,3.97,371.0,19.6
2025-09-09T09:00:00+00:00,4.19,395.0,19.9
2025-09-09T10:00:00+00:00,4.04,400.0,19.2
2025-09-09T11:00:00+00:00,4.14,275.0,18.8
2025-09-09T12:00:00+00:00,3.73,160.0,18.1
2025-09-09T13:00:00+00:00,2.76,87.0,17.6
2025-09-09T14:00:00+00:00,2.27,11.0,14.7
2025-09-09T15:00:00+00:00,2.55,0.0,14.5
2025-09-09T16:00:00+00:00,3.07,0.0,14.2
2025-09-09T17:00:00+00:00,3.19,0.0,13.2
2025-09-09T18:00:00+00:00,3.12,0.0,13.3
2025-09-09T19:00:00+00:00,3.01,0.0,13.4
2025-09-09T20:00:00+00:00,3.08,0.0,12.6
2025-09-09T21:00:00+00:00,3.0,0.0,12.6
2025-09-09T22:00:00+00:00,2.57,0.0,12.0
2025-09-09T23:00:00+00:00,2.52,0.0,12.2
2025-09-10T00:00:00+00:00,2.73,0.0,12.1
2025-09-10T01:00:00+00:00,2.65,1.0,11.7
2025-09-10T02:00:00+00:00,2.76,40.0,12.4
2025-09-10T03:00:00+00:00,2.56,110.0,12.6
2025-09-10T04:00:00+00:00,2.39,175.0,12.0
2025-09-10T05:00:00+00:00,2.1,275.0,13.6
2025-09-10T06:00:00+00:00,2.09,350.0,13.7
2025-09-10T07:00:00+00:00,2.06,191.0,14.1
2025-09-10T08:00:00+00:00,2.35,251.0,14.6
2025-09-10T09:00:00+00:00,1.77,185.0,13.5
2025-09-10T10:00:00+00:00,2.03,259.0,13.1
2025-09-10T11:00:00+00:00,2.34,235.0,12.9
2025-09-10T12:00:00+00:00,3.18,176.0,12.7
2025-09-10T13:00:00+00:00,1.82,74.0,13.1
2025-09-10T14:00:00+00:00,2.27,12.0,11.3
2025-09-10T15:00:00+00:00,2.21,0.0,11.2
2025-09-10T16:00:00+00:00,2.47,0.0,10.9
2025-09-10T17:00:00+00:00,2.63,0.0,9.7
2025-09-10T18:00:00+00:00,2.59,0.0,9.7
2025-09-10T19:00:00+00:00,2.72,0.0,9.7
2025-09-10T20:00:00+00:00,2.85,0.0,8.8
2025-09-10T21:00:00+00:00,2.85,0.0,8.6
2025-09-10T22:00:00+00:00,3.32,0.0,8.0
2025-09-10T23:00:00+00:00,3.28,0.0,7.7
2025-09-11T00:00:00+00:00,3.21,0.0,7.5
2025-09-11T01:00:00+00:00,3.08,0.0,7.2
2025-09-11T02:00:00+00:00,3.78,52.0,8.3
2025-09-11T03:00:00+00:00,4.76,151.0,9.4
2025-09-11T04:00:00+00:00,4.98,177.0,9.8
2025-09-11T05:00:00+00:00,5.13,178.0,11.8
2025-09-11T06:00:00+00:00,5.03,86.0,11.5
2025-09-11T07:00:00+00:00,4.99,117.0,11.4
2025-09-11T08:00:00+00:00,4.76,104.0,12.9
2025-09-11T09:00:00+00:00,4.72,186.0,13.3
2025-09-11T10:00:00+00:00,5.25,250.0,13.6
2025-09-11T11:00:00+00:00,5.4,249.0,13.9
2025-09-11T12:00:00+00:00,4.83,133.0,13.9
2025-09-11T13:00:00+00:00,3.81,73.0,13.7
2025-09-11T14:00:00+00:00,3.16,9.0,11.9
2025-09-11T15:00:00+00:00,2.93,0.0,11.5
2025-09-11T16:00:00+00:00,2.66,0.0,11.6
2025-09-11T17:00:00+00:00,2.35,0.0,10.3
2025-09-11T18:00:00+00:00,2.3,0.0,10.2
2025-09-11T19:00:00+00:00,2.21,0.0,10.2
2025-09-11T20:00:00+00:00,2.09,0.0,9.6
2025-09-11T21:00:00+00:00,2.13,0.0,9.8
2025-09-11T22:00:00+00:00,2.4,0.0,8.5
2025-09-11T23:00:00+00:00,2.4,0.0,8.7
2025-09-12T00:00:00+00:00,2.61,0.0,8.6
2025-09-12T01:00:00+00:00,2.88,0.0,8.7
2025-09-12T02:00:00+00:00,3.2,24.0,10.0
2025-09-12T03:00:00+00:00,3.42,103.0,10.6
2025-09-12T04:00:00+00:00,3.7,162.0,10.8
2025-09-12T05:00:00+00:00,3.36,238.0,12.7
2025-09-12T06:00:00+00:00,3.12,315.0,13.2
2025-09-12T07:00:00+00:00,2.97,340.0,13.4
2025-09-12T08:00:00+00:00,3.0,356.0,14.0
2025-09-12T09:00:00+00:00,3.3,282.0,14.2
2025-09-12T10:00:00+00:00,3.29,310.0,13.1
2025-09-12T11:00:00+00:00,3.23,198.0,13.1
2025-09-12T12:00:00+00:00,3.59,97.0,12.6
2025-09-12T13:00:00+00:00,3.45,44.0,12.3
2025-09-12T14:00:00+00:00,3.24,4.0,10.4
2025-09-12T15:00:00+00:00,3.24,0.0,10.2
2025-09-12T16:00:00+00:00,3.65,0.0,10.0
2025-09-12T17:00:00+00:00,4.18,0.0,8.9
2025-09-12T18:00:00+00:00,4.97,0.0,8.9
2025-09-12T19:00:00+00:00,5.54,0.0,8.8
2025-09-12T20:00:00+00:00,5.59,0.0,7.4
2025-09-12T21:00:00+00:00,5.15,0.0,7.4
2025-09-12T22:00:00+00:00,4.97,0.0,6.2
2025-09-12T23:00:00+00:00,4.24,0.0,6.1
2025-09-13T00:00:00+00:00,3.9,0.0,5.6
2025-09-13T01:00:00+00:00,3.78,0.0,5.2
2025-09-13T02:00:00+00:00,3.87,51.0,6.1
2025-09-13T03:00:00+00:00,4.45,184.0,6.5
2025-09-13T04:00:00+00:00,4.59,326.0,7.2
2025-09-13T05:00:00+00:00,5.44,436.0,10.9
2025-09-13T06:00:00+00:00,4.96,487.0,11.2
2025-09-13T07:00:00+00:00,4.65,573.0,11.2
2025-09-13T08:00:00+00:00,4.43,550.0,12.7
2025-09-13T09:00:00+00:00,4.3,552.0,12.8
2025-09-13T10:00:00+00:00,4.68,497.0,12.9
2025-09-13T11:00:00+00:00,4.72,368.0,12.7
2025-09-13T12:00:00+00:00,4.45,241.0,12.6
2025-09-13T13:00:00+00:00,3.1,93.0,12.4
2025-09-13T14:00:00+00:00,2.17,8.0,8.3
2025-09-13T15:00:00+00:00,1.99,0.0,8.1
2025-09-13T16:00:00+00:00,1.89,0.0,7.7
2025-09-13T17:00:00+00:00,1.98,0.0,5.5
2025-09-13T18:00:00+00:00,2.04,0.0,5.3
2025-09-13T19:00:00+00:00,2.2,0.0,5.4
2025-09-13T20:00:00+00:00,2.22,0.0,5.5
2025-09-13T21:00:00+00:00,2.17,0.0,5.3
2025-09-13T22:00:00+00:00,2.59,0.0,4.8
2025-09-13T23:00:00+00:00,2.4,0.0,4.4
2025-09-14T00:00:00+00:00,2.25,0.0,4.4
2025-09-14T01:00:00+00:00,1.89,0.0,4.2
2025-09-14T02:00:00+00:00,2.14,26.0,7.1
2025-09-14T03:00:00+00:00,1.85,99.0,7.6
2025-09-14T04:00:00+00:00,1.73,214.0,8.3
2025-09-14T05:00:00+00:00,1.69,281.0,13.0
2025-09-14T06:00:00+00:00,3.12,365.0,13.2
2025-09-14T07:00:00+00:00,2.93,369.0,13.2
2025-09-14T08:00:00+00:00,2.93,234.0,14.7
2025-09-14T09:00:00+00:00,3.44,297.0,14.6
2025-09-14T10:00:00+00:00,4.16,198.0,15.0
2025-09-14T11:00:00+00:00,4.25,191.0,15.1
2025-09-14T12:00:00+00:00,3.83,120.0,14.9
2025-09-14T13:00:00+00:00,3.21,64.0,14.9
2025-09-14T14:00:00+00:00,3.02,7.0,10.0
2025-09-14T15:00:00+00:00,3.04,0.0,9.0
2025-09-14T16:00:00+00:00,3.17,0.0,9.1
2025-09-14T17:00:00+00:00,3.27,0.0,6.2
2025-09-14T18:00:00+00:00,3.24,0.0,6.2
2025-09-14T19:00:00+00:00,3.2,0.0,6.1
2025-09-14T20:00:00+00:00,3.18,0.0,4.5
2025-09-14T21:00:00+00:00,3.16,0.0,4.4
2025-09-14T22:00:00+00:00,3.37,0.0,4.3
2025-09-14T23:00:00+00:00,3.26,0.0,4.2
2025-09-15T00:00:00+00:00,3.2,0.0,3.6
2025-09-15T01:00:00+00:00,3.19,0.0,3.7
2025-09-15T02:00:00+00:00,3.52,36.0,7.2
2025-09-15T03:00:00+00:00,3.65,129.0,7.8
2025-09-15T04:00:00+00:00,4.16,287.0,9.0
2025-09-15T05:00:00+00:00,4.35,359.0,13.5
2025-09-15T06:00:00+00:00,5.74,454.0,13.7
2025-09-15T07:00:00+00:00,5.75,544.0,14.1
2025-09-15T08:00:00+00:00,5.55,604.0,16.1
2025-09-15T09:00:00+00:00,5.3,581.0,16.4
2025-09-15T10:00:00+00:00,6.08,485.0,16.6
2025-09-15T11:00:00+00:00,6.4,327.0,16.4
2025-09-15T12:00:00+00:00,5.98,175.0,16.3
2025-09-15T13:00:00+00:00,5.83,62.0,16.1
2025-09-15T14:00:00+00:00,5.8,6.0,13.2
2025-09-15T15:00:00+00:00,5.76,0.0,13.1
2025-09-15T16:00:00+00:00,5.91,0.0,13.0
2025-09-15T17:00:00+00:00,6.07,0.0,11.4
2025-09-15T18:00:00+00:00,5.81,0.0,11.3
2025-09-15T19:00:00+00:00,5.56,0.0,11.2
2025-09-15T20:00:00+00:00,5.32,0.0,10.4
2025-09-15T21:00:00+00:00,5.02,0.0,10.1
2025-09-15T22:00:00+00:00,5.65,0.0,8.7
2025-09-15T23:00:00+00:00,5.4,0.0,8.7
2025-09-16T00:00:00+00:00,5.46,0.0,8.4
2025-09-16T01:00:00+00:00,5.49,0.0,8.4
2025-09-16T02:00:00+00:00,5.65,39.0,10.1
2025-09-16T03:00:00+00:00,5.58,152.0,10.4
2025-09-16T04:00:00+00:00,5.92,272.0,10.7
2025-09-16T05:00:00+00:00,5.83,377.0,14.0
2025-09-16T06:00:00+00:00,5.76,452.0,14.5
2025-09-16T07:00:00+00:00,5.5,543.0,14.5
2025-09-16T08:00:00+00:00,5.0,511.0,16.4
2025-09-16T09:00:00+00:00,4.99,369.0,16.4
2025-09-16T10:00:00+00:00,5.47,323.0,16.6
2025-09-16T11:00:00+00:00,4.86,218.0,16.1
2025-09-16T12:00:00+00:00,4.29,123.0,15.5
2025-09-16T13:00:00+00:00,4.17,64.0,15.6
2025-09-16T14:00:00+00:00,4.37,4.0,12.7
2025-09-16T15:00:00+00:00,4.67,0.0,12.7
2025-09-16T16:00:00+00:00,4.7,0.0,12.8
2025-09-16T17:00:00+00:00,4.52,0.0,11.4
2025-09-16T18:00:00+00:00,4.55,0.0,11.4
2025-09-16T19:00:00+00:00,4.38,0.0,11.3
2025-09-16T20:00:00+00:00,4.05,0.0,10.0
2025-09-16T21:00:00+00:00,3.67,0.0,9.9
2025-09-16T22:00:00+00:00,3.44,0.0,8.8
2025-09-16T23:00:00+00:00,2.93,0.0,8.6
2025-09-17T00:00:00+00:00,2.57,0.0,8.5
2025-09-17T01:00:00+00:00,2.48,0.0,8.1
2025-09-17T02:00:00+00:00,2.52,31.0,9.7
2025-09-17T03:00:00+00:00,2.3,127.0,10.0
2025-09-17T04:00:00+00:00,2.15,222.0,10.3
2025-09-17T05:00:00+00:00,1.9,310.0,13.8
2025-09-17T06:00:00+00:00,2.16,440.0,14.1
2025-09-17T07:00:00+00:00,2.31,481.0,14.4
2025-09-17T08:00:00+00:00,2.52,467.0,15.7
2025-09-17T09:00:00+00:00,2.58,384.0,15.7
2025-09-17T10:00:00+00:00,2.29,349.0,15.8
2025-09-17T11:00:00+00:00,1.73,246.0,15.4
2025-09-17T12:00:00+00:00,0.71,114.0,14.8
2025-09-17T13:00:00+00:00,0.5,66.0,14.7
2025-09-17T14:00:00+00:00,1.56,3.0,11.7
2025-09-17T15:00:00+00:00,1.93,0.0,11.6
2025-09-17T16:00:00+00:00,1.92,0.0,11.8
2025-09-17T17:00:00+00:00,2.02,0.0,10.1
2025-09-17T18:00:00+00:00,2.06,0.0,9.9
2025-09-17T19:00:00+00:00,2.04,0.0,9.7
2025-09-17T20:00:00+00:00,2.11,0.0,9.1
2025-09-17T21:00:00+00:00,2.15,0.0,8.9
2025-09-17T22:00:00+00:00,2.26,0.0,7.6
2025-09-17T23:00:00+00:00,2.36,0.0,7.7
2025-09-18T00:00:00+00:00,2.57,0.0,7.6
2025-09-18T01:00:00+00:00,2.75,0.0,8.2
2025-09-18T02:00:00+00:00,2.87,21.0,9.4
2025-09-18T03:00:00+00:00,2.82,113.0,9.7
2025-09-18T04:00:00+00:00,3.15,265.0,10.3
2025-09-18T05:00:00+00:00,3.4,385.0,15.0
2025-09-18T06:00:00+00:00,3.42,467.0,15.4
2025-09-18T07:00:00+00:00,3.48,540.0,16.0
2025-09-18T08:00:00+00:00,3.62,568.0,17.9
2025-09-18T09:00:00+00:00,3.91,455.0,18.0
2025-09-18T10:00:00+00:00,3.57,250.0,17.1
2025-09-18T11:00:00+00:00,3.5,229.0,17.1
2025-09-18T12:00:00+00:00,2.8,136.0,17.0
2025-09-18T13:00:00+00:00,2.14,58.0,16.6
2025-09-18T14:00:00+00:00,2.22,3.0,13.7
2025-09-18T15:00:00+00:00,2.05,0.0,12.9
2025-09-18T16:00:00+00:00,2.21,0.0,13.1
2025-09-18T17:00:00+00:00,2.46,0.0,11.6
2025-09-18T18:00:00+00:00,2.53,0.0,11.1
2025-09-18T19:00:00+00:00,2.51,0.0,11.0
2025-09-18T20:00:00+00:00,2.57,0.0,9.7
2025-09-18T21:00:00+00:00,2.61,0.0,9.7
2025-09-18T22:00:00+00:00,2.77,0.0,8.5
2025-09-18T23:00:00+00:00,2.5,0.0,8.6
2025-09-19T00:00:00+00:00,2.36,0.0,8.5
2025-09-19T01:00:00+00:00,2.46,0.0,8.3
2025-09-19T02:00:00+00:00,2.77,26.0,9.9
2025-09-19T03:00:00+00:00,2.77,116.0,10.1
2025-09-19T04:00:00+00:00,2.86,223.0,10.7
2025-09-19T05:00:00+00:00,2.95,318.0,15.5
2025-09-19T06:00:00+00:00,3.18,394.0,15.9
2025-09-19T07:00:00+00:00,3.7,509.0,15.9
2025-09-19T08:00:00+00:00,4.04,424.0,17.7
2025-09-19T09:00:00+00:00,4.02,395.0,17.6
2025-09-19T10:00:00+00:00,3.97,282.0,17.5
2025-09-19T11:00:00+00:00,3.4,148.0,17.4
2025-09-19T12:00:00+00:00,2.5,95.0,17.1
2025-09-19T13:00:00+00:00,2.29,38.0,16.9
2025-09-19T14:00:00+00:00,2.56,2.0,13.7
2025-09-19T15:00:00+00:00,2.72,0.0,13.4
2025-09-19T16:00:00+00:00,2.89,0.0,13.4
2025-09-19T17:00:00+00:00,3.01,0.0,11.2
2025-09-19T18:00:00+00:00,3.02,0.0,10.7
2025-09-19T19:00:00+00:00,2.86,0.0,10.1
2025-09-19T20:00:00+00:00,2.76,0.0,8.0
2025-09-19T21:00:00+00:00,2.61,0.0,7.7
2025-09-19T22:00:00+00:00,2.8,0.0,7.3
2025-09-19T23:00:00+00:00,2.61,0.0,7.2
2025-09-20T00:00:00+00:00,2.47,0.0,7.1
2025-09-20T01:00:00+00:00,2.42,0.0,7.3
2025-09-20T02:00:00+00:00,2.62,29.0,9.2
2025-09-20T03:00:00+00:00,2.65,140.0,9.8
2025-09-20T04:00:00+00:00,2.62,280.0,10.6
2025-09-20T05:00:00+00:00,2.59,400.0,15.9
2025-09-20T06:00:00+00:00,2.73,510.0,16.8
2025-09-20T07:00:00+00:00,2.87,503.0,17.2
2025-09-20T08:00:00+00:00,2.91,533.0,19.2
2025-09-20T09:00:00+00:00,2.61,453.0,19.4
2025-09-20T10:00:00+00:00,2.69,248.0,18.8
2025-09-20T11:00:00+00:00,2.29,157.0,18.7
2025-09-20T12:00:00+00:00,1.61,109.0,18.6
2025-09-20T13:00:00+00:00,1.7,44.0,17.6
2025-09-20T14:00:00+00:00,1.83,1.0,13.2
2025-09-20T15:00:00+00:00,1.82,0.0,12.8
2025-09-20T16:00:00+00:00,1.84,0.0,12.7
2025-09-20T17:00:00+00:00,1.91,0.0,9.8
2025-09-20T18:00:00+00:00,1.75,0.0,9.8
2025-09-20T19:00:00+00:00,1.66,0.0,9.3
2025-09-20T20:00:00+00:00,1.62,0.0,8.2
2025-09-20T21:00:00+00:00,1.61,0.0,8.5
2025-09-20T22:00:00+00:00,1.65,0.0,7.2
2025-09-20T23:00:00+00:00,1.52,0.0,6.7
2025-09-21T00:00:00+00:00,1.75,0.0,7.0
2025-09-21T01:00:00+00:00,1.79,0.0,7.1
2025-09-21T02:00:00+00:00,2.09,25.0,9.7
2025-09-21T03:00:00+00:00,1.97,131.0,10.3
2025-09-21T04:00:00+00:00,1.68,245.0,10.9
2025-09-21T05:00:00+00:00,1.88,382.0,17.3
2025-09-21T06:00:00+00:00,2.36,476.0,17.8
2025-09-21T07:00:00+00:00,2.86,574.0,17.9
2025-09-21T08:00:00+00:00,3.24,577.0,19.7
2025-09-21T09:00:00+00:00,3.7,518.0,19.9
2025-09-21T10:00:00+00:00,3.52,392.0,19.6
2025-09-21T11:00:00+00:00,2.92,218.0,19.5
2025-09-21T12:00:00+00:00,1.59,132.0,19.3
2025-09-21T13:00:00+00:00,1.97,44.0,18.9
2025-09-21T14:00:00+00:00,2.02,1.0,14.5
2025-09-21T15:00:00+00:00,2.39,0.0,14.2
2025-09-21T16:00:00+00:00,2.61,0.0,14.2
2025-09-21T17:00:00+00:00,2.71,0.0,12.8
2025-09-21T18:00:00+00:00,2.8,0.0,12.8
2025-09-21T19:00:00+00:00,2.71,0.0,12.3
2025-09-21T20:00:00+00:00,2.52,0.0,11.6
2025-09-21T21:00:00+00:00,2.34,0.0,11.4
2025-09-21T22:00:00+00:00,2.28,0.0,10.9
2025-09-21T23:00:00+00:00,2.14,0.0,10.9
2025-09-22T00:00:00+00:00,1.91,0.0,11.2
2025-09-22T01:00:00+00:00,1.87,0.0,11.2
2025-09-22T02:00:00+00:00,1.92,17.0,12.3
2025-09-22T03:00:00+00:00,2.25,86.0,12.5
2025-09-22T04:00:00+00:00,2.25,175.0,12.4
2025-09-22T05:00:00+00:00,2.5,251.0,17.7
2025-09-22T06:00:00+00:00,2.79,384.0,17.7
2025-09-22T07:00:00+00:00,2.76,463.0,18.1
2025-09-22T08:00:00+00:00,2.79,447.0,19.7
2025-09-22T09:00:00+00:00,2.86,372.0,19.8
2025-09-22T10:00:00+00:00,2.78,271.0,18.6
2025-09-22T11:00:00+00:00,2.5,183.0,18.5
2025-09-22T12:00:00+00:00,1.91,83.0,18.3
2025-09-22T13:00:00+00:00,1.46,30.0,17.2
2025-09-22T14:00:00+00:00,1.27,1.0,14.4
2025-09-22T15:00:00+00:00,1.61,0.0,14.8
2025-09-22T16:00:00+00:00,1.85,0.0,14.7
2025-09-22T17:00:00+00:00,1.79,0.0,13.2
2025-09-22T18:00:00+00:00,1.82,0.0,13.2
2025-09-22T19:00:00+00:00,2.37,0.0,13.0
2025-09-22T20:00:00+00:00,3.36,0.0,11.3
2025-09-22T21:00:00+00:00,3.61,0.0,11.2
2025-09-22T22:00:00+00:00,3.05,0.0,9.2
2025-09-22T23:00:00+00:00,3.26,0.0,8.8
2025-09-23T00:00:00+00:00,3.61,0.0,8.8
2025-09-23T01:00:00+00:00,3.69,0.0,8.7
2025-09-23T02:00:00+00:00,3.55,21.0,9.1
2025-09-23T03:00:00+00:00,4.83,113.0,9.3
2025-09-23T04:00:00+00:00,4.93,245.0,9.5
2025-09-23T05:00:00+00:00,5.05,366.0,13.0
2025-09-23T06:00:00+00:00,5.32,477.0,13.7
2025-09-23T07:00:00+00:00,5.61,452.0,14.1
2025-09-23T08:00:00+00:00,5.23,265.0,15.9
2025-09-23T09:00:00+00:00,4.9,312.0,15.8
2025-09-23T10:00:00+00:00,5.03,226.0,15.8
2025-09-23T11:00:00+00:00,4.07,119.0,15.7
2025-09-23T12:00:00+00:00,3.31,102.0,15.9
2025-09-23T13:00:00+00:00,2.25,48.0,15.5
2025-09-23T14:00:00+00:00,2.36,1.0,11.4
2025-09-23T15:00:00+00:00,2.77,0.0,11.5
2025-09-23T16:00:00+00:00,3.09,0.0,11.7
2025-09-23T17:00:00+00:00,3.33,0.0,10.6
2025-09-23T18:00:00+00:00,3.64,0.0,10.6
2025-09-23T19:00:00+00:00,3.93,0.0,10.5
2025-09-23T20:00:00+00:00,4.14,0.0,10.1
2025-09-23T21:00:00+00:00,4.35,0.0,10.0
2025-09-23T22:00:00+00:00,4.49,0.0,10.2
2025-09-23T23:00:00+00:00,4.49,0.0,10.2
2025-09-24T00:00:00+00:00,4.39,0.0,10.2
2025-09-24T01:00:00+00:00,4.18,0.0,10.1
2025-09-24T02:00:00+00:00,4.15,22.0,12.2
2025-09-24T03:00:00+00:00,4.46,125.0,12.8
2025-09-24T04:00:00+00:00,4.43,261.0,13.6
2025-09-24T05:00:00+00:00,4.56,389.0,19.5
2025-09-24T06:00:00+00:00,4.5,487.0,20.6
2025-09-24T07:00:00+00:00,4.56,542.0,21.5
2025-09-24T08:00:00+00:00,4.65,552.0,25.3
2025-09-24T09:00:00+00:00,4.65,511.0,25.5
2025-09-24T10:00:00+00:00,4.56,427.0,26.0
2025-09-24T11:00:00+00:00,3.83,307.0,26.2
2025-09-24T12:00:00+00:00,3.34,170.0,25.7
2025-09-24T13:00:00+00:00,3.19,49.0,24.6
2025-09-24T14:00:00+00:00,3.17,0.0,18.9
2025-09-24T15:00:00+00:00,3.05,0.0,18.5
2025-09-24T16:00:00+00:00,2.93,0.0,18.1
2025-09-24T17:00:00+00:00,2.76,0.0,15.9
2025-09-24T18:00:00+00:00,2.7,0.0,15.3
2025-09-24T19:00:00+00:00,2.65,0.0,15.1
2025-09-24T20:00:00+00:00,2.76,0.0,13.3
2025-09-24T21:00:00+00:00,2.87,0.0,13.2
2025-09-24T22:00:00+00:00,2.97,0.0,11.7
2025-09-24T23:00:00+00:00,2.98,0.0,11.6
2025-09-25T00:00:00+00:00,3.06,0.0,11.6
2025-09-25T01:00:00+00:00,3.04,0.0,11.4
2025-09-25T02:00:00+00:00,3.18,21.0,13.3
2025-09-25T03:00:00+00:00,3.69,124.0,14.3
2025-09-25T04:00:00+00:00,3.45,261.0,15.2
2025-09-25T05:00:00+00:00,3.58,389.0,22.9
2025-09-25T06:00:00+00:00,3.58,487.0,24.0
2025-09-25T07:00:00+00:00,3.65,545.0,24.5
2025-09-25T08:00:00+00:00,3.82,552.0,27.1
2025-09-25T09:00:00+00:00,3.96,511.0,27.1
2025-09-25T10:00:00+00:00,4.11,424.0,26.5
2025-09-25T11:00:00+00:00,3.25,303.0,26.3
2025-09-25T12:00:00+00:00,2.44,165.0,25.8
2025-09-25T13:00:00+00:00,2.44,45.0,23.8
2025-09-25T14:00:00+00:00,2.53,0.0,18.0
2025-09-25T15:00:00+00:00,2.55,0.0,17.7
2025-09-25T16:00:00+00:00,2.5,0.0,17.5
2025-09-25T17:00:00+00:00,2.36,0.0,14.7
2025-09-25T18:00:00+00:00,2.31,0.0,14.4
2025-09-25T19:00:00+00:00,2.25,0.0,14.2
2025-09-25T20:00:00+00:00,2.31,0.0,12.5
2025-09-25T21:00:00+00:00,2.23,0.0,12.5
2025-09-25T22:00:00+00:00,2.15,0.0,10.7
2025-09-25T23:00:00+00:00,2.27,0.0,10.1
2025-09-26T00:00:00+00:00,2.34,0.0,9.7
2025-09-26T01:00:00+00:00,2.32,0.0,9.4
2025-09-26T02:00:00+00:00,1.5,19.0,12.5
2025-09-26T03:00:00+00:00,1.79,119.0,13.8
2025-09-26T04:00:00+00:00,1.12,253.0,14.6
2025-09-26T05:00:00+00:00,1.05,380.0,22.6
2025-09-26T06:00:00+00:00,1.05,477.0,23.4
2025-09-26T07:00:00+00:00,1.1,533.0,23.8
2025-09-26T08:00:00+00:00,1.25,540.0,26.3
2025-09-26T09:00:00+00:00,1.39,498.0,26.5
2025-09-26T10:00:00+00:00,1.98,412.0,25.7
2025-09-26T11:00:00+00:00,1.91,293.0,25.7
2025-09-26T12:00:00+00:00,2.05,157.0,24.6
2025-09-26T13:00:00+00:00,2.78,41.0,22.6
2025-09-26T14:00:00+00:00,2.77,0.0,16.0
2025-09-26T15:00:00+00:00,2.55,0.0,16.1
2025-09-26T16:00:00+00:00,2.33,0.0,16.4
2025-09-26T17:00:00+00:00,2.3,0.0,13.9
2025-09-26T18:00:00+00:00,2.33,0.0,13.6
2025-09-26T19:00:00+00:00,2.22,0.0,13.4
2025-09-26T20:00:00+00:00,2.14,0.0,11.6
2025-09-26T21:00:00+00:00,2.49,0.0,10.7
2025-09-26T22:00:00+00:00,2.21,0.0,9.2
2025-09-26T23:00:00+00:00,1.92,0.0,8.7
2025-09-27T00:00:00+00:00,2.54,0.0,9.5
2025-09-27T01:00:00+00:00,3.0,0.0,9.4
2025-09-27T02:00:00+00:00,3.26,15.0,10.9
2025-09-27T03:00:00+00:00,3.17,98.0,11.5
2025-09-27T04:00:00+00:00,2.76,218.0,12.1
2025-09-27T05:00:00+00:00,2.0,353.0,16.5
2025-09-27T06:00:00+00:00,1.23,443.0,17.8
2025-09-27T07:00:00+00:00,0.87,509.0,19.0
2025-09-27T08:00:00+00:00,1.74,524.0,21.7
2025-09-27T09:00:00+00:00,2.35,456.0,21.9
2025-09-27T10:00:00+00:00,2.47,330.0,19.5
2025-09-27T11:00:00+00:00,2.26,240.0,19.3
2025-09-27T12:00:00+00:00,1.77,117.0,19.4
2025-09-27T13:00:00+00:00,1.51,27.0,17.4
2025-09-27T14:00:00+00:00,1.84,0.0,15.1
2025-09-27T15:00:00+00:00,1.76,0.0,14.4
2025-09-27T16:00:00+00:00,1.7,0.0,14.0
2025-09-27T17:00:00+00:00,2.33,0.0,12.0
2025-09-27T18:00:00+00:00,3.4,0.0,10.8
2025-09-27T19:00:00+00:00,3.87,0.0,10.1
2025-09-27T20:00:00+00:00,4.03,0.0,8.4
2025-09-27T21:00:00+00:00,3.97,0.0,8.3
2025-09-27T22:00:00+00:00,4.9,0.0,7.3
2025-09-27T23:00:00+00:00,4.62,0.0,7.4
2025-09-28T00:00:00+00:00,4.25,0.0,7.9
2025-09-28T01:00:00+00:00,3.73,0.0,8.4
2025-09-28T02:00:00+00:00,3.66,4.0,7.7
2025-09-28T03:00:00+00:00,3.75,13.0,7.7
2025-09-28T04:00:00+00:00,3.91,31.0,7.4
2025-09-28T05:00:00+00:00,4.05,38.0,7.5
2025-09-28T06:00:00+00:00,4.27,67.0,7.2
2025-09-28T07:00:00+00:00,4.38,75.0,6.8
2025-09-28T08:00:00+00:00,4.43,51.0,6.9
2025-09-28T09:00:00+00:00,4.46,57.0,6.7
2025-09-28T10:00:00+00:00,4.59,55.0,6.5
2025-09-28T11:00:00+00:00,4.41,43.0,6.8
2025-09-28T12:00:00+00:00,4.25,27.0,6.9
2025-09-28T13:00:00+00:00,3.98,9.0,7.0
2025-09-28T14:00:00+00:00,3.92,0.0,5.1
2025-09-28T15:00:00+00:00,3.9,0.0,5.1
2025-09-28T16:00:00+00:00,3.98,0.0,4.9
2025-09-28T17:00:00+00:00,4.04,0.0,3.6
2025-09-28T18:00:00+00:00,4.05,0.0,3.1
2025-09-28T19:00:00+00:00,3.97,0.0,2.9
2025-09-28T20:00:00+00:00,3.92,0.0,2.1
2025-09-28T21:00:00+00:00,3.83,0.0,2.1
2025-09-28T22:00:00+00:00,3.75,0.0,1.3
2025-09-28T23:00:00+00:00,3.71,0.0,1.3
2025-09-29T00:00:00+00:00,3.69,0.0,1.2
2025-09-29T01:00:00+00:00,3.82,0.0,1.1
2025-09-29T02:00:00+00:00,3.89,7.0,1.0
2025-09-29T03:00:00+00:00,4.07,42.0,0.8
2025-09-29T04:00:00+00:00,4.18,99.0,1.0
2025-09-29T05:00:00+00:00,4.23,159.0,1.7
2025-09-29T06:00:00+00:00,4.32,225.0,1.7
2025-09-29T07:00:00+00:00,4.21,224.0,1.8
2025-09-29T08:00:00+00:00,4.16,215.0,3.1
2025-09-29T09:00:00+00:00,4.29,203.0,3.2
2025-09-29T10:00:00+00:00,4.86,214.0,3.2
2025-09-29T11:00:00+00:00,4.76,135.0,3.1
2025-09-29T12:00:00+00:00,4.72,79.0,3.1
2025-09-29T13:00:00+00:00,4.61,20.0,3.1
2025-09-29T14:00:00+00:00,4.68,0.0,1.5
2025-09-29T15:00:00+00:00,4.41,0.0,1.0
2025-09-29T16:00:00+00:00,4.48,0.0,1.0
2025-09-29T17:00:00+00:00,4.16,0.0,-0.2
2025-09-29T18:00:00+00:00,4.14,0.0,-0.3
2025-09-29T19:00:00+00:00,4.12,0.0,-0.5
2025-09-29T20:00:00+00:00,3.98,0.0,-1.3
2025-09-29T21:00:00+00:00,3.87,0.0,-1.3
2025-09-29T22:00:00+00:00,3.49,0.0,-1.9
2025-09-29T23:00:00+00:00,3.67,0.0,-1.9
2025-09-30T00:00:00+00:00,3.9,0.0,-2.0
2025-09-30T01:00:00+00:00,4.12,0.0,-1.9
2025-09-30T02:00:00+00:00,4.15,6.0,-1.0
2025-09-30T03:00:00+00:00,4.25,34.0,-0.8
2025-09-30T04:00:00+00:00,4.58,83.0,-0.5
2025-09-30T05:00:00+00:00,4.02,160.0,2.9
2025-09-30T06:00:00+00:00,3.94,228.0,3.6
2025-09-30T07:00:00+00:00,3.67,277.0,4.3
2025-09-30T08:00:00+00:00,3.58,238.0,5.9
2025-09-30T09:00:00+00:00,3.66,171.0,6.0
2025-09-30T10:00:00+00:00,3.71,126.0,5.6
2025-09-30T11:00:00+00:00,3.44,74.0,5.5
2025-09-30T12:00:00+00:00,3.35,45.0,5.5
2025-09-30T13:00:00+00:00,3.27,9.0,5.3
2025-09-30T14:00:00+00:00,3.37,0.0,2.5
2025-09-30T15:00:00+00:00,3.37,0.0,2.0
2025-09-30T16:00:00+00:00,3.31,0.0,1.9
2025-09-30T17:00:00+00:00,3.4,0.0,0.5
2025-09-30T18:00:00+00:00,3.6,0.0,0.4
2025-09-30T19:00:00+00:00,3.7,0.0,0.4
2025-09-30T20:00:00+00:00,3.71,0.0,-0.3
2025-09-30T21:00:00+00:00,3.2,0.0,-0.6
2025-09-30T22:00:00+00:00,2.44,0.0,-1.8
2025-09-30T23:00:00+00:00,1.92,0.0,-2.5
2025-10-01T00:00:00+00:00,1.66,0.0,-3.5
2025-10-01T01:00:00+00:00,1.93,0.0,-3.9
2025-10-01T02:00:00+00:00,2.46,12.0,-2.0
2025-10-01T03:00:00+00:00,2.85,99.0,-0.8
2025-10-01T04:00:00+00:00,3.27,202.0,0.0
2025-10-01T05:00:00+00:00,3.65,236.0,3.3
2025-10-01T06:00:00+00:00,4.08,313.0,3.6
2025-10-01T07:00:00+00:00,4.33,145.0,3.6
2025-10-01T08:00:00+00:00,4.54,171.0,4.9
2025-10-01T09:00:00+00:00,4.59,186.0,4.5
2025-10-01T10:00:00+00:00,5.1,162.0,4.8
2025-10-01T11:00:00+00:00,5.06,126.0,5.1
2025-10-01T12:00:00+00:00,4.98,74.0,5.5
2025-10-01T13:00:00+00:00,3.67,11.0,6.0
2025-10-01T14:00:00+00:00,3.29,0.0,5.7
2025-10-01T15:00:00+00:00,3.05,0.0,5.7
2025-10-01T16:00:00+00:00,3.17,0.0,5.5
2025-10-01T17:00:00+00:00,3.31,0.0,5.4
2025-10-01T18:00:00+00:00,3.56,0.0,5.5
2025-10-01T19:00:00+00:00,3.71,0.0,5.4
2025-10-01T20:00:00+00:00,3.67,0.0,5.3
2025-10-01T21:00:00+00:00,3.61,0.0,5.2
2025-10-01T22:00:00+00:00,3.62,0.0,4.9
2025-10-01T23:00:00+00:00,3.86,0.0,4.5
2025-10-02T00:00:00+00:00,4.2,0.0,4.5
2025-10-02T01:00:00+00:00,4.57,0.0,4.3
2025-10-02T02:00:00+00:00,5.05,7.0,4.5
2025-10-02T03:00:00+00:00,5.16,63.0,4.8
2025-10-02T04:00:00+00:00,7.14,114.0,4.9
2025-10-02T05:00:00+00:00,6.85,151.0,6.4
2025-10-02T06:00:00+00:00,6.97,145.0,6.8
2025-10-02T07:00:00+00:00,6.76,133.0,6.9
2025-10-02T08:00:00+00:00,5.53,162.0,7.4
2025-10-02T09:00:00+00:00,4.9,217.0,7.5
2025-10-02T10:00:00+00:00,5.34,258.0,8.3
2025-10-02T11:00:00+00:00,5.34,214.0,8.3
2025-10-02T12:00:00+00:00,4.15,90.0,8.0
2025-10-02T13:00:00+00:00,4.04,17.0,7.6
2025-10-02T14:00:00+00:00,3.96,0.0,5.6
2025-10-02T15:00:00+00:00,3.92,0.0,5.1
2025-10-02T16:00:00+00:00,3.96,0.0,4.9
2025-10-02T17:00:00+00:00,3.93,0.0,3.5
2025-10-02T18:00:00+00:00,4.02,0.0,3.2
2025-10-02T19:00:00+00:00,3.78,0.0,3.2
2025-10-02T20:00:00+00:00,3.44,0.0,1.9
2025-10-02T21:00:00+00:00,3.15,0.0,1.9
2025-10-02T22:00:00+00:00,2.68,0.0,0.7
2025-10-02T23:00:00+00:00,2.54,0.0,0.7
2025-10-03T00:00:00+00:00,2.52,0.0,0.6
2025-10-03T01:00:00+00:00,2.66,0.0,0.2
2025-10-03T02:00:00+00:00,2.96,6.0,0.7
2025-10-03T03:00:00+00:00,3.59,61.0,0.7
2025-10-03T04:00:00+00:00,3.5,142.0,0.7
2025-10-03T05:00:00+00:00,3.31,219.0,4.4
2025-10-03T06:00:00+00:00,2.8,333.0,4.8
2025-10-03T07:00:00+00:00,2.3,389.0,4.9
2025-10-03T08:00:00+00:00,1.83,409.0,6.3
2025-10-03T09:00:00+00:00,1.68,398.0,6.6
2025-10-03T10:00:00+00:00,1.5,331.0,7.0
2025-10-03T11:00:00+00:00,1.86,235.0,7.0
2025-10-03T12:00:00+00:00,1.47,114.0,6.8
2025-10-03T13:00:00+00:00,2.28,20.0,5.2
2025-10-03T14:00:00+00:00,2.3,0.0,1.0
2025-10-03T15:00:00+00:00,2.04,0.0,0.9
2025-10-03T16:00:00+00:00,2.14,0.0,1.1
2025-10-03T17:00:00+00:00,2.36,0.0,-0.2
2025-10-03T18:00:00+00:00,2.61,0.0,-0.2
2025-10-03T19:00:00+00:00,2.8,0.0,-0.1
2025-10-03T20:00:00+00:00,3.09,0.0,-0.8
2025-10-03T21:00:00+00:00,3.44,0.0,-0.6
2025-10-03T22:00:00+00:00,4.06,0.0,-0.5
2025-10-03T23:00:00+00:00,4.4,0.0,-0.5
2025-10-04T00:00:00+00:00,4.5,0.0,-0.4
2025-10-04T01:00:00+00:00,4.51,0.0,-0.6
2025-10-04T02:00:00+00:00,4.5,8.0,0.9
2025-10-04T03:00:00+00:00,4.35,77.0,1.2
2025-10-04T04:00:00+00:00,4.75,169.0,1.9
2025-10-04T05:00:00+00:00,5.2,284.0,6.2
2025-10-04T06:00:00+00:00,6.36,322.0,6.8
2025-10-04T07:00:00+00:00,6.25,287.0,7.2
2025-10-04T08:00:00+00:00,5.52,268.0,7.8
2025-10-04T09:00:00+00:00,5.26,232.0,7.7
2025-10-04T10:00:00+00:00,5.41,222.0,5.9
2025-10-04T11:00:00+00:00,5.1,146.0,5.5
2025-10-04T12:00:00+00:00,4.45,78.0,5.2
2025-10-04T13:00:00+00:00,3.71,15.0,4.8
2025-10-04T14:00:00+00:00,3.39,0.0,0.7
2025-10-04T15:00:00+00:00,2.78,0.0,0.1
2025-10-04T16:00:00+00:00,2.27,0.0,-0.6
2025-10-04T17:00:00+00:00,2.01,0.0,-3.8
2025-10-04T18:00:00+00:00,1.9,0.0,-4.5
2025-10-04T19:00:00+00:00,2.21,0.0,-4.6
2025-10-04T20:00:00+00:00,2.4,0.0,-6.6
2025-10-04T21:00:00+00:00,2.3,0.0,-6.7
2025-10-04T22:00:00+00:00,2.01,0.0,-6.8
2025-10-04T23:00:00+00:00,1.8,0.0,-6.5
2025-10-05T00:00:00+00:00,1.76,0.0,-6.6
2025-10-05T01:00:00+00:00,1.3,0.0,-5.8
2025-10-05T02:00:00+00:00,0.72,8.0,-3.9
2025-10-05T03:00:00+00:00,0.3,85.0,-3.9
2025-10-05T04:00:00+00:00,0.1,209.0,-2.5
2025-10-05T05:00:00+00:00,0.36,331.0,3.4
2025-10-05T06:00:00+00:00,0.93,415.0,4.2
2025-10-05T07:00:00+00:00,1.39,471.0,4.5
2025-10-05T08:00:00+00:00,1.68,477.0,6.3
2025-10-05T09:00:00+00:00,1.86,430.0,6.3
2025-10-05T10:00:00+00:00,1.9,342.0,6.5
2025-10-05T11:00:00+00:00,1.82,210.0,6.5
2025-10-05T12:00:00+00:00,1.13,94.0,6.1
2025-10-05T13:00:00+00:00,2.04,14.0,5.2
2025-10-05T14:00:00+00:00,1.77,0.0,2.4
2025-10-05T15:00:00+00:00,2.19,0.0,2.4
2025-10-05T16:00:00+00:00,2.5,0.0,2.0
2025-10-05T17:00:00+00:00,2.57,0.0,0.3
2025-10-05T18:00:00+00:00,2.58,0.0,0.0
2025-10-05T19:00:00+00:00,2.5,0.0,-0.4
2025-10-05T20:00:00+00:00,2.45,0.0,-1.5
2025-10-05T21:00:00+00:00,2.47,0.0,-1.8
2025-10-05T22:00:00+00:00,2.63,0.0,-2.6
2025-10-05T23:00:00+00:00,2.69,0.0,-2.2
2025-10-06T00:00:00+00:00,2.72,0.0,-2.0
2025-10-06T01:00:00+00:00,2.72,0.0,-1.9
2025-10-06T02:00:00+00:00,2.87,5.0,-0.8
2025-10-06T03:00:00+00:00,3.3,61.0,-0.3
2025-10-06T04:00:00+00:00,3.12,147.0,0.9
2025-10-06T05:00:00+00:00,3.22,257.0,7.0
2025-10-06T06:00:00+00:00,3.19,345.0,8.0
2025-10-06T07:00:00+00:00,3.2,371.0,8.5
2025-10-06T08:00:00+00:00,3.22,351.0,10.7
2025-10-06T09:00:00+00:00,3.24,287.0,10.6
2025-10-06T10:00:00+00:00,3.47,227.0,10.0
2025-10-06T11:00:00+00:00,2.95,144.0,9.9
2025-10-06T12:00:00+00:00,2.4,74.0,9.6
2025-10-06T13:00:00+00:00,2.37,12.0,9.2
2025-10-06T14:00:00+00:00,2.3,0.0,5.2
2025-10-06T15:00:00+00:00,2.09,0.0,4.4
2025-10-06T16:00:00+00:00,2.3,0.0,3.9
2025-10-06T17:00:00+00:00,2.62,0.0,1.1
2025-10-06T18:00:00+00:00,2.75,0.0,0.7
2025-10-06T19:00:00+00:00,2.68,0.0,0.6
2025-10-06T20:00:00+00:00,2.22,0.0,-1.5
2025-10-06T21:00:00+00:00,2.09,0.0,-1.6
2025-10-06T22:00:00+00:00,2.45,0.0,-2.5
2025-10-06T23:00:00+00:00,2.24,0.0,-2.4
2025-10-07T00:00:00+00:00,1.98,0.0,-1.8
2025-10-07T01:00:00+00:00,2.1,0.0,-1.6
2025-10-07T02:00:00+00:00,2.45,6.0,-0.8
2025-10-07T03:00:00+00:00,3.13,76.0,0.3
2025-10-07T04:00:00+00:00,3.1,196.0,1.3
2025-10-07T05:00:00+00:00,3.33,308.0,7.3
2025-10-07T06:00:00+00:00,3.58,406.0,8.2
2025-10-07T07:00:00+00:00,3.62,457.0,8.4
2025-10-07T08:00:00+00:00,3.31,465.0,10.0
2025-10-07T09:00:00+00:00,3.2,422.0,10.1
2025-10-07T10:00:00+00:00,3.14,336.0,9.2
2025-10-07T11:00:00+00:00,3.12,219.0,9.0
2025-10-07T12:00:00+00:00,2.37,97.0,8.9
2025-10-07T13:00:00+00:00,2.54,12.0,8.1
2025-10-07T14:00:00+00:00,2.93,0.0,3.6
2025-10-07T15:00:00+00:00,3.19,0.0,2.6
2025-10-07T16:00:00+00:00,3.09,0.0,2.2
2025-10-07T17:00:00+00:00,2.86,0.0,-0.0
2025-10-07T18:00:00+00:00,2.55,0.0,-0.5
2025-10-07T19:00:00+00:00,2.3,0.0,-0.9
2025-10-07T20:00:00+00:00,2.11,0.0,-2.5
2025-10-07T21:00:00+00:00,1.87,0.0,-2.6
2025-10-07T22:00:00+00:00,1.69,0.0,-4.0
2025-10-07T23:00:00+00:00,2.08,0.0,-4.5
2025-10-08T00:00:00+00:00,2.09,0.0,-4.6
2025-10-08T01:00:00+00:00,2.11,0.0,-4.3
2025-10-08T02:00:00+00:00,1.79,5.0,-2.8
2025-10-08T03:00:00+00:00,1.57,74.0,-1.8
2025-10-08T04:00:00+00:00,1.31,192.0,-1.2
2025-10-08T05:00:00+00:00,1.26,312.0,5.7
2025-10-08T06:00:00+00:00,1.22,405.0,6.3
2025-10-08T07:00:00+00:00,1.15,458.0,6.6
2025-10-08T08:00:00+00:00,1.22,463.0,10.1
2025-10-08T09:00:00+00:00,1.36,419.0,10.3
2025-10-08T10:00:00+00:00,1.84,332.0,10.6
2025-10-08T11:00:00+00:00,1.53,215.0,10.6
2025-10-08T12:00:00+00:00,1.73,93.0,10.8
2025-10-08T13:00:00+00:00,2.12,11.0,9.1
2025-10-08T14:00:00+00:00,2.56,0.0,2.6
2025-10-08T15:00:00+00:00,2.44,0.0,2.1
2025-10-08T16:00:00+00:00,2.21,0.0,2.6
2025-10-08T17:00:00+00:00,2.18,0.0,0.5
2025-10-08T18:00:00+00:00,2.16,0.0,0.1
2025-10-08T19:00:00+00:00,2.14,0.0,-0.0
2025-10-08T20:00:00+00:00,2.1,0.0,-0.9
2025-10-08T21:00:00+00:00,2.2,0.0,-1.4
2025-10-08T22:00:00+00:00,2.43,0.0,-2.7
2025-10-08T23:00:00+00:00,2.5,0.0,-3.0
2025-10-09T00:00:00+00:00,2.31,0.0,-3.0
2025-10-09T01:00:00+00:00,2.36,0.0,-2.9
2025-10-09T02:00:00+00:00,2.15,4.0,-1.5
2025-10-09T03:00:00+00:00,2.16,70.0,-0.4
2025-10-09T04:00:00+00:00,1.77,186.0,1.7
2025-10-09T05:00:00+00:00,1.95,303.0,9.5
2025-10-09T06:00:00+00:00,2.21,395.0,10.6
2025-10-09T07:00:00+00:00,2.33,446.0,11.0
2025-10-09T08:00:00+00:00,2.42,450.0,13.3
2025-10-09T09:00:00+00:00,2.53,407.0,13.4
2025-10-09T10:00:00+00:00,2.69,320.0,12.3
2025-10-09T11:00:00+00:00,2.15,205.0,12.1
2025-10-09T12:00:00+00:00,1.92,87.0,11.4
2025-10-09T13:00:00+00:00,2.3,9.0,10.0
2025-10-09T14:00:00+00:00,2.62,0.0,5.3
2025-10-09T15:00:00+00:00,2.62,0.0,4.5
2025-10-09T16:00:00+00:00,2.42,0.0,4.0
2025-10-09T17:00:00+00:00,2.32,0.0,1.9
2025-10-09T18:00:00+00:00,2.3,0.0,1.4
2025-10-09T19:00:00+00:00,2.06,0.0,1.3
2025-10-09T20:00:00+00:00,1.91,0.0,0.3
2025-10-09T21:00:00+00:00,1.8,0.0,0.0
2025-10-09T22:00:00+00:00,1.52,0.0,0.1
2025-10-09T23:00:00+00:00,1.64,0.0,-0.2
2025-10-10T00:00:00+00:00,1.87,0.0,-0.5
2025-10-10T01:00:00+00:00,1.7,0.0,-0.4
2025-10-10T02:00:00+00:00,1.63,4.0,0.9
2025-10-10T03:00:00+00:00,2.2,65.0,1.1
2025-10-10T04:00:00+00:00,1.75,178.0,2.1
2025-10-10T05:00:00+00:00,1.64,294.0,9.3
2025-10-10T06:00:00+00:00,1.79,385.0,9.7
2025-10-10T07:00:00+00:00,1.75,436.0,10.1
2025-10-10T08:00:00+00:00,1.65,439.0,13.1
2025-10-10T09:00:00+00:00,1.72,396.0,13.1
2025-10-10T10:00:00+00:00,2.66,311.0,12.8
2025-10-10T11:00:00+00:00,2.17,198.0,12.8
2025-10-10T12:00:00+00:00,1.94,81.0,11.6
2025-10-10T13:00:00+00:00,2.39,8.0,10.0
2025-10-10T14:00:00+00:00,2.16,0.0,5.6
2025-10-10T15:00:00+00:00,2.23,0.0,5.5
2025-10-10T16:00:00+00:00,2.34,0.0,5.6
2025-10-10T17:00:00+00:00,2.48,0.0,4.0
2025-10-10T18:00:00+00:00,2.51,0.0,4.3
2025-10-10T19:00:00+00:00,2.6,0.0,4.5
2025-10-10T20:00:00+00:00,2.62,0.0,3.8
2025-10-10T21:00:00+00:00,2.55,0.0,4.2
2025-10-10T22:00:00+00:00,2.36,0.0,3.9
2025-10-10T23:00:00+00:00,2.05,0.0,3.7
2025-10-11T00:00:00+00:00,1.63,0.0,3.2
2025-10-11T01:00:00+00:00,2.16,0.0,2.2
2025-10-11T02:00:00+00:00,1.87,3.0,2.8
2025-10-11T03:00:00+00:00,3.38,60.0,3.3
2025-10-11T04:00:00+00:00,4.39,154.0,3.1
2025-10-11T05:00:00+00:00,4.74,260.0,4.7
2025-10-11T06:00:00+00:00,4.94,339.0,4.6
2025-10-11T07:00:00+00:00,4.96,366.0,4.5
2025-10-11T08:00:00+00:00,5.1,353.0,3.7
2025-10-11T09:00:00+00:00,5.36,291.0,3.5
2025-10-11T10:00:00+00:00,5.88,244.0,1.8
2025-10-11T11:00:00+00:00,5.87,128.0,1.4
2025-10-11T12:00:00+00:00,6.06,49.0,1.4
2025-10-11T13:00:00+00:00,6.05,4.0,1.6
2025-10-11T14:00:00+00:00,6.45,0.0,0.4
2025-10-11T15:00:00+00:00,5.88,0.0,0.4
2025-10-11T16:00:00+00:00,5.7,0.0,0.6
2025-10-11T17:00:00+00:00,5.43,0.0,0.1
2025-10-11T18:00:00+00:00,5.26,0.0,-0.0
2025-10-11T19:00:00+00:00,4.53,0.0,0.2
2025-10-11T20:00:00+00:00,4.83,0.0,0.2
2025-10-11T21:00:00+00:00,4.76,0.0,0.3
2025-10-11T22:00:00+00:00,5.44,0.0,-0.1
2025-10-11T23:00:00+00:00,5.42,0.0,-0.0
2025-10-12T00:00:00+00:00,5.46,0.0,-0.1
2025-10-12T01:00:00+00:00,5.28,0.0,-0.3
2025-10-12T02:00:00+00:00,5.32,2.0,-0.7
2025-10-12T03:00:00+00:00,5.93,42.0,-1.0
2025-10-12T04:00:00+00:00,6.23,123.0,-1.1
2025-10-12T05:00:00+00:00,6.69,231.0,0.4
2025-10-12T06:00:00+00:00,6.59,325.0,0.6
2025-10-12T07:00:00+00:00,6.4,299.0,0.7
2025-10-12T08:00:00+00:00,6.23,267.0,1.7
2025-10-12T09:00:00+00:00,6.15,256.0,1.9
2025-10-12T10:00:00+00:00,6.33,209.0,0.8
2025-10-12T11:00:00+00:00,6.01,146.0,0.8
2025-10-12T12:00:00+00:00,5.91,56.0,0.2
2025-10-12T13:00:00+00:00,5.25,5.0,0.4
2025-10-12T14:00:00+00:00,5.28,0.0,-1.0
2025-10-12T15:00:00+00:00,5.23,0.0,-0.9
2025-10-12T16:00:00+00:00,5.29,0.0,-0.8
2025-10-12T17:00:00+00:00,5.15,0.0,-1.8
2025-10-12T18:00:00+00:00,5.09,0.0,-2.0
2025-10-12T19:00:00+00:00,4.6,0.0,-2.2
2025-10-12T20:00:00+00:00,4.46,0.0,-3.7
2025-10-12T21:00:00+00:00,4.22,0.0,-4.0
2025-10-12T22:00:00+00:00,4.59,0.0,-5.2
2025-10-12T23:00:00+00:00,4.54,0.0,-5.4
2025-10-13T00:00:00+00:00,4.44,0.0,-5.6
2025-10-13T01:00:00+00:00,4.44,0.0,-5.5
2025-10-13T02:00:00+00:00,4.48,2.0,-5.1
2025-10-13T03:00:00+00:00,4.56,58.0,-4.9
2025-10-13T04:00:00+00:00,4.77,166.0,-4.6
2025-10-13T05:00:00+00:00,4.89,283.0,0.3
2025-10-13T06:00:00+00:00,5.18,381.0,0.9
2025-10-13T07:00:00+00:00,5.13,427.0,1.3
2025-10-13T08:00:00+00:00,4.87,431.0,3.7
2025-10-13T09:00:00+00:00,4.61,387.0,3.7
2025-10-13T10:00:00+00:00,4.46,300.0,3.6
2025-10-13T11:00:00+00:00,3.93,185.0,3.7
2025-10-13T12:00:00+00:00,3.69,72.0,3.4
2025-10-13T13:00:00+00:00,4.03,5.0,2.8
2025-10-13T14:00:00+00:00,4.45,0.0,-0.6
2025-10-13T15:00:00+00:00,4.64,0.0,-1.2
2025-10-13T16:00:00+00:00,4.49,0.0,-1.4
2025-10-13T17:00:00+00:00,4.07,0.0,-3.1
2025-10-13T18:00:00+00:00,3.97,0.0,-3.1
2025-10-13T19:00:00+00:00,3.78,0.0,-3.1
2025-10-13T20:00:00+00:00,3.8,0.0,-4.3
2025-10-13T21:00:00+00:00,3.83,0.0,-4.6
2025-10-13T22:00:00+00:00,3.89,0.0,-5.6
2025-10-13T23:00:00+00:00,3.7,0.0,-5.9
2025-10-14T00:00:00+00:00,3.7,0.0,-6.2
2025-10-14T01:00:00+00:00,3.72,0.0,-6.3
2025-10-14T02:00:00+00:00,3.87,2.0,-6.7
2025-10-14T03:00:00+00:00,4.22,57.0,-6.3
2025-10-14T04:00:00+00:00,4.43,170.0,-5.8
2025-10-14T05:00:00+00:00,5.09,287.0,-2.0
2025-10-14T06:00:00+00:00,5.59,379.0,-1.3
2025-10-14T07:00:00+00:00,5.35,427.0,-1.0
2025-10-14T08:00:00+00:00,5.0,431.0,1.0
2025-10-14T09:00:00+00:00,4.88,384.0,1.1
2025-10-14T10:00:00+00:00,5.02,297.0,-0.0
2025-10-14T11:00:00+00:00,4.62,182.0,-0.0
2025-10-14T12:00:00+00:00,4.18,68.0,-0.3
2025-10-14T13:00:00+00:00,4.31,4.0,-0.7
2025-10-14T14:00:00+00:00,4.63,0.0,-4.3
2025-10-14T15:00:00+00:00,4.92,0.0,-4.4
2025-10-14T16:00:00+00:00,5.3,0.0,-4.5
2025-10-14T17:00:00+00:00,5.56,0.0,-5.9
2025-10-14T18:00:00+00:00,5.54,0.0,-6.1
2025-10-14T19:00:00+00:00,5.38,0.0,-6.1
2025-10-14T20:00:00+00:00,4.95,0.0,-7.0
2025-10-14T21:00:00+00:00,4.65,0.0,-7.3
2025-10-14T22:00:00+00:00,4.76,0.0,-8.1
2025-10-14T23:00:00+00:00,4.32,0.0,-8.2
2025-10-15T00:00:00+00:00,4.06,0.0,-8.4
2025-10-15T01:00:00+00:00,4.03,0.0,-8.3
2025-10-15T02:00:00+00:00,4.34,1.0,-7.2
2025-10-15T03:00:00+00:00,4.62,53.0,-6.8
2025-10-15T04:00:00+00:00,5.21,162.0,-6.0
2025-10-15T05:00:00+00:00,5.34,278.0,-0.5
2025-10-15T06:00:00+00:00,5.12,370.0,0.5
2025-10-15T07:00:00+00:00,4.9,419.0,1.1
2025-10-15T08:00:00+00:00,4.97,422.0,4.8
2025-10-15T09:00:00+00:00,5.03,377.0,4.9
2025-10-15T10:00:00+00:00,5.06,290.0,4.5
2025-10-15T11:00:00+00:00,4.25,176.0,4.4
2025-10-15T12:00:00+00:00,4.08,64.0,3.9
2025-10-15T13:00:00+00:00,4.18,3.0,3.2
2025-10-15T14:00:00+00:00,4.52,0.0,-0.7
2025-10-15T15:00:00+00:00,4.69,0.0,-1.4
2025-10-15T16:00:00+00:00,4.7,0.0,-1.7
2025-10-15T17:00:00+00:00,4.73,0.0,-3.2
2025-10-15T18:00:00+00:00,4.73,0.0,-3.5
2025-10-15T19:00:00+00:00,4.62,0.0,-3.3
2025-10-15T20:00:00+00:00,4.41,0.0,-4.5
2025-10-15T21:00:00+00:00,4.23,0.0,-4.7
2025-10-15T22:00:00+00:00,4.38,0.0,-5.9
2025-10-15T23:00:00+00:00,4.37,0.0,-6.2
2025-10-16T00:00:00+00:00,4.41,0.0,-6.4
2025-10-16T01:00:00+00:00,4.37,0.0,-6.5
2025-10-16T02:00:00+00:00,4.4,1.0,-5.6
2025-10-16T03:00:00+00:00,4.7,49.0,-5.1
2025-10-16T04:00:00+00:00,4.78,144.0,-4.2
2025-10-16T05:00:00+00:00,5.16,243.0,1.8
2025-10-16T06:00:00+00:00,5.27,334.0,3.7
2025-10-16T07:00:00+00:00,5.19,366.0,4.3
2025-10-16T08:00:00+00:00,5.11,357.0,7.7
2025-10-16T09:00:00+00:00,5.11,325.0,8.0
2025-10-16T10:00:00+00:00,4.87,243.0,7.3
2025-10-16T11:00:00+00:00,4.95,146.0,7.0
2025-10-16T12:00:00+00:00,5.3,57.0,6.7
2025-10-16T13:00:00+00:00,5.56,2.0,5.9
2025-10-16T14:00:00+00:00,5.89,0.0,2.0
2025-10-16T15:00:00+00:00,5.91,0.0,1.3
2025-10-16T16:00:00+00:00,5.72,0.0,1.0
2025-10-16T17:00:00+00:00,5.47,0.0,-1.2
2025-10-16T18:00:00+00:00,5.22,0.0,-1.3
2025-10-16T19:00:00+00:00,5.06,0.0,-1.4
2025-10-16T20:00:00+00:00,5.0,0.0,-3.0
2025-10-16T21:00:00+00:00,4.86,0.0,-3.1
2025-10-16T22:00:00+00:00,4.7,0.0,-4.4
2025-10-16T23:00:00+00:00,4.55,0.0,-4.4
2025-10-17T00:00:00+00:00,4.57,0.0,-4.4
2025-10-17T01:00:00+00:00,4.65,0.0,-4.6
2025-10-17T02:00:00+00:00,4.63,1.0,-3.7
2025-10-17T03:00:00+00:00,4.81,46.0,-3.2
2025-10-17T04:00:00+00:00,4.77,145.0,-2.6
2025-10-17T05:00:00+00:00,4.99,252.0,4.2
2025-10-17T06:00:00+00:00,4.86,325.0,4.8
2025-10-17T07:00:00+00:00,4.74,357.0,5.5
2025-10-17T08:00:00+00:00,4.63,355.0,9.2
2025-10-17T09:00:00+00:00,4.41,298.0,9.5
2025-10-17T10:00:00+00:00,4.54,243.0,9.0
2025-10-17T11:00:00+00:00,3.83,153.0,8.6
2025-10-17T12:00:00+00:00,3.59,54.0,8.2
2025-10-17T13:00:00+00:00,3.75,2.0,7.1
2025-10-17T14:00:00+00:00,3.97,0.0,3.7
2025-10-17T15:00:00+00:00,3.91,0.0,3.3
2025-10-17T16:00:00+00:00,3.7,0.0,3.1
2025-10-17T17:00:00+00:00,3.54,0.0,1.9
2025-10-17T18:00:00+00:00,3.36,0.0,1.6
2025-10-17T19:00:00+00:00,3.29,0.0,0.9
2025-10-17T20:00:00+00:00,3.18,0.0,0.3
2025-10-17T21:00:00+00:00,3.08,0.0,0.4
2025-10-17T22:00:00+00:00,3.66,0.0,0.6
2025-10-17T23:00:00+00:00,3.77,0.0,0.8
2025-10-18T00:00:00+00:00,3.76,0.0,0.5
2025-10-18T01:00:00+00:00,3.95,0.0,0.5
2025-10-18T02:00:00+00:00,3.89,0.0,0.2
2025-10-18T03:00:00+00:00,3.95,43.0,0.6
2025-10-18T04:00:00+00:00,4.01,138.0,1.1
2025-10-18T05:00:00+00:00,5.66,225.0,4.7
2025-10-18T06:00:00+00:00,5.73,243.0,4.8
2025-10-18T07:00:00+00:00,5.87,284.0,5.1
2025-10-18T08:00:00+00:00,5.64,254.0,6.2
2025-10-18T09:00:00+00:00,5.72,181.0,5.8
2025-10-18T10:00:00+00:00,5.81,133.0,4.7
2025-10-18T11:00:00+00:00,5.28,59.0,4.8
2025-10-18T12:00:00+00:00,4.35,20.0,5.2
2025-10-18T13:00:00+00:00,4.04,1.0,5.5
2025-10-18T14:00:00+00:00,3.77,0.0,3.5
2025-10-18T15:00:00+00:00,3.46,0.0,3.3
2025-10-18T16:00:00+00:00,3.02,0.0,3.0
2025-10-18T17:00:00+00:00,2.87,0.0,1.7
2025-10-18T18:00:00+00:00,3.04,0.0,1.6
2025-10-18T19:00:00+00:00,3.08,0.0,1.3
2025-10-18T20:00:00+00:00,2.94,0.0,0.1
2025-10-18T21:00:00+00:00,2.9,0.0,-0.1
2025-10-18T22:00:00+00:00,3.09,0.0,-1.0
2025-10-18T23:00:00+00:00,2.8,0.0,-0.9
2025-10-19T00:00:00+00:00,2.59,0.0,-0.8
2025-10-19T01:00:00+00:00,2.34,0.0,-0.6
2025-10-19T02:00:00+00:00,2.34,0.0,-0.7
2025-10-19T03:00:00+00:00,2.65,25.0,-0.2
2025-10-19T04:00:00+00:00,2.7,93.0,0.4
2025-10-19T05:00:00+00:00,2.87,196.0,6.7
2025-10-19T06:00:00+00:00,3.15,289.0,7.0
2025-10-19T07:00:00+00:00,3.59,342.0,7.3
2025-10-19T08:00:00+00:00,4.04,353.0,9.4
2025-10-19T09:00:00+00:00,4.11,343.0,9.2
2025-10-19T10:00:00+00:00,3.81,243.0,8.3
2025-10-19T11:00:00+00:00,2.39,147.0,7.8
2025-10-19T12:00:00+00:00,2.59,50.0,6.4
2025-10-19T13:00:00+00:00,2.6,1.0,5.6
2025-10-19T14:00:00+00:00,2.34,0.0,1.4
2025-10-19T15:00:00+00:00,2.33,0.0,1.2
2025-10-19T16:00:00+00:00,2.25,0.0,1.1
2025-10-19T17:00:00+00:00,2.26,0.0,-0.7
2025-10-19T18:00:00+00:00,2.21,0.0,-1.2
2025-10-19T19:00:00+00:00,2.17,0.0,-1.2
2025-10-19T20:00:00+00:00,2.13,0.0,-2.1
2025-10-19T21:00:00+00:00,2.07,0.0,-2.4
2025-10-19T22:00:00+00:00,2.14,0.0,-2.5
2025-10-19T23:00:00+00:00,2.05,0.0,-2.7
2025-10-20T00:00:00+00:00,2.09,0.0,-2.8
2025-10-20T01:00:00+00:00,2.02,0.0,-2.9
2025-10-20T02:00:00+00:00,1.97,0.0,-2.7
2025-10-20T03:00:00+00:00,1.97,39.0,-1.6
2025-10-20T04:00:00+00:00,2.26,137.0,1.0
2025-10-20T05:00:00+00:00,2.02,245.0,6.5
2025-10-20T06:00:00+00:00,1.97,331.0,7.3
2025-10-20T07:00:00+00:00,2.02,377.0,7.7
2025-10-20T08:00:00+00:00,2.09,379.0,10.1
2025-10-20T09:00:00+00:00,1.95,335.0,10.2
2025-10-20T10:00:00+00:00,1.81,252.0,9.1
2025-10-20T11:00:00+00:00,1.79,146.0,8.3
2025-10-20T12:00:00+00:00,1.79,45.0,8.7
2025-10-20T13:00:00+00:00,1.61,1.0,7.7
2025-10-20T14:00:00+00:00,1.32,0.0,2.2
2025-10-20T15:00:00+00:00,1.0,0.0,2.0
2025-10-20T16:00:00+00:00,0.36,0.0,2.0
2025-10-20T17:00:00+00:00,0.18,0.0,-1.0
2025-10-20T18:00:00+00:00,0.6,0.0,-0.8
2025-10-20T19:00:00+00:00,0.87,0.0,-0.0
2025-10-20T20:00:00+00:00,1.19,0.0,-1.2
2025-10-20T21:00:00+00:00,1.67,0.0,-1.1
2025-10-20T22:00:00+00:00,2.15,0.0,-3.2
2025-10-20T23:00:00+00:00,2.59,0.0,-4.6
2025-10-21T00:00:00+00:00,2.77,0.0,-4.9
2025-10-21T01:00:00+00:00,2.72,0.0,-4.7
2025-10-21T02:00:00+00:00,2.45,0.0,-3.6
2025-10-21T03:00:00+00:00,2.0,36.0,-2.6
2025-10-21T04:00:00+00:00,2.46,133.0,-0.3
2025-10-21T05:00:00+00:00,2.13,241.0,6.5
2025-10-21T06:00:00+00:00,2.32,327.0,7.4
2025-10-21T07:00:00+00:00,2.54,375.0,7.8
2025-10-21T08:00:00+00:00,2.78,378.0,10.3
2025-10-21T09:00:00+00:00,3.02,334.0,10.3
2025-10-21T10:00:00+00:00,3.4,251.0,9.1
2025-10-21T11:00:00+00:00,2.97,144.0,8.8
2025-10-21T12:00:00+00:00,3.36,43.0,8.1
2025-10-21T13:00:00+00:00,3.97,0.0,7.5
2025-10-21T14:00:00+00:00,4.3,0.0,2.7
2025-10-21T15:00:00+00:00,4.45,0.0,2.6
2025-10-21T16:00:00+00:00,4.5,0.0,2.3
2025-10-21T17:00:00+00:00,4.4,0.0,0.1
2025-10-21T18:00:00+00:00,4.25,0.0,-0.1
2025-10-21T19:00:00+00:00,4.14,0.0,-0.2
2025-10-21T20:00:00+00:00,4.07,0.0,-1.4
2025-10-21T21:00:00+00:00,4.1,0.0,-1.6
2025-10-21T22:00:00+00:00,4.14,0.0,-2.3
2025-10-21T23:00:00+00:00,4.07,0.0,-2.4
2025-10-22T00:00:00+00:00,4.16,0.0,-2.6
2025-10-22T01:00:00+00:00,4.31,0.0,-2.6
2025-10-22T02:00:00+00:00,4.45,0.0,-2.2
2025-10-22T03:00:00+00:00,4.69,36.0,-2.0
2025-10-22T04:00:00+00:00,5.06,134.0,-1.4
2025-10-22T05:00:00+00:00,4.85,244.0,5.9
2025-10-22T06:00:00+00:00,5.0,331.0,6.6
2025-10-22T07:00:00+00:00,4.96,380.0,7.2
2025-10-22T08:00:00+00:00,4.9,380.0,10.8
2025-10-22T09:00:00+00:00,4.8,335.0,11.2
2025-10-22T10:00:00+00:00,4.5,250.0,10.5
2025-10-22T11:00:00+00:00,3.92,142.0,10.2
2025-10-22T12:00:00+00:00,3.85,41.0,9.6
2025-10-22T13:00:00+00:00,4.14,0.0,8.9
2025-10-22T14:00:00+00:00,4.36,0.0,4.4
2025-10-22T15:00:00+00:00,4.4,0.0,4.1
2025-10-22T16:00:00+00:00,4.33,0.0,3.8
2025-10-22T17:00:00+00:00,4.12,0.0,1.3
2025-10-22T18:00:00+00:00,4.02,0.0,1.0
2025-10-22T19:00:00+00:00,3.97,0.0,0.9
2025-10-22T20:00:00+00:00,3.86,0.0,-0.9
2025-10-22T21:00:00+00:00,3.64,0.0,-1.0
2025-10-22T22:00:00+00:00,3.35,0.0,-2.0
2025-10-22T23:00:00+00:00,3.37,0.0,-2.0
2025-10-23T00:00:00+00:00,3.27,0.0,-2.1
2025-10-23T01:00:00+00:00,3.22,0.0,-2.0
2025-10-23T02:00:00+00:00,3.14,0.0,-1.1
2025-10-23T03:00:00+00:00,3.54,31.0,-0.8
2025-10-23T04:00:00+00:00,3.9,123.0,0.4
2025-10-23T05:00:00+00:00,3.81,229.0,7.1
2025-10-23T06:00:00+00:00,3.48,315.0,8.6
2025-10-23T07:00:00+00:00,2.97,356.0,9.6
2025-10-23T08:00:00+00:00,2.69,347.0,13.4
2025-10-23T09:00:00+00:00,2.98,299.0,13.6
2025-10-23T10:00:00+00:00,2.82,194.0,12.1
2025-10-23T11:00:00+00:00,2.5,92.0,11.7
2025-10-23T12:00:00+00:00,2.69,28.0,11.6
2025-10-23T13:00:00+00:00,2.99,0.0,11.2
2025-10-23T14:00:00+00:00,3.18,0.0,7.0
2025-10-23T15:00:00+00:00,3.25,0.0,5.7
2025-10-23T16:00:00+00:00,3.27,0.0,5.2
2025-10-23T17:00:00+00:00,3.18,0.0,3.3
2025-10-23T18:00:00+00:00,3.03,0.0,2.9
2025-10-23T19:00:00+00:00,2.82,0.0,2.5
2025-10-23T20:00:00+00:00,2.71,0.0,0.5
2025-10-23T21:00:00+00:00,2.61,0.0,0.3
2025-10-23T22:00:00+00:00,2.6,0.0,-0.8
2025-10-23T23:00:00+00:00,2.55,0.0,-1.1
2025-10-24T00:00:00+00:00,2.62,0.0,-1.1
2025-10-24T01:00:00+00:00,2.65,0.0,-1.2
2025-10-24T02:00:00+00:00,2.48,0.0,-0.4
2025-10-24T03:00:00+00:00,2.81,28.0,0.2
2025-10-24T04:00:00+00:00,3.14,109.0,2.0
2025-10-24T05:00:00+00:00,2.79,188.0,9.1
2025-10-24T06:00:00+00:00,2.58,263.0,9.8
2025-10-24T07:00:00+00:00,2.36,327.0,10.2
2025-10-24T08:00:00+00:00,2.21,330.0,14.4
2025-10-24T09:00:00+00:00,2.13,292.0,14.7
2025-10-24T10:00:00+00:00,1.88,214.0,12.7
2025-10-24T11:00:00+00:00,1.64,121.0,12.5
2025-10-24T12:00:00+00:00,2.59,33.0,11.0
2025-10-24T13:00:00+00:00,2.42,0.0,10.0
2025-10-24T14:00:00+00:00,2.33,0.0,5.6
2025-10-24T15:00:00+00:00,2.15,0.0,5.5
2025-10-24T16:00:00+00:00,2.14,0.0,5.0
2025-10-24T17:00:00+00:00,2.48,0.0,3.1
2025-10-24T18:00:00+00:00,2.45,0.0,2.4
2025-10-24T19:00:00+00:00,2.36,0.0,2.0
2025-10-24T20:00:00+00:00,1.8,0.0,0.8
2025-10-24T21:00:00+00:00,1.6,0.0,0.8
2025-10-24T22:00:00+00:00,1.39,0.0,1.5
2025-10-24T23:00:00+00:00,1.61,0.0,1.4
2025-10-25T00:00:00+00:00,1.7,0.0,1.3
2025-10-25T01:00:00+00:00,1.58,0.0,1.2
2025-10-25T02:00:00+00:00,1.18,0.0,1.9
2025-10-25T03:00:00+00:00,1.66,10.0,2.6
2025-10-25T04:00:00+00:00,2.02,34.0,2.6
2025-10-25T05:00:00+00:00,2.0,63.0,7.1
2025-10-25T06:00:00+00:00,1.66,88.0,7.5
2025-10-25T07:00:00+00:00,1.32,169.0,8.1
2025-10-25T08:00:00+00:00,0.92,155.0,9.9
2025-10-25T09:00:00+00:00,0.29,136.0,10.2
2025-10-25T10:00:00+00:00,0.67,76.0,8.8
2025-10-25T11:00:00+00:00,1.49,43.0,8.6
2025-10-25T12:00:00+00:00,1.72,10.0,8.4
2025-10-25T13:00:00+00:00,2.23,0.0,8.2
2025-10-25T14:00:00+00:00,2.86,0.0,6.7
2025-10-25T15:00:00+00:00,3.01,0.0,6.5
2025-10-25T16:00:00+00:00,3.09,0.0,6.2
2025-10-25T17:00:00+00:00,3.27,0.0,4.9
2025-10-25T18:00:00+00:00,3.47,0.0,4.4
2025-10-25T19:00:00+00:00,3.33,0.0,4.0
2025-10-25T20:00:00+00:00,3.05,0.0,2.8
2025-10-25T21:00:00+00:00,2.96,0.0,2.7
2025-10-25T22:00:00+00:00,3.38,0.0,1.4
2025-10-25T23:00:00+00:00,3.51,0.0,1.3
2025-10-26T00:00:00+00:00,3.47,0.0,1.3
2025-10-26T01:00:00+00:00,3.34,0.0,1.2
2025-10-26T02:00:00+00:00,3.34,0.0,0.1
2025-10-26T03:00:00+00:00,3.46,27.0,0.2
2025-10-26T04:00:00+00:00,3.81,117.0,0.8
2025-10-26T05:00:00+00:00,4.07,221.0,4.7
2025-10-26T06:00:00+00:00,3.6,298.0,5.1
2025-10-26T07:00:00+00:00,3.47,323.0,5.6
2025-10-26T08:00:00+00:00,3.33,351.0,7.4
2025-10-26T09:00:00+00:00,3.15,318.0,7.5
2025-10-26T10:00:00+00:00,3.04,234.0,6.2
2025-10-26T11:00:00+00:00,2.66,127.0,5.9
2025-10-26T12:00:00+00:00,2.35,31.0,4.8
2025-10-26T13:00:00+00:00,2.43,0.0,4.1
2025-10-26T14:00:00+00:00,2.31,0.0,-0.3
2025-10-26T15:00:00+00:00,2.11,0.0,-0.5
2025-10-26T16:00:00+00:00,2.0,0.0,-1.0
2025-10-26T17:00:00+00:00,1.89,0.0,-3.3
2025-10-26T18:00:00+00:00,1.86,0.0,-3.1
2025-10-26T19:00:00+00:00,1.83,0.0,-3.7
2025-10-26T20:00:00+00:00,2.08,0.0,-4.3
2025-10-26T21:00:00+00:00,2.19,0.0,-3.8
2025-10-26T22:00:00+00:00,1.88,0.0,-4.9
2025-10-26T23:00:00+00:00,1.52,0.0,-4.5
2025-10-27T00:00:00+00:00,1.32,0.0,-4.5
2025-10-27T01:00:00+00:00,1.27,0.0,-4.2
2025-10-27T02:00:00+00:00,1.32,0.0,-4.1
2025-10-27T03:00:00+00:00,0.96,23.0,-4.2
2025-10-27T04:00:00+00:00,0.82,107.0,-2.0
2025-10-27T05:00:00+00:00,0.58,202.0,4.3
2025-10-27T06:00:00+00:00,0.89,298.0,4.6
2025-10-27T07:00:00+00:00,1.1,356.0,4.9
2025-10-27T08:00:00+00:00,0.93,355.0,6.0
2025-10-27T09:00:00+00:00,0.82,311.0,7.4
2025-10-27T10:00:00+00:00,0.89,228.0,7.4
2025-10-27T11:00:00+00:00,1.52,123.0,6.0
2025-10-27T12:00:00+00:00,2.37,29.0,3.2
2025-10-27T13:00:00+00:00,2.49,0.0,-0.6
2025-10-27T14:00:00+00:00,2.59,0.0,-0.8
2025-10-27T15:00:00+00:00,2.63,0.0,-2.0
2025-10-27T16:00:00+00:00,2.38,0.0,-1.9
2025-10-27T17:00:00+00:00,1.64,0.0,-1.0
2025-10-27T18:00:00+00:00,0.94,0.0,-0.3
2025-10-27T19:00:00+00:00,1.05,0.0,-1.6
2025-10-27T20:00:00+00:00,1.61,0.0,-3.3
2025-10-27T21:00:00+00:00,1.83,0.0,-3.3
2025-10-27T22:00:00+00:00,2.16,0.0,-4.5
2025-10-27T23:00:00+00:00,1.9,0.0,-3.9
2025-10-28T00:00:00+00:00,1.51,0.0,-3.5
2025-10-28T01:00:00+00:00,1.15,0.0,-3.5
2025-10-28T02:00:00+00:00,0.83,0.0,-3.4
2025-10-28T03:00:00+00:00,0.57,23.0,-4.6
2025-10-28T04:00:00+00:00,1.17,113.0,-2.5
2025-10-28T05:00:00+00:00,0.72,218.0,5.9
2025-10-28T06:00:00+00:00,0.65,303.0,6.5
2025-10-28T07:00:00+00:00,0.92,350.0,6.9
2025-10-28T08:00:00+00:00,1.23,351.0,10.3
2025-10-28T09:00:00+00:00,1.41,308.0,10.4
2025-10-28T10:00:00+00:00,1.58,225.0,8.9
2025-10-28T11:00:00+00:00,1.98,120.0,7.6
2025-10-28T12:00:00+00:00,2.53,26.0,6.2
2025-10-28T13:00:00+00:00,2.84,0.0,4.8
2025-10-28T14:00:00+00:00,2.89,0.0,0.5
2025-10-28T15:00:00+00:00,2.8,0.0,0.6
2025-10-28T16:00:00+00:00,2.7,0.0,0.7
2025-10-28T17:00:00+00:00,2.33,0.0,-1.1
2025-10-28T18:00:00+00:00,2.18,0.0,-1.3
2025-10-28T19:00:00+00:00,2.47,0.0,-1.8
2025-10-28T20:00:00+00:00,2.32,0.0,-2.7
2025-10-28T21:00:00+00:00,1.93,0.0,-2.8
2025-10-28T22:00:00+00:00,1.9,0.0,-3.9
2025-10-28T23:00:00+00:00,2.16,0.0,-4.1
2025-10-29T00:00:00+00:00,2.07,0.0,-4.3
2025-10-29T01:00:00+00:00,2.26,0.0,-4.4
2025-10-29T02:00:00+00:00,2.5,0.0,-4.7
2025-10-29T03:00:00+00:00,1.55,22.0,-4.0
2025-10-29T04:00:00+00:00,2.17,112.0,-2.4
2025-10-29T05:00:00+00:00,1.93,218.0,6.2
2025-10-29T06:00:00+00:00,1.86,303.0,7.0
2025-10-29T07:00:00+00:00,1.58,349.0,7.7
2025-10-29T08:00:00+00:00,1.2,350.0,11.5
2025-10-29T09:00:00+00:00,1.45,304.0,11.6
2025-10-29T10:00:00+00:00,1.7,214.0,9.7
2025-10-29T11:00:00+00:00,1.75,112.0,8.8
2025-10-29T12:00:00+00:00,2.57,24.0,7.2
2025-10-29T13:00:00+00:00,2.34,0.0,6.8
2025-10-29T14:00:00+00:00,2.23,0.0,3.4
2025-10-29T15:00:00+00:00,2.22,0.0,3.2
2025-10-29T16:00:00+00:00,2.33,0.0,3.4
2025-10-29T17:00:00+00:00,2.43,0.0,2.5
2025-10-29T18:00:00+00:00,2.59,0.0,2.8
2025-10-29T19:00:00+00:00,2.56,0.0,2.5
2025-10-29T20:00:00+00:00,2.55,0.0,1.3
2025-10-29T21:00:00+00:00,2.58,0.0,0.9
2025-10-29T22:00:00+00:00,2.82,0.0,1.0
2025-10-29T23:00:00+00:00,2.67,0.0,0.7
2025-10-30T00:00:00+00:00,2.47,0.0,0.4
2025-10-30T01:00:00+00:00,2.33,0.0,-0.1
2025-10-30T02:00:00+00:00,2.3,0.0,-0.6
2025-10-30T03:00:00+00:00,2.52,18.0,-0.1
2025-10-30T04:00:00+00:00,2.98,90.0,0.6
2025-10-30T05:00:00+00:00,2.77,177.0,6.7
2025-10-30T06:00:00+00:00,2.84,258.0,8.3
2025-10-30T07:00:00+00:00,3.01,302.0,8.9
2025-10-30T08:00:00+00:00,3.2,314.0,12.5
2025-10-30T09:00:00+00:00,3.3,266.0,12.6
2025-10-30T10:00:00+00:00,3.06,172.0,10.8
2025-10-30T11:00:00+00:00,2.82,90.0,10.8
2025-10-30T12:00:00+00:00,3.08,21.0,10.0
2025-10-30T13:00:00+00:00,3.45,0.0,9.2
2025-10-30T14:00:00+00:00,3.67,0.0,5.3
2025-10-30T15:00:00+00:00,3.88,0.0,5.1
2025-10-30T16:00:00+00:00,3.92,0.0,5.2
2025-10-30T17:00:00+00:00,3.78,0.0,4.3
2025-10-30T18:00:00+00:00,3.76,0.0,4.2
2025-10-30T19:00:00+00:00,3.81,0.0,4.2
2025-10-30T20:00:00+00:00,3.91,0.0,3.8
2025-10-30T21:00:00+00:00,4.1,0.0,3.9
2025-10-30T22:00:00+00:00,4.55,0.0,3.9
2025-10-30T23:00:00+00:00,4.65,0.0,4.0
2025-10-31T00:00:00+00:00,4.7,0.0,4.0
2025-10-31T01:00:00+00:00,4.86,0.0,3.7
2025-10-31T02:00:00+00:00,4.91,0.0,3.8
2025-10-31T03:00:00+00:00,5.01,17.0,4.1
2025-10-31T04:00:00+00:00,5.31,91.0,4.7
2025-10-31T05:00:00+00:00,5.27,174.0,9.1
2025-10-31T06:00:00+00:00,5.75,258.0,10.2
2025-10-31T07:00:00+00:00,5.85,310.0,10.7
2025-10-31T08:00:00+00:00,5.73,315.0,13.8
2025-10-31T09:00:00+00:00,5.24,279.0,14.3
2025-10-31T10:00:00+00:00,5.02,200.0,13.0
2025-10-31T11:00:00+00:00,4.29,99.0,12.6
2025-10-31T12:00:00+00:00,3.81,19.0,11.8
2025-10-31T13:00:00+00:00,3.61,0.0,11.6
2025-10-31T14:00:00+00:00,3.56,0.0,9.8
2025-10-31T15:00:00+00:00,3.18,0.0,9.4
2025-10-31T16:00:00+00:00,2.84,0.0,9.0
2025-10-31T17:00:00+00:00,3.13,0.0,7.7
2025-10-31T18:00:00+00:00,4.2,0.0,8.2
2025-10-31T19:00:00+00:00,4.66,0.0,8.3
2025-10-31T20:00:00+00:00,4.58,0.0,7.2
2025-10-31T21:00:00+00:00,5.05,0.0,7.0
2025-10-31T22:00:00+00:00,4.47,0.0,6.0
2025-10-31T23:00:00+00:00,4.57,0.0,6.1
2025-11-01T00:00:00+00:00,4.63,0.0,6.3
2025-11-01T01:00:00+00:00,4.95,0.0,6.4
2025-11-01T02:00:00+00:00,5.2,0.0,5.3
2025-11-01T03:00:00+00:00,5.06,4.0,4.9
2025-11-01T04:00:00+00:00,4.78,24.0,4.8
2025-11-01T05:00:00+00:00,4.8,83.0,4.9
2025-11-01T06:00:00+00:00,5.22,167.0,4.9
2025-11-01T07:00:00+00:00,5.97,185.0,5.0
2025-11-01T08:00:00+00:00,6.79,188.0,5.1
2025-11-01T09:00:00+00:00,6.62,160.0,5.0
2025-11-01T10:00:00+00:00,6.75,124.0,4.0
2025-11-01T11:00:00+00:00,5.87,64.0,3.9
2025-11-01T12:00:00+00:00,4.95,12.0,3.8
2025-11-01T13:00:00+00:00,4.67,0.0,3.8
2025-11-01T14:00:00+00:00,4.31,0.0,3.0
2025-11-01T15:00:00+00:00,3.91,0.0,3.1
2025-11-01T16:00:00+00:00,3.9,0.0,2.9
2025-11-01T17:00:00+00:00,3.72,0.0,2.7
2025-11-01T18:00:00+00:00,3.68,0.0,2.8
2025-11-01T19:00:00+00:00,3.54,0.0,2.8
2025-11-01T20:00:00+00:00,3.44,0.0,2.5
2025-11-01T21:00:00+00:00,3.32,0.0,2.2
2025-11-01T22:00:00+00:00,3.11,0.0,1.6
2025-11-01T23:00:00+00:00,3.15,0.0,1.6
2025-11-02T00:00:00+00:00,2.7,0.0,1.7
2025-11-02T01:00:00+00:00,2.36,0.0,1.9
2025-11-02T02:00:00+00:00,2.08,0.0,2.0
2025-11-02T03:00:00+00:00,2.23,9.0,2.1
2025-11-02T04:00:00+00:00,2.6,51.0,2.1
2025-11-02T05:00:00+00:00,3.35,98.0,4.4
2025-11-02T06:00:00+00:00,4.07,124.0,4.5
2025-11-02T07:00:00+00:00,4.48,125.0,4.5
2025-11-02T08:00:00+00:00,4.33,91.0,5.6
2025-11-02T09:00:00+00:00,3.46,78.0,5.7
2025-11-02T10:00:00+00:00,3.44,65.0,4.4
2025-11-02T11:00:00+00:00,3.86,39.0,4.6
2025-11-02T12:00:00+00:00,4.3,7.0,5.0
2025-11-02T13:00:00+00:00,4.55,0.0,5.2
2025-11-02T14:00:00+00:00,4.61,0.0,4.8
2025-11-02T15:00:00+00:00,4.45,0.0,4.7
2025-11-02T16:00:00+00:00,4.07,0.0,4.5
2025-11-02T17:00:00+00:00,3.62,0.0,4.4
2025-11-02T18:00:00+00:00,3.21,0.0,4.2
2025-11-02T19:00:00+00:00,2.83,0.0,3.9
2025-11-02T20:00:00+00:00,2.33,0.0,3.7
2025-11-02T21:00:00+00:00,1.91,0.0,4.0
2025-11-02T22:00:00+00:00,1.84,0.0,3.7
2025-11-02T23:00:00+00:00,1.27,0.0,3.5
2025-11-03T00:00:00+00:00,1.32,0.0,3.4
2025-11-03T01:00:00+00:00,1.28,0.0,3.2
2025-11-03T02:00:00+00:00,1.32,0.0,3.1
2025-11-03T03:00:00+00:00,1.25,9.0,3.4
2025-11-03T04:00:00+00:00,1.11,44.0,3.9
2025-11-03T05:00:00+00:00,0.96,95.0,5.1
2025-11-03T06:00:00+00:00,0.83,118.0,5.6
2025-11-03T07:00:00+00:00,0.75,136.0,6.1
2025-11-03T08:00:00+00:00,1.15,110.0,6.3
2025-11-03T09:00:00+00:00,1.25,86.0,6.5
2025-11-03T10:00:00+00:00,0.63,55.0,3.9
2025-11-03T11:00:00+00:00,0.58,29.0,4.0
2025-11-03T12:00:00+00:00,0.91,4.0,4.2
2025-11-03T13:00:00+00:00,3.02,0.0,3.9
2025-11-03T14:00:00+00:00,5.8,0.0,0.7
2025-11-03T15:00:00+00:00,6.74,0.0,-1.3
2025-11-03T16:00:00+00:00,6.41,0.0,-2.6
2025-11-03T17:00:00+00:00,6.35,0.0,-5.1
2025-11-03T18:00:00+00:00,6.12,0.0,-5.2
2025-11-03T19:00:00+00:00,5.9,0.0,-5.3
2025-11-03T20:00:00+00:00,5.89,0.0,-7.5
2025-11-03T21:00:00+00:00,5.95,0.0,-7.7
2025-11-03T22:00:00+00:00,6.18,0.0,-9.4
2025-11-03T23:00:00+00:00,6.12,0.0,-9.5
2025-11-04T00:00:00+00:00,5.93,0.0,-9.6
2025-11-04T01:00:00+00:00,5.74,0.0,-9.8
2025-11-04T02:00:00+00:00,5.54,0.0,-11.7
2025-11-04T03:00:00+00:00,5.64,10.0,-12.0
2025-11-04T04:00:00+00:00,5.84,71.0,-12.1
2025-11-04T05:00:00+00:00,5.69,151.0,-11.7
2025-11-04T06:00:00+00:00,5.5,222.0,-11.8
2025-11-04T07:00:00+00:00,5.37,224.0,-11.1
2025-11-04T08:00:00+00:00,5.25,246.0,-10.2
2025-11-04T09:00:00+00:00,5.21,206.0,-10.2
2025-11-04T10:00:00+00:00,5.47,149.0,-10.4
2025-11-04T11:00:00+00:00,5.31,72.0,-10.5
2025-11-04T12:00:00+00:00,5.1,11.0,-10.7
2025-11-04T13:00:00+00:00,5.09,0.0,-10.5
2025-11-04T14:00:00+00:00,4.42,0.0,-10.8
2025-11-04T15:00:00+00:00,3.28,0.0,-10.7
2025-11-04T16:00:00+00:00,2.85,0.0,-10.5
2025-11-04T17:00:00+00:00,2.7,0.0,-10.0
2025-11-04T18:00:00+00:00,2.65,0.0,-10.1
2025-11-04T19:00:00+00:00,2.86,0.0,-10.2
2025-11-04T20:00:00+00:00,3.15,0.0,-10.8
2025-11-04T21:00:00+00:00,3.43,0.0,-10.8
2025-11-04T22:00:00+00:00,3.58,0.0,-11.2
2025-11-04T23:00:00+00:00,3.45,0.0,-11.5
2025-11-05T00:00:00+00:00,3.64,0.0,-11.9
2025-11-05T01:00:00+00:00,3.72,0.0,-11.7
2025-11-05T02:00:00+00:00,3.56,0.0,-11.4
2025-11-05T03:00:00+00:00,3.02,11.0,-10.8
2025-11-05T04:00:00+00:00,3.46,80.0,-10.4
2025-11-05T05:00:00+00:00,3.89,177.0,-9.0
2025-11-05T06:00:00+00:00,3.49,251.0,-9.1
2025-11-05T07:00:00+00:00,3.31,307.0,-9.1
2025-11-05T08:00:00+00:00,3.3,308.0,-8.3
2025-11-05T09:00:00+00:00,3.73,286.0,-8.4
2025-11-05T10:00:00+00:00,3.7,210.0,-9.0
2025-11-05T11:00:00+00:00,3.94,102.0,-9.3
2025-11-05T12:00:00+00:00,3.34,14.0,-9.6
2025-11-05T13:00:00+00:00,3.63,0.0,-9.6
2025-11-05T14:00:00+00:00,3.86,0.0,-9.6
2025-11-05T15:00:00+00:00,4.24,0.0,-9.1
2025-11-05T16:00:00+00:00,4.47,0.0,-8.5
2025-11-05T17:00:00+00:00,4.89,0.0,-7.2
2025-11-05T18:00:00+00:00,5.13,0.0,-6.9
2025-11-05T19:00:00+00:00,5.23,0.0,-6.8
2025-11-05T20:00:00+00:00,5.38,0.0,-6.3
2025-11-05T21:00:00+00:00,5.58,0.0,-6.4
2025-11-05T22:00:00+00:00,5.54,0.0,-5.5
2025-11-05T23:00:00+00:00,5.66,0.0,-5.7
2025-11-06T00:00:00+00:00,5.55,0.0,-6.0
2025-11-06T01:00:00+00:00,5.59,0.0,-6.0
2025-11-06T02:00:00+00:00,5.59,0.0,-5.4
2025-11-06T03:00:00+00:00,5.28,5.0,-5.3
2025-11-06T04:00:00+00:00,5.62,35.0,-5.2
2025-11-06T05:00:00+00:00,5.83,70.0,-4.4
2025-11-06T06:00:00+00:00,5.66,82.0,-4.5
2025-11-06T07:00:00+00:00,5.86,102.0,-4.3
2025-11-06T08:00:00+00:00,5.52,127.0,-3.5
2025-11-06T09:00:00+00:00,5.32,90.0,-3.3
2025-11-06T10:00:00+00:00,5.38,67.0,-2.7
2025-11-06T11:00:00+00:00,5.45,36.0,-2.7
2025-11-06T12:00:00+00:00,5.51,5.0,-2.9
2025-11-06T13:00:00+00:00,5.53,0.0,-2.9
2025-11-06T14:00:00+00:00,5.59,0.0,-2.4
2025-11-06T15:00:00+00:00,5.66,0.0,-2.3
2025-11-06T16:00:00+00:00,5.77,0.0,-2.0
2025-11-06T17:00:00+00:00,5.78,0.0,-1.7
2025-11-06T18:00:00+00:00,5.77,0.0,-1.7
2025-11-06T19:00:00+00:00,5.72,0.0,-1.7
2025-11-06T20:00:00+00:00,5.68,0.0,-2.1
2025-11-06T21:00:00+00:00,5.68,0.0,-2.1
2025-11-06T22:00:00+00:00,5.76,0.0,-2.2
2025-11-06T23:00:00+00:00,5.8,0.0,-2.3
2025-11-07T00:00:00+00:00,5.8,0.0,-2.4
2025-11-07T01:00:00+00:00,5.86,0.0,-2.5
2025-11-07T02:00:00+00:00,5.87,0.0,-2.5
2025-11-07T03:00:00+00:00,5.81,4.0,-2.6
2025-11-07T04:00:00+00:00,5.76,41.0,-2.6
2025-11-07T05:00:00+00:00,5.56,92.0,-1.7
2025-11-07T06:00:00+00:00,5.51,151.0,-1.7
2025-11-07T07:00:00+00:00,5.89,164.0,-1.7
2025-11-07T08:00:00+00:00,5.58,138.0,-1.0
2025-11-07T09:00:00+00:00,5.12,90.0,-1.2
2025-11-07T10:00:00+00:00,5.64,35.0,-1.4
2025-11-07T11:00:00+00:00,5.62,17.0,-1.1
2025-11-07T12:00:00+00:00,5.44,3.0,-0.8
2025-11-07T13:00:00+00:00,5.45,0.0,-0.3
2025-11-07T14:00:00+00:00,5.62,0.0,0.2
2025-11-07T15:00:00+00:00,5.75,0.0,0.3
2025-11-07T16:00:00+00:00,5.88,0.0,0.3
2025-11-07T17:00:00+00:00,6.08,0.0,0.2
2025-11-07T18:00:00+00:00,6.31,0.0,0.1
2025-11-07T19:00:00+00:00,6.48,0.0,-0.2
2025-11-07T20:00:00+00:00,6.65,0.0,-0.5
2025-11-07T21:00:00+00:00,6.76,0.0,-0.5
2025-11-07T22:00:00+00:00,7.24,0.0,-0.7
2025-11-07T23:00:00+00:00,7.29,0.0,-0.8
2025-11-08T00:00:00+00:00,7.32,0.0,-0.8
2025-11-08T01:00:00+00:00,7.25,0.0,-0.8
2025-11-08T02:00:00+00:00,7.15,0.0,-1.1
2025-11-08T03:00:00+00:00,7.07,2.0,-1.5
2025-11-08T04:00:00+00:00,7.11,22.0,-1.6
2025-11-08T05:00:00+00:00,7.22,57.0,-1.2
2025-11-08T06:00:00+00:00,6.95,67.0,-1.2
2025-11-08T07:00:00+00:00,6.99,66.0,-1.2
2025-11-08T08:00:00+00:00,6.95,64.0,-0.8
2025-11-08T09:00:00+00:00,6.79,53.0,-0.5
2025-11-08T10:00:00+00:00,6.52,31.0,-0.4
2025-11-08T11:00:00+00:00,6.22,23.0,-0.2
2025-11-08T12:00:00+00:00,5.93,3.0,-0.1
2025-11-08T13:00:00+00:00,5.71,0.0,0.2
2025-11-08T14:00:00+00:00,5.52,0.0,0.4
2025-11-08T15:00:00+00:00,5.38,0.0,0.4
2025-11-08T16:00:00+00:00,5.15,0.0,0.4
2025-11-08T17:00:00+00:00,5.03,0.0,0.5
2025-11-08T18:00:00+00:00,4.95,0.0,0.6
2025-11-08T19:00:00+00:00,5.05,0.0,0.7
2025-11-08T20:00:00+00:00,4.87,0.0,0.7
2025-11-08T21:00:00+00:00,4.81,0.0,0.7
2025-11-08T22:00:00+00:00,4.6,0.0,0.7
2025-11-08T23:00:00+00:00,4.58,0.0,0.7
2025-11-09T00:00:00+00:00,4.72,0.0,0.7
2025-11-09T01:00:00+00:00,5.01,0.0,0.9
2025-11-09T02:00:00+00:00,5.28,0.0,1.0
2025-11-09T03:00:00+00:00,5.68,2.0,0.9
2025-11-09T04:00:00+00:00,5.95,16.0,1.0
2025-11-09T05:00:00+00:00,6.14,30.0,1.1
2025-11-09T06:00:00+00:00,6.28,45.0,1.0
2025-11-09T07:00:00+00:00,6.34,49.0,1.2
2025-11-09T08:00:00+00:00,6.44,49.0,1.4
2025-11-09T09:00:00+00:00,6.53,59.0,1.3
2025-11-09T10:00:00+00:00,6.6,63.0,1.2
2025-11-09T11:00:00+00:00,6.83,29.0,0.9
2025-11-09T12:00:00+00:00,6.99,3.0,1.2
2025-11-09T13:00:00+00:00,7.04,0.0,1.3
2025-11-09T14:00:00+00:00,7.18,0.0,1.4
2025-11-09T15:00:00+00:00,7.47,0.0,2.1
2025-11-09T16:00:00+00:00,7.23,0.0,2.6
2025-11-09T17:00:00+00:00,7.02,0.0,2.2
2025-11-09T18:00:00+00:00,6.77,0.0,2.1
2025-11-09T19:00:00+00:00,6.07,0.0,1.7
2025-11-09T20:00:00+00:00,6.9,0.0,0.4
2025-11-09T21:00:00+00:00,6.81,0.0,0.2
2025-11-09T22:00:00+00:00,6.45,0.0,-1.5
2025-11-09T23:00:00+00:00,6.27,0.0,-1.5
2025-11-10T00:00:00+00:00,5.65,0.0,-1.6
2025-11-10T01:00:00+00:00,5.02,0.0,-1.7
2025-11-10T02:00:00+00:00,4.68,0.0,-2.7
2025-11-10T03:00:00+00:00,4.46,4.0,-2.7
2025-11-10T04:00:00+00:00,4.29,46.0,-2.6
2025-11-10T05:00:00+00:00,4.53,97.0,-2.7
2025-11-10T06:00:00+00:00,4.37,131.0,-2.7
2025-11-10T07:00:00+00:00,4.32,131.0,-2.6
2025-11-10T08:00:00+00:00,4.4,135.0,-2.8
2025-11-10T09:00:00+00:00,4.32,119.0,-2.9
2025-11-10T10:00:00+00:00,3.93,84.0,-3.2
2025-11-10T11:00:00+00:00,3.31,40.0,-3.2
2025-11-10T12:00:00+00:00,2.66,6.0,-3.4
2025-11-10T13:00:00+00:00,2.79,0.0,-3.2
2025-11-10T14:00:00+00:00,3.23,0.0,-2.7
2025-11-10T15:00:00+00:00,3.54,0.0,-2.7
2025-11-10T16:00:00+00:00,3.85,0.0,-2.5
2025-11-10T17:00:00+00:00,4.07,0.0,-2.0
2025-11-10T18:00:00+00:00,4.53,0.0,-2.0
2025-11-10T19:00:00+00:00,4.99,0.0,-1.8
2025-11-10T20:00:00+00:00,5.37,0.0,-1.2
2025-11-10T21:00:00+00:00,5.66,0.0,-1.3
2025-11-10T22:00:00+00:00,6.16,0.0,-0.9
2025-11-10T23:00:00+00:00,6.33,0.0,-0.9
2025-11-11T00:00:00+00:00,6.47,0.0,-0.9
2025-11-11T01:00:00+00:00,6.47,0.0,-0.9
2025-11-11T02:00:00+00:00,6.43,0.0,-0.7
2025-11-11T03:00:00+00:00,6.51,3.0,-0.6
2025-11-11T04:00:00+00:00,6.44,33.0,-0.5
2025-11-11T05:00:00+00:00,6.81,87.0,0.3
2025-11-11T06:00:00+00:00,7.32,106.0,0.3
2025-11-11T07:00:00+00:00,6.69,104.0,0.3
2025-11-11T08:00:00+00:00,6.25,95.0,0.9
2025-11-11T09:00:00+00:00,6.98,87.0,1.1
2025-11-11T10:00:00+00:00,6.83,54.0,1.9
2025-11-11T11:00:00+00:00,6.79,22.0,1.9
2025-11-11T12:00:00+00:00,6.73,3.0,2.1
2025-11-11T13:00:00+00:00,6.86,0.0,2.1
2025-11-11T14:00:00+00:00,6.81,0.0,2.0
2025-11-11T15:00:00+00:00,6.78,0.0,1.9
2025-11-11T16:00:00+00:00,6.94,0.0,2.1
2025-11-11T17:00:00+00:00,6.91,0.0,2.3
2025-11-11T18:00:00+00:00,6.92,0.0,1.5
2025-11-11T19:00:00+00:00,6.85,0.0,1.5
2025-11-11T20:00:00+00:00,6.8,0.0,1.6
2025-11-11T21:00:00+00:00,6.52,0.0,1.5
2025-11-11T22:00:00+00:00,6.35,0.0,1.8
2025-11-11T23:00:00+00:00,5.91,0.0,2.0
2025-11-12T00:00:00+00:00,5.37,0.0,2.3
2025-11-12T01:00:00+00:00,4.87,0.0,2.6
2025-11-12T02:00:00+00:00,4.63,0.0,3.1
2025-11-12T03:00:00+00:00,4.28,1.0,3.2
2025-11-12T04:00:00+00:00,4.05,11.0,3.2
2025-11-12T05:00:00+00:00,3.92,21.0,3.8
2025-11-12T06:00:00+00:00,3.57,32.0,3.9
2025-11-12T07:00:00+00:00,3.36,42.0,4.0
2025-11-12T08:00:00+00:00,3.1,35.0,4.2
2025-11-12T09:00:00+00:00,2.91,22.0,4.2
2025-11-12T10:00:00+00:00,3.02,19.0,3.3
2025-11-12T11:00:00+00:00,3.24,9.0,3.1
2025-11-12T12:00:00+00:00,3.38,1.0,3.0
2025-11-12T13:00:00+00:00,3.76,0.0,2.6
2025-11-12T14:00:00+00:00,4.16,0.0,0.6
2025-11-12T15:00:00+00:00,4.1,0.0,-0.3
2025-11-12T16:00:00+00:00,3.83,0.0,-1.0
2025-11-12T17:00:00+00:00,3.54,0.0,-2.4
2025-11-12T18:00:00+00:00,3.43,0.0,-2.3
2025-11-12T19:00:00+00:00,2.9,0.0,-2.0
2025-11-12T20:00:00+00:00,2.56,0.0,-2.8
2025-11-12T21:00:00+00:00,2.68,0.0,-2.4
2025-11-12T22:00:00+00:00,2.7,0.0,-2.8
2025-11-12T23:00:00+00:00,2.96,0.0,-2.8
2025-11-13T00:00:00+00:00,3.37,0.0,-2.7
2025-11-13T01:00:00+00:00,3.64,0.0,-2.6
2025-11-13T02:00:00+00:00,3.68,0.0,-3.4
2025-11-13T03:00:00+00:00,3.84,2.0,-3.5
2025-11-13T04:00:00+00:00,4.04,32.0,-3.7
2025-11-13T05:00:00+00:00,3.91,76.0,-2.6
2025-11-13T06:00:00+00:00,3.74,105.0,-2.4
2025-11-13T07:00:00+00:00,3.61,135.0,-2.2
2025-11-13T08:00:00+00:00,3.32,174.0,-1.2
2025-11-13T09:00:00+00:00,2.95,147.0,-1.0
2025-11-13T10:00:00+00:00,3.26,104.0,-2.4
2025-11-13T11:00:00+00:00,2.33,47.0,-2.4
2025-11-13T12:00:00+00:00,1.52,4.0,-1.9
2025-11-13T13:00:00+00:00,1.86,0.0,-2.3
2025-11-13T14:00:00+00:00,1.57,0.0,-3.1
2025-11-13T15:00:00+00:00,2.43,0.0,-4.8
2025-11-13T16:00:00+00:00,1.97,0.0,-4.1
2025-11-13T17:00:00+00:00,1.75,0.0,-5.1
2025-11-13T18:00:00+00:00,1.9,0.0,-5.1
2025-11-13T19:00:00+00:00,2.3,0.0,-5.2
2025-11-13T20:00:00+00:00,2.44,0.0,-5.9
2025-11-13T21:00:00+00:00,2.37,0.0,-6.0
2025-11-13T22:00:00+00:00,2.46,0.0,-5.8
2025-11-13T23:00:00+00:00,2.35,0.0,-6.0
2025-11-14T00:00:00+00:00,2.43,0.0,-5.9
2025-11-14T01:00:00+00:00,2.49,0.0,-5.8
2025-11-14T02:00:00+00:00,2.28,0.0,-5.3
2025-11-14T03:00:00+00:00,2.02,3.0,-5.8
2025-11-14T04:00:00+00:00,2.41,68.0,-5.0
2025-11-14T05:00:00+00:00,2.88,168.0,-2.0
2025-11-14T06:00:00+00:00,2.86,255.0,-1.9
2025-11-14T07:00:00+00:00,2.84,296.0,-1.7
2025-11-14T08:00:00+00:00,2.77,302.0,0.7
2025-11-14T09:00:00+00:00,2.64,258.0,0.8
2025-11-14T10:00:00+00:00,2.09,175.0,-0.5
2025-11-14T11:00:00+00:00,1.93,75.0,-0.6
2025-11-14T12:00:00+00:00,2.25,5.0,-0.9
2025-11-14T13:00:00+00:00,2.51,0.0,-0.9
2025-11-14T14:00:00+00:00,2.68,0.0,-1.2
2025-11-14T15:00:00+00:00,2.56,0.0,-1.1
2025-11-14T16:00:00+00:00,2.75,0.0,-1.0
2025-11-14T17:00:00+00:00,2.85,0.0,-0.8
2025-11-14T18:00:00+00:00,3.0,0.0,-0.7
2025-11-14T19:00:00+00:00,3.03,0.0,-0.8
2025-11-14T20:00:00+00:00,3.08,0.0,-0.7
2025-11-14T21:00:00+00:00,2.97,0.0,-0.9
2025-11-14T22:00:00+00:00,3.1,0.0,-0.3
2025-11-14T23:00:00+00:00,3.24,0.0,-0.0
2025-11-15T00:00:00+00:00,3.41,0.0,0.0
2025-11-15T01:00:00+00:00,3.4,0.0,0.1
2025-11-15T02:00:00+00:00,3.41,0.0,0.3
2025-11-15T03:00:00+00:00,3.37,3.0,0.3
2025-11-15T04:00:00+00:00,3.64,63.0,0.3
2025-11-15T05:00:00+00:00,3.47,160.0,2.2
2025-11-15T06:00:00+00:00,3.48,244.0,2.3
2025-11-15T07:00:00+00:00,3.4,275.0,2.5
2025-11-15T08:00:00+00:00,3.4,285.0,4.1
2025-11-15T09:00:00+00:00,3.31,241.0,4.2
2025-11-15T10:00:00+00:00,3.2,167.0,2.8
2025-11-15T11:00:00+00:00,3.1,71.0,2.7
2025-11-15T12:00:00+00:00,3.41,4.0,2.2
2025-11-15T13:00:00+00:00,3.4,0.0,2.0
2025-11-15T14:00:00+00:00,3.2,0.0,0.8
2025-11-15T15:00:00+00:00,3.25,0.0,0.9
2025-11-15T16:00:00+00:00,3.41,0.0,0.7
2025-11-15T17:00:00+00:00,3.46,0.0,-0.0
2025-11-15T18:00:00+00:00,3.46,0.0,-0.2
2025-11-15T19:00:00+00:00,3.51,0.0,-0.2
2025-11-15T20:00:00+00:00,3.67,0.0,-0.8
2025-11-15T21:00:00+00:00,3.91,0.0,-0.8
2025-11-15T22:00:00+00:00,4.3,0.0,-1.3
2025-11-15T23:00:00+00:00,4.36,0.0,-1.3
2025-11-16T00:00:00+00:00,4.35,0.0,-1.4
2025-11-16T01:00:00+00:00,4.25,0.0,-1.5
2025-11-16T02:00:00+00:00,4.05,0.0,-1.6
2025-11-16T03:00:00+00:00,4.07,2.0,-1.4
2025-11-16T04:00:00+00:00,4.34,62.0,-1.2
2025-11-16T05:00:00+00:00,4.55,163.0,2.7
2025-11-16T06:00:00+00:00,4.57,247.0,3.2
2025-11-16T07:00:00+00:00,4.55,294.0,3.5
2025-11-16T08:00:00+00:00,4.4,295.0,5.8
2025-11-16T09:00:00+00:00,4.25,252.0,5.9
2025-11-16T10:00:00+00:00,4.3,170.0,3.8
2025-11-16T11:00:00+00:00,4.16,70.0,3.7
2025-11-16T12:00:00+00:00,4.21,4.0,3.3
2025-11-16T13:00:00+00:00,4.35,0.0,3.1
2025-11-16T14:00:00+00:00,4.41,0.0,2.0
2025-11-16T15:00:00+00:00,4.49,0.0,2.0
2025-11-16T16:00:00+00:00,4.7,0.0,1.9
2025-11-16T17:00:00+00:00,4.73,0.0,1.1
2025-11-16T18:00:00+00:00,4.61,0.0,1.0
2025-11-16T19:00:00+00:00,4.46,0.0,0.8
2025-11-16T20:00:00+00:00,4.49,0.0,0.3
2025-11-16T21:00:00+00:00,4.46,0.0,0.1
2025-11-16T22:00:00+00:00,4.56,0.0,-0.3
2025-11-16T23:00:00+00:00,4.54,0.0,-0.2
2025-11-17T00:00:00+00:00,4.52,0.0,0.3
2025-11-17T01:00:00+00:00,4.24,0.0,0.5
2025-11-17T02:00:00+00:00,3.88,0.0,0.7
2025-11-17T03:00:00+00:00,3.57,2.0,0.3
2025-11-17T04:00:00+00:00,3.5,57.0,0.5
2025-11-17T05:00:00+00:00,3.29,152.0,2.8
2025-11-17T06:00:00+00:00,3.0,224.0,3.3
2025-11-17T07:00:00+00:00,2.86,201.0,3.2
2025-11-17T08:00:00+00:00,2.66,183.0,4.2
2025-11-17T09:00:00+00:00,2.11,143.0,4.0
2025-11-17T10:00:00+00:00,1.23,83.0,2.2
2025-11-17T11:00:00+00:00,1.85,36.0,1.8
2025-11-17T12:00:00+00:00,1.59,2.0,1.7
2025-11-17T13:00:00+00:00,1.5,0.0,1.8
2025-11-17T14:00:00+00:00,1.76,0.0,0.9
2025-11-17T15:00:00+00:00,1.96,0.0,1.2
2025-11-17T16:00:00+00:00,2.15,0.0,1.3
2025-11-17T17:00:00+00:00,2.44,0.0,1.0
2025-11-17T18:00:00+00:00,2.61,0.0,1.0
2025-11-17T19:00:00+00:00,2.8,0.0,0.9
2025-11-17T20:00:00+00:00,2.96,0.0,0.3
2025-11-17T21:00:00+00:00,2.92,0.0,0.3
2025-11-17T22:00:00+00:00,2.89,0.0,-0.2
2025-11-17T23:00:00+00:00,2.87,0.0,-0.2
2025-11-18T00:00:00+00:00,2.85,0.0,-0.3
2025-11-18T01:00:00+00:00,2.9,0.0,-0.3
2025-11-18T02:00:00+00:00,2.89,0.0,-0.2
2025-11-18T03:00:00+00:00,2.95,1.0,-0.3
2025-11-18T04:00:00+00:00,3.19,44.0,-0.4
2025-11-18T05:00:00+00:00,2.94,125.0,2.0
2025-11-18T06:00:00+00:00,2.89,198.0,2.2
2025-11-18T07:00:00+00:00,2.75,251.0,2.6
2025-11-18T08:00:00+00:00,2.68,267.0,5.3
2025-11-18T09:00:00+00:00,2.52,234.0,5.7
2025-11-18T10:00:00+00:00,1.95,151.0,3.6
2025-11-18T11:00:00+00:00,2.18,57.0,3.6
2025-11-18T12:00:00+00:00,2.31,3.0,3.4
2025-11-18T13:00:00+00:00,2.3,0.0,2.9
2025-11-18T14:00:00+00:00,2.25,0.0,1.6
2025-11-18T15:00:00+00:00,2.25,0.0,1.6
2025-11-18T16:00:00+00:00,2.25,0.0,1.6
2025-11-18T17:00:00+00:00,2.2,0.0,1.0
2025-11-18T18:00:00+00:00,2.05,0.0,1.2
2025-11-18T19:00:00+00:00,1.96,0.0,0.8
2025-11-18T20:00:00+00:00,2.02,0.0,0.0
2025-11-18T21:00:00+00:00,2.08,0.0,0.2
2025-11-18T22:00:00+00:00,2.02,0.0,-0.8
2025-11-18T23:00:00+00:00,2.06,0.0,-0.9
2025-11-19T00:00:00+00:00,2.02,0.0,-0.8
2025-11-19T01:00:00+00:00,2.16,0.0,-0.9
2025-11-19T02:00:00+00:00,2.21,0.0,-1.2
2025-11-19T03:00:00+00:00,2.16,1.0,-1.1
2025-11-19T04:00:00+00:00,2.55,52.0,-1.0
2025-11-19T05:00:00+00:00,2.45,148.0,2.1
2025-11-19T06:00:00+00:00,2.4,233.0,2.6
2025-11-19T07:00:00+00:00,2.3,279.0,2.8
2025-11-19T08:00:00+00:00,2.5,282.0,5.7
2025-11-19T09:00:00+00:00,2.6,239.0,6.1
2025-11-19T10:00:00+00:00,2.55,160.0,3.6
2025-11-19T11:00:00+00:00,2.62,63.0,3.2
2025-11-19T12:00:00+00:00,2.72,3.0,2.5
2025-11-19T13:00:00+00:00,2.93,0.0,2.3
2025-11-19T14:00:00+00:00,3.04,0.0,0.3
2025-11-19T15:00:00+00:00,3.06,0.0,0.3
2025-11-19T16:00:00+00:00,3.03,0.0,0.2
2025-11-19T17:00:00+00:00,3.01,0.0,-0.4
2025-11-19T18:00:00+00:00,2.95,0.0,-0.6
2025-11-19T19:00:00+00:00,3.07,0.0,-0.4
2025-11-19T20:00:00+00:00,3.26,0.0,-0.7
2025-11-19T21:00:00+00:00,3.3,0.0,-0.8
2025-11-19T22:00:00+00:00,3.43,0.0,-1.0
2025-11-19T23:00:00+00:00,3.68,0.0,-1.0
2025-11-20T00:00:00+00:00,3.69,0.0,-1.1
2025-11-20T01:00:00+00:00,3.6,0.0,-1.1
2025-11-20T02:00:00+00:00,3.6,0.0,-1.0
2025-11-20T03:00:00+00:00,3.52,1.0,-0.9
2025-11-20T04:00:00+00:00,4.03,30.0,-0.8
2025-11-20T05:00:00+00:00,4.28,57.0,0.8
2025-11-20T06:00:00+00:00,4.6,97.0,0.8
2025-11-20T07:00:00+00:00,4.94,161.0,1.1
2025-11-20T08:00:00+00:00,5.1,216.0,3.2
2025-11-20T09:00:00+00:00,4.43,182.0,3.8
2025-11-20T10:00:00+00:00,4.38,96.0,4.1
2025-11-20T11:00:00+00:00,4.65,29.0,4.3
2025-11-20T12:00:00+00:00,4.81,1.0,4.1
2025-11-20T13:00:00+00:00,4.48,0.0,4.2
2025-11-20T14:00:00+00:00,4.09,0.0,3.9
2025-11-20T15:00:00+00:00,3.72,0.0,3.8
2025-11-20T16:00:00+00:00,3.94,0.0,4.1
2025-11-20T17:00:00+00:00,4.17,0.0,4.2
2025-11-20T18:00:00+00:00,4.39,0.0,4.0
2025-11-20T19:00:00+00:00,4.78,0.0,4.1
2025-11-20T20:00:00+00:00,5.09,0.0,4.5
2025-11-20T21:00:00+00:00,4.95,0.0,4.6
2025-11-20T22:00:00+00:00,4.88,0.0,4.7
2025-11-20T23:00:00+00:00,4.67,0.0,4.8
2025-11-21T00:00:00+00:00,4.14,0.0,4.9
2025-11-21T01:00:00+00:00,3.6,0.0,5.0
2025-11-21T02:00:00+00:00,2.91,0.0,5.0
2025-11-21T03:00:00+00:00,2.47,0.0,5.1
2025-11-21T04:00:00+00:00,2.39,4.0,5.1
2025-11-21T05:00:00+00:00,2.9,19.0,4.5
2025-11-21T06:00:00+00:00,3.2,43.0,4.1
2025-11-21T07:00:00+00:00,2.95,73.0,3.6
2025-11-21T08:00:00+00:00,2.61,92.0,3.2
2025-11-21T09:00:00+00:00,2.5,83.0,3.1
2025-11-21T10:00:00+00:00,2.9,56.0,1.1
2025-11-21T11:00:00+00:00,2.95,23.0,0.9
2025-11-21T12:00:00+00:00,2.96,1.0,0.6
2025-11-21T13:00:00+00:00,3.06,0.0,0.2
2025-11-21T14:00:00+00:00,3.22,0.0,-1.4
2025-11-21T15:00:00+00:00,3.26,0.0,-1.9
2025-11-21T16:00:00+00:00,3.29,0.0,-2.2
2025-11-21T17:00:00+00:00,3.4,0.0,-3.8
2025-11-21T18:00:00+00:00,3.29,0.0,-3.6
2025-11-21T19:00:00+00:00,2.98,0.0,-3.8
2025-11-21T20:00:00+00:00,2.43,0.0,-4.6
2025-11-21T21:00:00+00:00,2.2,0.0,-4.5
2025-11-21T22:00:00+00:00,2.19,0.0,-5.5
2025-11-21T23:00:00+00:00,2.4,0.0,-5.6
2025-11-22T00:00:00+00:00,2.33,0.0,-5.7
2025-11-22T01:00:00+00:00,1.83,0.0,-5.5
2025-11-22T02:00:00+00:00,1.78,0.0,-6.5
2025-11-22T03:00:00+00:00,1.65,0.0,-6.4
2025-11-22T04:00:00+00:00,1.79,42.0,-6.1
2025-11-22T05:00:00+00:00,2.52,128.0,-3.1
2025-11-22T06:00:00+00:00,2.97,205.0,-3.0
2025-11-22T07:00:00+00:00,3.22,260.0,-2.9
2025-11-22T08:00:00+00:00,3.19,257.0,-1.0
2025-11-22T09:00:00+00:00,3.26,213.0,-1.1
2025-11-22T10:00:00+00:00,3.26,145.0,-2.1
2025-11-22T11:00:00+00:00,2.56,52.0,-2.1
2025-11-22T12:00:00+00:00,2.98,2.0,-2.2
2025-11-22T13:00:00+00:00,3.34,0.0,-2.2
2025-11-22T14:00:00+00:00,3.54,0.0,-2.8
2025-11-22T15:00:00+00:00,3.57,0.0,-2.7
2025-11-22T16:00:00+00:00,3.9,0.0,-2.7
2025-11-22T17:00:00+00:00,4.21,0.0,-1.8
2025-11-22T18:00:00+00:00,4.33,0.0,-2.1
2025-11-22T19:00:00+00:00,4.47,0.0,-2.3
2025-11-22T20:00:00+00:00,4.62,0.0,-1.6
2025-11-22T21:00:00+00:00,4.7,0.0,-1.5
2025-11-22T22:00:00+00:00,5.28,0.0,0.2
2025-11-22T23:00:00+00:00,4.98,0.0,0.4
2025-11-23T00:00:00+00:00,5.17,0.0,0.7
2025-11-23T01:00:00+00:00,5.38,0.0,0.9
2025-11-23T02:00:00+00:00,5.69,0.0,1.7
2025-11-23T03:00:00+00:00,5.77,0.0,1.9
2025-11-23T04:00:00+00:00,6.05,19.0,2.0
2025-11-23T05:00:00+00:00,6.32,48.0,3.0
2025-11-23T06:00:00+00:00,6.33,84.0,3.2
2025-11-23T07:00:00+00:00,6.15,123.0,3.4
2025-11-23T08:00:00+00:00,6.08,143.0,4.5
2025-11-23T09:00:00+00:00,5.96,131.0,4.5
2025-11-23T10:00:00+00:00,5.91,86.0,4.4
2025-11-23T11:00:00+00:00,5.69,35.0,4.5
2025-11-23T12:00:00+00:00,5.69,1.0,4.6
2025-11-23T13:00:00+00:00,5.98,0.0,4.6
2025-11-23T14:00:00+00:00,6.34,0.0,4.4
2025-11-23T15:00:00+00:00,6.61,0.0,4.6
2025-11-23T16:00:00+00:00,6.77,0.0,4.7
2025-11-23T17:00:00+00:00,6.71,0.0,4.9
2025-11-23T18:00:00+00:00,6.74,0.0,4.9
2025-11-23T19:00:00+00:00,6.59,0.0,5.0
2025-11-23T20:00:00+00:00,6.42,0.0,4.7
2025-11-23T21:00:00+00:00,6.23,0.0,4.8
2025-11-23T22:00:00+00:00,5.92,0.0,4.2
2025-11-23T23:00:00+00:00,5.82,0.0,4.0
2025-11-24T00:00:00+00:00,5.44,0.0,4.2
2025-11-24T01:00:00+00:00,5.06,0.0,4.3
2025-11-24T02:00:00+00:00,4.4,0.0,4.0
2025-11-24T03:00:00+00:00,3.6,0.0,4.0
2025-11-24T04:00:00+00:00,2.66,4.0,4.1
2025-11-24T05:00:00+00:00,2.04,13.0,4.0
2025-11-24T06:00:00+00:00,1.53,28.0,4.0
2025-11-24T07:00:00+00:00,1.56,39.0,4.1
2025-11-24T08:00:00+00:00,2.15,35.0,4.2
2025-11-24T09:00:00+00:00,2.62,43.0,3.8
2025-11-24T10:00:00+00:00,2.78,40.0,2.6
2025-11-24T11:00:00+00:00,2.87,17.0,2.3
2025-11-24T12:00:00+00:00,2.93,1.0,1.9
2025-11-24T13:00:00+00:00,2.87,0.0,1.7
2025-11-24T14:00:00+00:00,2.66,0.0,0.6
2025-11-24T15:00:00+00:00,2.55,0.0,0.4
2025-11-24T16:00:00+00:00,2.57,0.0,0.3
2025-11-24T17:00:00+00:00,1.78,0.0,0.1
2025-11-24T18:00:00+00:00,1.55,0.0,-0.0
2025-11-24T19:00:00+00:00,1.66,0.0,-0.0
2025-11-24T20:00:00+00:00,1.79,0.0,0.4
2025-11-24T21:00:00+00:00,1.63,0.0,0.4
2025-11-24T22:00:00+00:00,1.47,0.0,1.2
2025-11-24T23:00:00+00:00,1.55,0.0,1.1
2025-11-25T00:00:00+00:00,1.65,0.0,1.3
2025-11-25T01:00:00+00:00,1.85,0.0,1.5
2025-11-25T02:00:00+00:00,2.02,0.0,1.9
2025-11-25T03:00:00+00:00,2.31,0.0,2.2
2025-11-25T04:00:00+00:00,2.7,11.0,2.3
2025-11-25T05:00:00+00:00,3.0,42.0,3.1
2025-11-25T06:00:00+00:00,3.23,101.0,3.4
2025-11-25T07:00:00+00:00,3.83,143.0,3.6
2025-11-25T08:00:00+00:00,4.39,178.0,4.8
2025-11-25T09:00:00+00:00,4.61,141.0,4.3
2025-11-25T10:00:00+00:00,4.25,88.0,3.8
2025-11-25T11:00:00+00:00,4.25,37.0,3.7
2025-11-25T12:00:00+00:00,4.39,1.0,3.5
2025-11-25T13:00:00+00:00,4.73,0.0,3.6
2025-11-25T14:00:00+00:00,5.1,0.0,3.5
2025-11-25T15:00:00+00:00,5.36,0.0,3.7
2025-11-25T16:00:00+00:00,5.69,0.0,3.7
2025-11-25T17:00:00+00:00,5.9,0.0,3.6
2025-11-25T18:00:00+00:00,6.0,0.0,3.6
2025-11-25T19:00:00+00:00,6.14,0.0,3.4
2025-11-25T20:00:00+00:00,6.13,0.0,3.3
2025-11-25T21:00:00+00:00,6.02,0.0,3.5
2025-11-25T22:00:00+00:00,6.05,0.0,3.3
2025-11-25T23:00:00+00:00,5.8,0.0,3.4
2025-11-26T00:00:00+00:00,5.59,0.0,3.6
2025-11-26T01:00:00+00:00,5.45,0.0,3.4
2025-11-26T02:00:00+00:00,5.29,0.0,3.1
2025-11-26T03:00:00+00:00,5.01,0.0,3.2
2025-11-26T04:00:00+00:00,4.9,25.0,3.2
2025-11-26T05:00:00+00:00,4.73,91.0,4.5
2025-11-26T06:00:00+00:00,4.55,158.0,4.8
2025-11-26T07:00:00+00:00,4.26,209.0,4.9
2025-11-26T08:00:00+00:00,4.05,209.0,6.7
2025-11-26T09:00:00+00:00,4.07,165.0,6.8
2025-11-26T10:00:00+00:00,3.76,107.0,4.5
2025-11-26T11:00:00+00:00,3.18,49.0,4.0
2025-11-26T12:00:00+00:00,2.94,1.0,3.4
2025-11-26T13:00:00+00:00,2.94,0.0,3.1
2025-11-26T14:00:00+00:00,2.69,0.0,1.6
2025-11-26T15:00:00+00:00,2.51,0.0,1.6
2025-11-26T16:00:00+00:00,2.0,0.0,1.7
2025-11-26T17:00:00+00:00,1.85,0.0,1.2
2025-11-26T18:00:00+00:00,1.8,0.0,1.4
2025-11-26T19:00:00+00:00,1.91,0.0,1.3
2025-11-26T20:00:00+00:00,1.92,0.0,1.2
2025-11-26T21:00:00+00:00,1.81,0.0,1.6
2025-11-26T22:00:00+00:00,2.13,0.0,1.4
2025-11-26T23:00:00+00:00,2.47,0.0,1.5
2025-11-27T00:00:00+00:00,2.65,0.0,1.7
2025-11-27T01:00:00+00:00,2.8,0.0,1.6
2025-11-27T02:00:00+00:00,3.1,0.0,1.8
2025-11-27T03:00:00+00:00,3.35,0.0,1.8
2025-11-27T04:00:00+00:00,3.79,11.0,1.7
2025-11-27T05:00:00+00:00,4.2,51.0,2.1
2025-11-27T06:00:00+00:00,4.68,71.0,1.4
2025-11-27T07:00:00+00:00,4.79,91.0,0.5
2025-11-27T08:00:00+00:00,4.43,122.0,0.3
2025-11-27T09:00:00+00:00,3.8,98.0,0.5
2025-11-27T10:00:00+00:00,3.26,77.0,-0.2
2025-11-27T11:00:00+00:00,2.54,34.0,0.0
2025-11-27T12:00:00+00:00,2.31,0.0,0.1
2025-11-27T13:00:00+00:00,2.38,0.0,0.1
2025-11-27T14:00:00+00:00,2.29,0.0,-0.0
2025-11-27T15:00:00+00:00,2.22,0.0,-0.1
2025-11-27T16:00:00+00:00,2.22,0.0,-0.3
2025-11-27T17:00:00+00:00,2.29,0.0,-0.4
2025-11-27T18:00:00+00:00,2.04,0.0,-0.4
2025-11-27T19:00:00+00:00,1.95,0.0,-0.5
2025-11-27T20:00:00+00:00,1.63,0.0,-0.8
2025-11-27T21:00:00+00:00,1.88,0.0,-1.0
2025-11-27T22:00:00+00:00,1.55,0.0,-1.4
2025-11-27T23:00:00+00:00,1.75,0.0,-1.3
2025-11-28T00:00:00+00:00,1.44,0.0,-1.3
2025-11-28T01:00:00+00:00,1.85,0.0,-1.3
2025-11-28T02:00:00+00:00,1.3,0.0,-1.4
2025-11-28T03:00:00+00:00,1.4,0.0,-1.2
2025-11-28T04:00:00+00:00,2.2,22.0,-1.3
2025-11-28T05:00:00+00:00,2.6,80.0,-0.7
2025-11-28T06:00:00+00:00,2.82,102.0,-0.7
2025-11-28T07:00:00+00:00,2.51,163.0,-0.7
2025-11-28T08:00:00+00:00,2.32,107.0,-0.5
2025-11-28T09:00:00+00:00,2.06,93.0,-0.5
2025-11-28T10:00:00+00:00,2.16,61.0,-1.1
2025-11-28T11:00:00+00:00,1.2,23.0,-0.8
2025-11-28T12:00:00+00:00,0.81,0.0,-1.2
2025-11-28T13:00:00+00:00,0.67,0.0,-0.9
2025-11-28T14:00:00+00:00,0.79,0.0,-1.0
2025-11-28T15:00:00+00:00,1.09,0.0,-1.4
2025-11-28T16:00:00+00:00,1.23,0.0,-1.1
2025-11-28T17:00:00+00:00,1.86,0.0,-1.5
2025-11-28T18:00:00+00:00,2.37,0.0,-1.5
2025-11-28T19:00:00+00:00,2.51,0.0,-1.5
2025-11-28T20:00:00+00:00,2.97,0.0,-2.7
2025-11-28T21:00:00+00:00,2.93,0.0,-2.7
2025-11-28T22:00:00+00:00,3.52,0.0,-4.0
2025-11-28T23:00:00+00:00,3.09,0.0,-4.2
2025-11-29T00:00:00+00:00,2.43,0.0,-4.1
2025-11-29T01:00:00+00:00,2.3,0.0,-4.5
2025-11-29T02:00:00+00:00,2.12,0.0,-5.3
2025-11-29T03:00:00+00:00,1.74,0.0,-5.5
2025-11-29T04:00:00+00:00,2.3,28.0,-5.3
2025-11-29T05:00:00+00:00,2.91,105.0,-2.4
2025-11-29T06:00:00+00:00,3.13,167.0,-2.2
2025-11-29T07:00:00+00:00,2.77,200.0,-2.3
2025-11-29T08:00:00+00:00,2.53,210.0,-0.5
2025-11-29T09:00:00+00:00,2.85,178.0,-0.5
2025-11-29T10:00:00+00:00,2.69,122.0,-1.7
2025-11-29T11:00:00+00:00,1.81,46.0,-2.9
2025-11-29T12:00:00+00:00,2.06,1.0,-2.1
2025-11-29T13:00:00+00:00,2.65,0.0,-1.7
2025-11-29T14:00:00+00:00,2.83,0.0,-2.1
2025-11-29T15:00:00+00:00,2.99,0.0,-2.0
2025-11-29T16:00:00+00:00,2.88,0.0,-1.6
2025-11-29T17:00:00+00:00,2.4,0.0,-1.6
2025-11-29T18:00:00+00:00,2.1,0.0,-1.4
2025-11-29T19:00:00+00:00,2.11,0.0,-1.3
2025-11-29T20:00:00+00:00,1.95,0.0,-1.4
2025-11-29T21:00:00+00:00,1.66,0.0,-1.4
2025-11-29T22:00:00+00:00,1.16,0.0,-1.1
2025-11-29T23:00:00+00:00,1.16,0.0,-1.1
2025-11-30T00:00:00+00:00,1.17,0.0,-1.2
2025-11-30T01:00:00+00:00,1.17,0.0,-1.3
2025-11-30T02:00:00+00:00,1.24,0.0,-1.1
2025-11-30T03:00:00+00:00,1.04,0.0,-1.2
2025-11-30T04:00:00+00:00,1.32,8.0,-1.3
2025-11-30T05:00:00+00:00,1.64,40.0,-0.3
2025-11-30T06:00:00+00:00,2.01,70.0,-0.3
2025-11-30T07:00:00+00:00,2.24,74.0,-0.4
2025-11-30T08:00:00+00:00,2.3,56.0,0.7
2025-11-30T09:00:00+00:00,2.14,63.0,0.7
2025-11-30T10:00:00+00:00,1.44,40.0,0.3
2025-11-30T11:00:00+00:00,1.14,10.0,0.4
2025-11-30T12:00:00+00:00,1.56,0.0,0.6
2025-11-30T13:00:00+00:00,1.91,0.0,0.8
2025-11-30T14:00:00+00:00,1.87,0.0,0.6
2025-11-30T15:00:00+00:00,1.7,0.0,0.6
2025-11-30T16:00:00+00:00,1.44,0.0,0.7
2025-11-30T17:00:00+00:00,1.37,0.0,0.6
2025-11-30T18:00:00+00:00,1.35,0.0,0.6
2025-11-30T19:00:00+00:00,1.4,0.0,0.4
2025-11-30T20:00:00+00:00,1.6,0.0,0.2
2025-11-30T21:00:00+00:00,1.88,0.0,-0.0
2025-11-30T22:00:00+00:00,1.9,0.0,0.1
2025-11-30T23:00:00+00:00,1.86,0.0,0.1
2025-12-01T00:00:00+00:00,1.58,0.0,0.2
2025-12-01T01:00:00+00:00,1.58,0.0,0.1
2025-12-01T02:00:00+00:00,1.64,0.0,-0.1
2025-12-01T03:00:00+00:00,1.66,0.0,0.1
2025-12-01T04:00:00+00:00,2.02,11.0,-0.1
2025-12-01T05:00:00+00:00,2.23,39.0,0.9
2025-12-01T06:00:00+00:00,2.27,68.0,0.9
2025-12-01T07:00:00+00:00,2.16,59.0,0.8
2025-12-01T08:00:00+00:00,2.03,58.0,1.9
2025-12-01T09:00:00+00:00,1.87,50.0,1.9
2025-12-01T10:00:00+00:00,1.44,34.0,1.0
2025-12-01T11:00:00+00:00,1.38,14.0,1.1
2025-12-01T12:00:00+00:00,1.49,0.0,1.2
2025-12-01T13:00:00+00:00,1.63,0.0,1.2
2025-12-01T14:00:00+00:00,1.73,0.0,0.3
2025-12-01T15:00:00+00:00,1.63,0.0,0.2
2025-12-01T16:00:00+00:00,1.5,0.0,-0.2
2025-12-01T17:00:00+00:00,1.27,0.0,-0.5
2025-12-01T18:00:00+00:00,1.07,0.0,-0.7
2025-12-01T19:00:00+00:00,1.0,0.0,-0.7
2025-12-01T20:00:00+00:00,1.15,0.0,-1.4
2025-12-01T21:00:00+00:00,0.92,0.0,-1.2
2025-12-01T22:00:00+00:00,0.85,0.0,-1.6
2025-12-01T23:00:00+00:00,0.62,0.0,-2.0
2025-12-02T00:00:00+00:00,0.45,0.0,-2.0
2025-12-02T01:00:00+00:00,0.55,0.0,-2.3
2025-12-02T02:00:00+00:00,0.64,0.0,-2.0
2025-12-02T03:00:00+00:00,0.75,0.0,-1.5
2025-12-02T04:00:00+00:00,0.89,9.0,-1.3
2025-12-02T05:00:00+00:00,0.96,38.0,0.2
2025-12-02T06:00:00+00:00,1.04,60.0,0.3
2025-12-02T07:00:00+00:00,0.86,94.0,0.5
2025-12-02T08:00:00+00:00,0.71,82.0,1.9
2025-12-02T09:00:00+00:00,0.54,81.0,2.1
2025-12-02T10:00:00+00:00,1.0,56.0,0.8
2025-12-02T11:00:00+00:00,1.25,22.0,1.0
2025-12-02T12:00:00+00:00,1.3,0.0,1.1
2025-12-02T13:00:00+00:00,1.26,0.0,0.7
2025-12-02T14:00:00+00:00,1.5,0.0,0.5
2025-12-02T15:00:00+00:00,1.5,0.0,0.5
2025-12-02T16:00:00+00:00,1.52,0.0,0.3
2025-12-02T17:00:00+00:00,1.48,0.0,-0.1
2025-12-02T18:00:00+00:00,1.46,0.0,0.0
2025-12-02T19:00:00+00:00,1.39,0.0,-0.4
2025-12-02T20:00:00+00:00,1.33,0.0,-0.8
2025-12-02T21:00:00+00:00,1.37,0.0,-0.9
2025-12-02T22:00:00+00:00,1.28,0.0,-0.6
2025-12-02T23:00:00+00:00,1.23,0.0,-0.5
2025-12-03T00:00:00+00:00,1.38,0.0,-0.4
2025-12-03T01:00:00+00:00,1.41,0.0,-0.4
2025-12-03T02:00:00+00:00,1.48,0.0,-0.8
2025-12-03T03:00:00+00:00,1.41,0.0,-0.7
2025-12-03T04:00:00+00:00,1.75,12.0,-0.9
2025-12-03T05:00:00+00:00,1.81,52.0,-0.6
2025-12-03T06:00:00+00:00,2.09,89.0,-0.7
2025-12-03T07:00:00+00:00,2.09,121.0,-0.7
2025-12-03T08:00:00+00:00,2.24,105.0,-0.2
2025-12-03T09:00:00+00:00,2.34,89.0,0.0
2025-12-03T10:00:00+00:00,2.09,53.0,0.0
2025-12-03T11:00:00+00:00,2.08,18.0,0.2
2025-12-03T12:00:00+00:00,2.42,0.0,0.2
2025-12-03T13:00:00+00:00,2.45,0.0,0.4
2025-12-03T14:00:00+00:00,2.41,0.0,0.1
2025-12-03T15:00:00+00:00,2.46,0.0,0.2
2025-12-03T16:00:00+00:00,2.4,0.0,0.2
2025-12-03T17:00:00+00:00,2.6,0.0,-0.3
2025-12-03T18:00:00+00:00,2.81,0.0,-0.6
2025-12-03T19:00:00+00:00,2.87,0.0,-1.0
2025-12-03T20:00:00+00:00,3.47,0.0,-1.8
2025-12-03T21:00:00+00:00,3.31,0.0,-2.3
2025-12-03T22:00:00+00:00,2.75,0.0,-2.4
2025-12-03T23:00:00+00:00,2.84,0.0,-2.3
2025-12-04T00:00:00+00:00,3.11,0.0,-2.3
2025-12-04T01:00:00+00:00,3.28,0.0,-2.1
2025-12-04T02:00:00+00:00,3.49,0.0,-2.0
2025-12-04T03:00:00+00:00,3.51,0.0,-2.0
2025-12-04T04:00:00+00:00,3.5,11.0,-1.7
2025-12-04T05:00:00+00:00,4.37,49.0,-1.1
2025-12-04T06:00:00+00:00,4.17,91.0,-0.9
2025-12-04T07:00:00+00:00,4.32,84.0,-0.6
2025-12-04T08:00:00+00:00,4.17,71.0,0.0
2025-12-04T09:00:00+00:00,3.87,51.0,0.1
2025-12-04T10:00:00+00:00,3.89,44.0,-0.3
2025-12-04T11:00:00+00:00,4.03,20.0,-0.3
2025-12-04T12:00:00+00:00,4.05,0.0,-0.4
2025-12-04T13:00:00+00:00,4.14,0.0,-0.2
2025-12-04T14:00:00+00:00,4.41,0.0,-0.5
2025-12-04T15:00:00+00:00,4.57,0.0,-0.7
2025-12-04T16:00:00+00:00,4.71,0.0,-0.6
2025-12-04T17:00:00+00:00,4.79,0.0,-0.8
2025-12-04T18:00:00+00:00,4.81,0.0,-1.0
2025-12-04T19:00:00+00:00,4.85,0.0,-1.0
2025-12-04T20:00:00+00:00,5.0,0.0,-1.2
2025-12-04T21:00:00+00:00,4.89,0.0,-1.2
2025-12-04T22:00:00+00:00,4.81,0.0,-1.4
2025-12-04T23:00:00+00:00,4.8,0.0,-1.6
2025-12-05T00:00:00+00:00,4.73,0.0,-1.5
2025-12-05T01:00:00+00:00,4.55,0.0,-1.5
2025-12-05T02:00:00+00:00,4.3,0.0,-1.3
2025-12-05T03:00:00+00:00,4.06,0.0,-1.4
2025-12-05T04:00:00+00:00,3.66,10.0,-1.5
2025-12-05T05:00:00+00:00,4.41,45.0,-1.0
2025-12-05T06:00:00+00:00,4.41,78.0,-1.0
2025-12-05T07:00:00+00:00,3.79,76.0,-0.9
2025-12-05T08:00:00+00:00,3.13,84.0,-0.4
2025-12-05T09:00:00+00:00,2.55,62.0,-0.4
2025-12-05T10:00:00+00:00,2.13,42.0,-0.9
2025-12-05T11:00:00+00:00,1.56,17.0,-0.8
2025-12-05T12:00:00+00:00,1.52,0.0,-0.8
2025-12-05T13:00:00+00:00,1.44,0.0,-0.8
2025-12-05T14:00:00+00:00,1.36,0.0,-1.1
2025-12-05T15:00:00+00:00,1.16,0.0,-1.2
2025-12-05T16:00:00+00:00,1.4,0.0,-1.2
2025-12-05T17:00:00+00:00,1.28,0.0,-1.5
2025-12-05T18:00:00+00:00,1.2,0.0,-1.5
2025-12-05T19:00:00+00:00,1.37,0.0,-2.2
2025-12-05T20:00:00+00:00,1.32,0.0,-1.8
2025-12-05T21:00:00+00:00,1.57,0.0,-1.9
2025-12-05T22:00:00+00:00,1.64,0.0,-1.7
2025-12-05T23:00:00+00:00,2.1,0.0,-1.7
2025-12-06T00:00:00+00:00,2.19,0.0,-1.8
2025-12-06T01:00:00+00:00,2.22,0.0,-1.9
2025-12-06T02:00:00+00:00,2.26,0.0,-2.1
2025-12-06T03:00:00+00:00,2.36,0.0,-2.5
2025-12-06T04:00:00+00:00,2.45,10.0,-2.5
2025-12-06T05:00:00+00:00,2.46,49.0,-2.1
2025-12-06T06:00:00+00:00,2.36,82.0,-2.1
2025-12-06T07:00:00+00:00,2.08,67.0,-2.0
2025-12-06T08:00:00+00:00,1.84,69.0,-1.4
2025-12-06T09:00:00+00:00,1.87,64.0,-1.3
2025-12-06T10:00:00+00:00,2.03,42.0,-1.8
2025-12-06T11:00:00+00:00,1.84,13.0,-1.8
2025-12-06T12:00:00+00:00,2.25,0.0,-1.7
2025-12-06T13:00:00+00:00,2.68,0.0,-1.7
2025-12-06T14:00:00+00:00,2.93,0.0,-2.6
2025-12-06T15:00:00+00:00,3.0,0.0,-2.6
2025-12-06T16:00:00+00:00,2.93,0.0,-2.6
2025-12-06T17:00:00+00:00,2.92,0.0,-3.0
2025-12-06T18:00:00+00:00,2.87,0.0,-3.2
2025-12-06T19:00:00+00:00,2.82,0.0,-3.3
2025-12-06T20:00:00+00:00,2.7,0.0,-3.5
2025-12-06T21:00:00+00:00,2.58,0.0,-3.6
2025-12-06T22:00:00+00:00,2.21,0.0,-4.4
2025-12-06T23:00:00+00:00,2.31,0.0,-4.4
2025-12-07T00:00:00+00:00,2.28,0.0,-4.4
2025-12-07T01:00:00+00:00,2.19,0.0,-4.3
2025-12-07T02:00:00+00:00,2.17,0.0,-4.5
2025-12-07T03:00:00+00:00,1.9,0.0,-4.5
2025-12-07T04:00:00+00:00,1.97,10.0,-4.6
2025-12-07T05:00:00+00:00,2.06,42.0,-3.8
2025-12-07T06:00:00+00:00,1.74,101.0,-3.7
2025-12-07T07:00:00+00:00,1.3,113.0,-3.7
2025-12-07T08:00:00+00:00,1.01,92.0,-3.3
2025-12-07T09:00:00+00:00,0.74,90.0,-3.3
2025-12-07T10:00:00+00:00,0.86,58.0,-3.6
2025-12-07T11:00:00+00:00,1.32,21.0,-3.9
2025-12-07T12:00:00+00:00,1.55,0.0,-3.8
2025-12-07T13:00:00+00:00,1.73,0.0,-3.7
2025-12-07T14:00:00+00:00,1.79,0.0,-4.2
2025-12-07T15:00:00+00:00,1.86,0.0,-4.0
2025-12-07T16:00:00+00:00,1.17,0.0,-4.4
2025-12-07T17:00:00+00:00,1.32,0.0,-4.5
2025-12-07T18:00:00+00:00,1.51,0.0,-4.4
2025-12-07T19:00:00+00:00,1.71,0.0,-4.1
2025-12-07T20:00:00+00:00,1.75,0.0,-4.0
2025-12-07T21:00:00+00:00,1.8,0.0,-3.9
2025-12-07T22:00:00+00:00,1.96,0.0,-4.1
2025-12-07T23:00:00+00:00,1.94,0.0,-4.1
2025-12-08T00:00:00+00:00,2.09,0.0,-3.8
2025-12-08T01:00:00+00:00,2.26,0.0,-3.7
2025-12-08T02:00:00+00:00,2.19,0.0,-4.1
2025-12-08T03:00:00+00:00,1.82,0.0,-4.0
2025-12-08T04:00:00+00:00,1.45,5.0,-3.9
2025-12-08T05:00:00+00:00,1.57,23.0,-3.8
2025-12-08T06:00:00+00:00,1.72,52.0,-3.7
2025-12-08T07:00:00+00:00,2.27,51.0,-3.3
2025-12-08T08:00:00+00:00,2.63,61.0,-3.3
2025-12-08T09:00:00+00:00,2.87,54.0,-3.1
2025-12-08T10:00:00+00:00,3.44,37.0,-4.4
2025-12-08T11:00:00+00:00,3.09,12.0,-4.3
2025-12-08T12:00:00+00:00,3.18,0.0,-4.1
2025-12-08T13:00:00+00:00,3.47,0.0,-4.0
2025-12-08T14:00:00+00:00,3.73,0.0,-5.1
2025-12-08T15:00:00+00:00,3.65,0.0,-5.2
2025-12-08T16:00:00+00:00,3.4,0.0,-5.3
2025-12-08T17:00:00+00:00,2.85,0.0,-7.6
2025-12-08T18:00:00+00:00,2.16,0.0,-8.5
2025-12-08T19:00:00+00:00,1.96,0.0,-9.5
2025-12-08T20:00:00+00:00,2.58,0.0,-11.8
2025-12-08T21:00:00+00:00,3.51,0.0,-12.6
2025-12-08T22:00:00+00:00,3.44,0.0,-13.0
2025-12-08T23:00:00+00:00,4.0,0.0,-14.5
2025-12-09T00:00:00+00:00,4.4,0.0,-15.2
2025-12-09T01:00:00+00:00,4.74,0.0,-15.6
2025-12-09T02:00:00+00:00,4.96,0.0,-18.0
2025-12-09T03:00:00+00:00,5.23,0.0,-18.4
2025-12-09T04:00:00+00:00,5.39,12.0,-18.4
2025-12-09T05:00:00+00:00,5.75,64.0,-19.8
2025-12-09T06:00:00+00:00,5.91,115.0,-19.6
2025-12-09T07:00:00+00:00,6.13,160.0,-19.6
2025-12-09T08:00:00+00:00,6.22,174.0,-20.4
2025-12-09T09:00:00+00:00,6.33,144.0,-20.5
2025-12-09T10:00:00+00:00,6.4,91.0,-22.2
2025-12-09T11:00:00+00:00,5.95,30.0,-22.1
2025-12-09T12:00:00+00:00,6.2,0.0,-21.9
2025-12-09T13:00:00+00:00,6.0,0.0,-21.6
2025-12-09T14:00:00+00:00,5.9,0.0,-22.1
2025-12-09T15:00:00+00:00,5.85,0.0,-21.9
2025-12-09T16:00:00+00:00,5.76,0.0,-22.0
2025-12-09T17:00:00+00:00,5.61,0.0,-22.5
2025-12-09T18:00:00+00:00,5.22,0.0,-22.8
2025-12-09T19:00:00+00:00,5.1,0.0,-23.0
2025-12-09T20:00:00+00:00,5.01,0.0,-23.6
2025-12-09T21:00:00+00:00,4.96,0.0,-23.7
2025-12-09T22:00:00+00:00,5.2,0.0,-23.7
2025-12-09T23:00:00+00:00,4.79,0.0,-23.7
2025-12-10T00:00:00+00:00,4.5,0.0,-23.7
2025-12-10T01:00:00+00:00,4.09,0.0,-23.6
2025-12-10T02:00:00+00:00,3.77,0.0,-23.6
2025-12-10T03:00:00+00:00,3.51,0.0,-23.2
2025-12-10T04:00:00+00:00,3.2,17.0,-22.6
2025-12-10T05:00:00+00:00,3.2,99.0,-19.8
2025-12-10T06:00:00+00:00,2.85,173.0,-19.2
2025-12-10T07:00:00+00:00,2.4,186.0,-18.7
2025-12-10T08:00:00+00:00,1.86,211.0,-16.7
2025-12-10T09:00:00+00:00,1.43,184.0,-16.7
2025-12-10T10:00:00+00:00,1.21,128.0,-18.6
2025-12-10T11:00:00+00:00,2.3,42.0,-16.9
2025-12-10T12:00:00+00:00,2.58,0.0,-19.1
2025-12-10T13:00:00+00:00,2.64,0.0,-21.5
2025-12-10T14:00:00+00:00,2.6,0.0,-24.2
2025-12-10T15:00:00+00:00,2.49,0.0,-25.2
2025-12-10T16:00:00+00:00,2.91,0.0,-24.9
2025-12-10T17:00:00+00:00,2.9,0.0,-24.8
2025-12-10T18:00:00+00:00,2.69,0.0,-24.3
2025-12-10T19:00:00+00:00,2.34,0.0,-24.4
2025-12-10T20:00:00+00:00,2.63,0.0,-24.7
2025-12-10T21:00:00+00:00,2.7,0.0,-24.5
2025-12-10T22:00:00+00:00,2.5,0.0,-23.9
2025-12-10T23:00:00+00:00,2.66,0.0,-23.9
2025-12-11T00:00:00+00:00,2.61,0.0,-24.1
2025-12-11T01:00:00+00:00,2.47,0.0,-24.4
2025-12-11T02:00:00+00:00,2.47,0.0,-24.3
2025-12-11T03:00:00+00:00,2.62,0.0,-24.4
2025-12-11T04:00:00+00:00,3.01,16.0,-23.7
2025-12-11T05:00:00+00:00,3.4,97.0,-20.2
2025-12-11T06:00:00+00:00,3.38,191.0,-19.0
2025-12-11T07:00:00+00:00,3.45,246.0,-17.8
2025-12-11T08:00:00+00:00,3.12,247.0,-15.0
2025-12-11T09:00:00+00:00,2.73,195.0,-14.7
2025-12-11T10:00:00+00:00,2.71,112.0,-14.6
2025-12-11T11:00:00+00:00,2.9,33.0,-14.8
2025-12-11T12:00:00+00:00,3.1,0.0,-15.1
2025-12-11T13:00:00+00:00,3.21,0.0,-15.1
2025-12-11T14:00:00+00:00,3.2,0.0,-13.8
2025-12-11T15:00:00+00:00,3.3,0.0,-13.4
2025-12-11T16:00:00+00:00,3.37,0.0,-13.3
2025-12-11T17:00:00+00:00,3.36,0.0,-12.7
2025-12-11T18:00:00+00:00,3.32,0.0,-12.5
2025-12-11T19:00:00+00:00,3.5,0.0,-12.5
2025-12-11T20:00:00+00:00,3.66,0.0,-11.9
2025-12-11T21:00:00+00:00,3.75,0.0,-11.8
2025-12-11T22:00:00+00:00,4.12,0.0,-11.4
2025-12-11T23:00:00+00:00,4.11,0.0,-11.5
2025-12-12T00:00:00+00:00,4.17,0.0,-11.7
2025-12-12T01:00:00+00:00,4.17,0.0,-11.9
2025-12-12T02:00:00+00:00,3.71,0.0,-11.9
2025-12-12T03:00:00+00:00,3.45,0.0,-11.4
2025-12-12T04:00:00+00:00,3.65,14.0,-11.2
2025-12-12T05:00:00+00:00,3.79,92.0,-8.3
2025-12-12T06:00:00+00:00,3.33,180.0,-7.4
2025-12-12T07:00:00+00:00,2.93,199.0,-6.7
2025-12-12T08:00:00+00:00,2.99,159.0,-4.8
2025-12-12T09:00:00+00:00,3.04,105.0,-4.6
2025-12-12T10:00:00+00:00,2.88,63.0,-4.1
2025-12-12T11:00:00+00:00,2.93,25.0,-4.2
2025-12-12T12:00:00+00:00,3.0,0.0,-5.0
2025-12-12T13:00:00+00:00,2.4,0.0,-6.6
2025-12-12T14:00:00+00:00,2.16,0.0,-7.4
2025-12-12T15:00:00+00:00,2.36,0.0,-7.7
2025-12-12T16:00:00+00:00,2.64,0.0,-7.4
2025-12-12T17:00:00+00:00,2.84,0.0,-7.2
2025-12-12T18:00:00+00:00,3.21,0.0,-6.9
2025-12-12T19:00:00+00:00,3.27,0.0,-6.5
2025-12-12T20:00:00+00:00,3.32,0.0,-5.4
2025-12-12T21:00:00+00:00,3.36,0.0,-5.4
2025-12-12T22:00:00+00:00,3.52,0.0,-5.1
2025-12-12T23:00:00+00:00,3.56,0.0,-5.0
2025-12-13T00:00:00+00:00,3.42,0.0,-4.9
2025-12-13T01:00:00+00:00,3.24,0.0,-4.9
2025-12-13T02:00:00+00:00,3.38,0.0,-4.9
2025-12-13T03:00:00+00:00,3.52,0.0,-4.7
2025-12-13T04:00:00+00:00,3.64,6.0,-4.6
2025-12-13T05:00:00+00:00,4.4,40.0,-4.2
2025-12-13T06:00:00+00:00,4.55,82.0,-4.2
2025-12-13T07:00:00+00:00,4.55,111.0,-4.2
2025-12-13T08:00:00+00:00,4.56,99.0,-4.5
2025-12-13T09:00:00+00:00,4.33,70.0,-4.6
2025-12-13T10:00:00+00:00,4.51,67.0,-5.8
2025-12-13T11:00:00+00:00,4.17,32.0,-6.1
2025-12-13T12:00:00+00:00,4.1,0.0,-6.2
2025-12-13T13:00:00+00:00,4.28,0.0,-6.2
2025-12-13T14:00:00+00:00,4.1,0.0,-7.1
2025-12-13T15:00:00+00:00,4.0,0.0,-7.4
2025-12-13T16:00:00+00:00,3.68,0.0,-7.3
2025-12-13T17:00:00+00:00,3.71,0.0,-7.5
2025-12-13T18:00:00+00:00,3.92,0.0,-7.5
2025-12-13T19:00:00+00:00,3.72,0.0,-7.2
2025-12-13T20:00:00+00:00,3.42,0.0,-7.2
2025-12-13T21:00:00+00:00,3.07,0.0,-7.3
2025-12-13T22:00:00+00:00,2.74,0.0,-7.2
2025-12-13T23:00:00+00:00,2.76,0.0,-7.4
2025-12-14T00:00:00+00:00,2.86,0.0,-7.7
2025-12-14T01:00:00+00:00,3.22,0.0,-7.7
2025-12-14T02:00:00+00:00,3.6,0.0,-6.6
2025-12-14T03:00:00+00:00,3.89,0.0,-6.1
2025-12-14T04:00:00+00:00,4.38,9.0,-5.9
2025-12-14T05:00:00+00:00,4.63,46.0,-4.1
2025-12-14T06:00:00+00:00,5.01,75.0,-4.2
2025-12-14T07:00:00+00:00,5.41,100.0,-4.2
2025-12-14T08:00:00+00:00,5.82,108.0,-2.0
2025-12-14T09:00:00+00:00,5.7,93.0,-1.7
2025-12-14T10:00:00+00:00,6.45,79.0,-1.0
2025-12-14T11:00:00+00:00,6.91,26.0,-0.6
2025-12-14T12:00:00+00:00,6.7,0.0,-0.2
2025-12-14T13:00:00+00:00,6.72,0.0,0.5
2025-12-14T14:00:00+00:00,6.97,0.0,1.1
2025-12-14T15:00:00+00:00,7.07,0.0,1.0
2025-12-14T16:00:00+00:00,7.0,0.0,1.3
2025-12-14T17:00:00+00:00,6.51,0.0,-0.5
2025-12-14T18:00:00+00:00,7.53,0.0,-2.0
2025-12-14T19:00:00+00:00,6.91,0.0,-4.6
2025-12-14T20:00:00+00:00,6.49,0.0,-8.0
2025-12-14T21:00:00+00:00,6.45,0.0,-7.9
2025-12-14T22:00:00+00:00,7.09,0.0,-9.2
2025-12-14T23:00:00+00:00,7.75,0.0,-8.7
2025-12-15T00:00:00+00:00,7.97,0.0,-8.3
2025-12-15T01:00:00+00:00,8.17,0.0,-8.1
2025-12-15T02:00:00+00:00,8.23,0.0,-8.5
2025-12-15T03:00:00+00:00,8.49,0.0,-8.6
2025-12-15T04:00:00+00:00,8.7,11.0,-8.9
2025-12-15T05:00:00+00:00,8.87,73.0,-9.5
2025-12-15T06:00:00+00:00,9.5,116.0,-9.3
2025-12-15T07:00:00+00:00,9.77,182.0,-9.4
2025-12-15T08:00:00+00:00,9.35,200.0,-10.4
2025-12-15T09:00:00+00:00,8.97,183.0,-10.8
2025-12-15T10:00:00+00:00,9.05,123.0,-12.4
2025-12-15T11:00:00+00:00,8.76,38.0,-12.3
2025-12-15T12:00:00+00:00,8.53,0.0,-12.2
2025-12-15T13:00:00+00:00,8.41,0.0,-12.1
2025-12-15T14:00:00+00:00,8.39,0.0,-11.8
2025-12-15T15:00:00+00:00,8.14,0.0,-11.6
2025-12-15T16:00:00+00:00,7.99,0.0,-11.6
2025-12-15T17:00:00+00:00,7.95,0.0,-11.1
2025-12-15T18:00:00+00:00,7.89,0.0,-10.8
2025-12-15T19:00:00+00:00,7.73,0.0,-10.7
2025-12-15T20:00:00+00:00,7.74,0.0,-10.6
2025-12-15T21:00:00+00:00,7.6,0.0,-10.6
2025-12-15T22:00:00+00:00,7.73,0.0,-10.8
2025-12-15T23:00:00+00:00,7.84,0.0,-10.8
2025-12-16T00:00:00+00:00,7.81,0.0,-11.0
2025-12-16T01:00:00+00:00,7.89,0.0,-11.1
2025-12-16T02:00:00+00:00,7.79,0.0,-11.0
2025-12-16T03:00:00+00:00,7.65,0.0,-11.0
2025-12-16T04:00:00+00:00,7.54,10.0,-11.0
2025-12-16T05:00:00+00:00,7.66,72.0,-10.1
2025-12-16T06:00:00+00:00,7.27,139.0,-10.1
2025-12-16T07:00:00+00:00,8.49,192.0,-10.1
2025-12-16T08:00:00+00:00,8.1,204.0,-10.0
2025-12-16T09:00:00+00:00,7.4,170.0,-10.1
2025-12-16T10:00:00+00:00,7.4,112.0,-11.8
2025-12-16T11:00:00+00:00,7.26,34.0,-12.1
2025-12-16T12:00:00+00:00,7.04,0.0,-12.0
2025-12-16T13:00:00+00:00,7.04,0.0,-12.0
2025-12-16T14:00:00+00:00,7.06,0.0,-12.8
2025-12-16T15:00:00+00:00,7.05,0.0,-12.7
2025-12-16T16:00:00+00:00,6.99,0.0,-12.3
2025-12-16T17:00:00+00:00,6.62,0.0,-13.3
2025-12-16T18:00:00+00:00,6.08,0.0,-13.6
2025-12-16T19:00:00+00:00,5.82,0.0,-13.6
2025-12-16T20:00:00+00:00,5.53,0.0,-14.8
2025-12-16T21:00:00+00:00,5.3,0.0,-14.6
2025-12-16T22:00:00+00:00,4.69,0.0,-15.4
2025-12-16T23:00:00+00:00,4.59,0.0,-15.5
2025-12-17T00:00:00+00:00,4.54,0.0,-15.5
2025-12-17T01:00:00+00:00,4.48,0.0,-15.5
2025-12-17T02:00:00+00:00,4.48,0.0,-16.1
2025-12-17T03:00:00+00:00,4.37,0.0,-16.1
2025-12-17T04:00:00+00:00,4.24,10.0,-16.1
2025-12-17T05:00:00+00:00,4.63,66.0,-15.6
2025-12-17T06:00:00+00:00,5.58,138.0,-15.8
2025-12-17T07:00:00+00:00,5.29,135.0,-16.0
2025-12-17T08:00:00+00:00,4.97,135.0,-15.5
2025-12-17T09:00:00+00:00,4.79,121.0,-15.7
2025-12-17T10:00:00+00:00,4.11,77.0,-17.5
2025-12-17T11:00:00+00:00,3.75,26.0,-17.7
2025-12-17T12:00:00+00:00,3.58,0.0,-18.0
2025-12-17T13:00:00+00:00,3.49,0.0,-18.2
2025-12-17T14:00:00+00:00,3.38,0.0,-18.8
2025-12-17T15:00:00+00:00,3.43,0.0,-18.6
2025-12-17T16:00:00+00:00,3.44,0.0,-18.7
2025-12-17T17:00:00+00:00,3.48,0.0,-18.2
2025-12-17T18:00:00+00:00,3.36,0.0,-18.2
2025-12-17T19:00:00+00:00,3.25,0.0,-18.0
2025-12-17T20:00:00+00:00,3.19,0.0,-17.5
2025-12-17T21:00:00+00:00,3.13,0.0,-17.5
2025-12-17T22:00:00+00:00,2.94,0.0,-17.3
2025-12-17T23:00:00+00:00,3.0,0.0,-17.3
2025-12-18T00:00:00+00:00,3.11,0.0,-17.2
2025-12-18T01:00:00+00:00,3.09,0.0,-17.2
2025-12-18T02:00:00+00:00,3.01,0.0,-16.6
2025-12-18T03:00:00+00:00,3.06,0.0,-16.4
2025-12-18T04:00:00+00:00,3.3,8.0,-15.8
2025-12-18T05:00:00+00:00,3.87,56.0,-13.6
2025-12-18T06:00:00+00:00,3.79,100.0,-13.2
2025-12-18T07:00:00+00:00,4.16,150.0,-12.6
2025-12-18T08:00:00+00:00,4.11,165.0,-10.8
2025-12-18T09:00:00+00:00,3.94,151.0,-10.8
2025-12-18T10:00:00+00:00,3.4,91.0,-10.6
2025-12-18T11:00:00+00:00,3.34,29.0,-10.6
2025-12-18T12:00:00+00:00,3.4,0.0,-10.8
2025-12-18T13:00:00+00:00,3.57,0.0,-10.7
2025-12-18T14:00:00+00:00,3.41,0.0,-10.5
2025-12-18T15:00:00+00:00,3.54,0.0,-10.6
2025-12-18T16:00:00+00:00,3.75,0.0,-10.7
2025-12-18T17:00:00+00:00,3.89,0.0,-10.0
2025-12-18T18:00:00+00:00,4.03,0.0,-9.9
2025-12-18T19:00:00+00:00,4.21,0.0,-9.9
2025-12-18T20:00:00+00:00,4.36,0.0,-9.5
2025-12-18T21:00:00+00:00,4.35,0.0,-9.6
2025-12-18T22:00:00+00:00,4.49,0.0,-8.9
2025-12-18T23:00:00+00:00,4.42,0.0,-8.8
2025-12-19T00:00:00+00:00,4.19,0.0,-8.7
2025-12-19T01:00:00+00:00,4.23,0.0,-8.9
2025-12-19T02:00:00+00:00,4.4,0.0,-8.5
2025-12-19T03:00:00+00:00,4.66,0.0,-8.6
2025-12-19T04:00:00+00:00,4.97,7.0,-8.5
2025-12-19T05:00:00+00:00,4.9,52.0,-7.5
2025-12-19T06:00:00+00:00,5.61,99.0,-7.2
2025-12-19T07:00:00+00:00,5.82,124.0,-6.9
2025-12-19T08:00:00+00:00,6.19,118.0,-6.3
2025-12-19T09:00:00+00:00,6.23,101.0,-6.3
2025-12-19T10:00:00+00:00,6.19,75.0,-6.4
2025-12-19T11:00:00+00:00,6.02,24.0,-6.3
2025-12-19T12:00:00+00:00,5.88,0.0,-6.2
2025-12-19T13:00:00+00:00,6.05,0.0,-6.1
2025-12-19T14:00:00+00:00,6.17,0.0,-6.3
2025-12-19T15:00:00+00:00,6.24,0.0,-6.3
2025-12-19T16:00:00+00:00,6.26,0.0,-6.6
2025-12-19T17:00:00+00:00,6.26,0.0,-7.2
2025-12-19T18:00:00+00:00,6.12,0.0,-7.5
2025-12-19T19:00:00+00:00,6.03,0.0,-7.7
2025-12-19T20:00:00+00:00,6.09,0.0,-7.8
2025-12-19T21:00:00+00:00,6.01,0.0,-7.7
2025-12-19T22:00:00+00:00,6.17,0.0,-7.7
2025-12-19T23:00:00+00:00,6.24,0.0,-7.7
2025-12-20T00:00:00+00:00,6.25,0.0,-7.5
2025-12-20T01:00:00+00:00,6.36,0.0,-7.4
2025-12-20T02:00:00+00:00,6.44,0.0,-6.8
2025-12-20T03:00:00+00:00,6.3,0.0,-6.7
2025-12-20T04:00:00+00:00,6.09,5.0,-6.7
2025-12-20T05:00:00+00:00,5.77,42.0,-5.9
2025-12-20T06:00:00+00:00,6.06,88.0,-5.7
2025-12-20T07:00:00+00:00,5.89,118.0,-5.7
2025-12-20T08:00:00+00:00,5.12,122.0,-5.4
2025-12-20T09:00:00+00:00,5.44,109.0,-5.4
2025-12-20T10:00:00+00:00,5.19,73.0,-6.5
2025-12-20T11:00:00+00:00,4.21,26.0,-6.7
2025-12-20T12:00:00+00:00,3.82,0.0,-6.5
2025-12-20T13:00:00+00:00,3.52,0.0,-5.9
2025-12-20T14:00:00+00:00,3.16,0.0,-6.9
2025-12-20T15:00:00+00:00,2.9,0.0,-6.8
2025-12-20T16:00:00+00:00,2.66,0.0,-6.4
2025-12-20T17:00:00+00:00,2.59,0.0,-8.3
2025-12-20T18:00:00+00:00,3.79,0.0,-8.1
2025-12-20T19:00:00+00:00,5.32,0.0,-8.6
2025-12-20T20:00:00+00:00,5.6,0.0,-12.5
2025-12-20T21:00:00+00:00,5.3,0.0,-13.7
2025-12-20T22:00:00+00:00,4.8,0.0,-18.0
2025-12-20T23:00:00+00:00,4.35,0.0,-19.1
2025-12-21T00:00:00+00:00,3.95,0.0,-19.9
2025-12-21T01:00:00+00:00,3.5,0.0,-20.0
2025-12-21T02:00:00+00:00,3.11,0.0,-22.5
2025-12-21T03:00:00+00:00,2.47,0.0,-22.9
2025-12-21T04:00:00+00:00,1.92,10.0,-23.8
2025-12-21T05:00:00+00:00,1.65,85.0,-23.5
2025-12-21T06:00:00+00:00,1.22,173.0,-23.2
2025-12-21T07:00:00+00:00,0.89,236.0,-22.2
2025-12-21T08:00:00+00:00,0.58,251.0,-20.6
2025-12-21T09:00:00+00:00,0.5,215.0,-20.2
2025-12-21T10:00:00+00:00,1.35,142.0,-21.3
2025-12-21T11:00:00+00:00,2.42,47.0,-24.5
2025-12-21T12:00:00+00:00,2.8,0.0,-26.0
2025-12-21T13:00:00+00:00,2.47,0.0,-25.5
2025-12-21T14:00:00+00:00,2.88,0.0,-24.7
2025-12-21T15:00:00+00:00,3.15,0.0,-24.4
2025-12-21T16:00:00+00:00,3.38,0.0,-24.2
2025-12-21T17:00:00+00:00,3.85,0.0,-22.1
2025-12-21T18:00:00+00:00,4.37,0.0,-21.1
2025-12-21T19:00:00+00:00,4.88,0.0,-21.0
2025-12-21T20:00:00+00:00,5.37,0.0,-20.1
2025-12-21T21:00:00+00:00,5.59,0.0,-19.8
2025-12-21T22:00:00+00:00,5.73,0.0,-18.3
2025-12-21T23:00:00+00:00,5.94,0.0,-18.2
2025-12-22T00:00:00+00:00,5.91,0.0,-18.2
2025-12-22T01:00:00+00:00,5.8,0.0,-18.5
2025-12-22T02:00:00+00:00,5.76,0.0,-18.0
2025-12-22T03:00:00+00:00,5.81,0.0,-18.1
2025-12-22T04:00:00+00:00,5.86,9.0,-17.5
2025-12-22T05:00:00+00:00,5.98,67.0,-15.9
2025-12-22T06:00:00+00:00,5.9,128.0,-15.5
2025-12-22T07:00:00+00:00,5.65,187.0,-15.1
2025-12-22T08:00:00+00:00,5.78,213.0,-13.4
2025-12-22T09:00:00+00:00,5.72,174.0,-13.4
2025-12-22T10:00:00+00:00,5.99,119.0,-12.9
2025-12-22T11:00:00+00:00,5.61,38.0,-13.2
2025-12-22T12:00:00+00:00,5.45,0.0,-13.5
2025-12-22T13:00:00+00:00,5.3,0.0,-13.3
2025-12-22T14:00:00+00:00,5.26,0.0,-12.3
2025-12-22T15:00:00+00:00,5.16,0.0,-12.2
2025-12-22T16:00:00+00:00,4.98,0.0,-12.1
2025-12-22T17:00:00+00:00,4.88,0.0,-10.3
2025-12-22T18:00:00+00:00,4.77,0.0,-10.1
2025-12-22T19:00:00+00:00,4.83,0.0,-10.1
2025-12-22T20:00:00+00:00,4.71,0.0,-8.1
2025-12-22T21:00:00+00:00,4.7,0.0,-7.7
2025-12-22T22:00:00+00:00,4.94,0.0,-5.7
2025-12-22T23:00:00+00:00,4.93,0.0,-5.4
2025-12-23T00:00:00+00:00,4.98,0.0,-5.1
2025-12-23T01:00:00+00:00,5.2,0.0,-4.9
2025-12-23T02:00:00+00:00,5.23,0.0,-3.3
2025-12-23T03:00:00+00:00,5.22,0.0,-3.2
2025-12-23T04:00:00+00:00,5.39,4.0,-3.1
2025-12-23T05:00:00+00:00,5.56,41.0,-1.5
2025-12-23T06:00:00+00:00,5.35,70.0,-1.3
2025-12-23T07:00:00+00:00,5.3,94.0,-1.3
2025-12-23T08:00:00+00:00,5.66,92.0,-0.9
2025-12-23T09:00:00+00:00,6.06,65.0,-1.1
2025-12-23T10:00:00+00:00,6.49,46.0,-1.8
2025-12-23T11:00:00+00:00,6.5,14.0,-1.9
2025-12-23T12:00:00+00:00,6.57,0.0,-2.1
2025-12-23T13:00:00+00:00,6.82,0.0,-2.3
2025-12-23T14:00:00+00:00,7.12,0.0,-3.0
2025-12-23T15:00:00+00:00,7.34,0.0,-2.9
2025-12-23T16:00:00+00:00,7.54,0.0,-2.7
2025-12-23T17:00:00+00:00,7.57,0.0,-3.2
2025-12-23T18:00:00+00:00,7.34,0.0,-3.2
2025-12-23T19:00:00+00:00,7.08,0.0,-3.4
2025-12-23T20:00:00+00:00,7.12,0.0,-3.8
2025-12-23T21:00:00+00:00,7.1,0.0,-3.8
2025-12-23T22:00:00+00:00,7.07,0.0,-3.4
2025-12-23T23:00:00+00:00,6.72,0.0,-3.2
2025-12-24T00:00:00+00:00,6.29,0.0,-3.0
2025-12-24T01:00:00+00:00,5.76,0.0,-2.8
2025-12-24T02:00:00+00:00,5.26,0.0,-2.7
2025-12-24T03:00:00+00:00,4.81,0.0,-2.8
2025-12-24T04:00:00+00:00,4.61,5.0,-3.0
2025-12-24T05:00:00+00:00,4.57,42.0,-2.7
2025-12-24T06:00:00+00:00,4.79,84.0,-2.9
2025-12-24T07:00:00+00:00,4.87,112.0,-3.1
2025-12-24T08:00:00+00:00,4.96,123.0,-2.7
2025-12-24T09:00:00+00:00,4.78,101.0,-2.8
2025-12-24T10:00:00+00:00,5.08,66.0,-3.0
2025-12-24T11:00:00+00:00,4.96,23.0,-3.0
2025-12-24T12:00:00+00:00,5.12,0.0,-2.9
2025-12-24T13:00:00+00:00,5.31,0.0,-2.6
2025-12-24T14:00:00+00:00,5.26,0.0,-2.4
2025-12-24T15:00:00+00:00,5.16,0.0,-2.3
2025-12-24T16:00:00+00:00,5.12,0.0,-2.4
2025-12-24T17:00:00+00:00,5.12,0.0,-2.6
2025-12-24T18:00:00+00:00,5.16,0.0,-2.8
2025-12-24T19:00:00+00:00,5.24,0.0,-2.8
2025-12-24T20:00:00+00:00,5.38,0.0,-3.1
2025-12-24T21:00:00+00:00,5.54,0.0,-3.2
2025-12-24T22:00:00+00:00,6.06,0.0,-3.6
2025-12-24T23:00:00+00:00,6.12,0.0,-3.8
2025-12-25T00:00:00+00:00,6.16,0.0,-3.7
2025-12-25T01:00:00+00:00,6.12,0.0,-3.9
2025-12-25T02:00:00+00:00,6.19,0.0,-4.7
2025-12-25T03:00:00+00:00,6.12,0.0,-4.5
2025-12-25T04:00:00+00:00,6.06,6.0,-4.4
2025-12-25T05:00:00+00:00,6.2,58.0,-5.0
2025-12-25T06:00:00+00:00,6.2,115.0,-4.9
2025-12-25T07:00:00+00:00,6.68,180.0,-5.0
2025-12-25T08:00:00+00:00,6.39,183.0,-5.7
2025-12-25T09:00:00+00:00,6.15,138.0,-6.1
2025-12-25T10:00:00+00:00,6.07,81.0,-8.6
2025-12-25T11:00:00+00:00,5.94,32.0,-9.1
2025-12-25T12:00:00+00:00,5.72,0.0,-9.5
2025-12-25T13:00:00+00:00,5.54,0.0,-9.7
2025-12-25T14:00:00+00:00,5.24,0.0,-11.0
2025-12-25T15:00:00+00:00,4.88,0.0,-10.8
2025-12-25T16:00:00+00:00,4.6,0.0,-10.7
2025-12-25T17:00:00+00:00,4.24,0.0,-11.3
2025-12-25T18:00:00+00:00,3.89,0.0,-11.4
2025-12-25T19:00:00+00:00,3.66,0.0,-11.3
2025-12-25T20:00:00+00:00,3.64,0.0,-12.0
2025-12-25T21:00:00+00:00,3.83,0.0,-12.2
2025-12-25T22:00:00+00:00,4.19,0.0,-14.0
2025-12-25T23:00:00+00:00,4.81,0.0,-14.6
2025-12-26T00:00:00+00:00,5.13,0.0,-15.7
2025-12-26T01:00:00+00:00,5.1,0.0,-17.1
2025-12-26T02:00:00+00:00,4.92,0.0,-21.3
2025-12-26T03:00:00+00:00,4.48,0.0,-22.5
2025-12-26T04:00:00+00:00,4.02,9.0,-22.7
2025-12-26T05:00:00+00:00,3.85,84.0,-23.4
2025-12-26T06:00:00+00:00,4.0,168.0,-23.1
2025-12-26T07:00:00+00:00,3.9,215.0,-22.8
2025-12-26T08:00:00+00:00,3.52,235.0,-21.9
2025-12-26T09:00:00+00:00,3.37,207.0,-22.0
2025-12-26T10:00:00+00:00,2.79,132.0,-23.7
2025-12-26T11:00:00+00:00,2.8,53.0,-24.3
2025-12-26T12:00:00+00:00,3.07,1.0,-24.8
2025-12-26T13:00:00+00:00,3.49,0.0,-25.0
2025-12-26T14:00:00+00:00,3.87,0.0,-24.9
2025-12-26T15:00:00+00:00,4.04,0.0,-24.7
2025-12-26T16:00:00+00:00,4.02,0.0,-24.4
2025-12-26T17:00:00+00:00,4.05,0.0,-23.9
2025-12-26T18:00:00+00:00,4.05,0.0,-23.6
2025-12-26T19:00:00+00:00,3.95,0.0,-23.6
2025-12-26T20:00:00+00:00,3.98,0.0,-23.9
2025-12-26T21:00:00+00:00,3.9,0.0,-24.0
2025-12-26T22:00:00+00:00,3.78,0.0,-24.3
2025-12-26T23:00:00+00:00,3.77,0.0,-24.5
2025-12-27T00:00:00+00:00,3.73,0.0,-24.8
2025-12-27T01:00:00+00:00,3.52,0.0,-24.9
2025-12-27T02:00:00+00:00,3.21,0.0,-24.9
2025-12-27T03:00:00+00:00,3.16,0.0,-25.0
2025-12-27T04:00:00+00:00,3.2,9.0,-24.8
2025-12-27T05:00:00+00:00,3.4,85.0,-22.6
2025-12-27T06:00:00+00:00,3.49,173.0,-22.0
2025-12-27T07:00:00+00:00,3.56,225.0,-21.7
2025-12-27T08:00:00+00:00,3.72,235.0,-19.4
2025-12-27T09:00:00+00:00,3.47,202.0,-19.4
2025-12-27T10:00:00+00:00,2.67,134.0,-20.9
2025-12-27T11:00:00+00:00,2.38,50.0,-21.5
2025-12-27T12:00:00+00:00,2.46,1.0,-22.0
2025-12-27T13:00:00+00:00,2.55,0.0,-22.3
2025-12-27T14:00:00+00:00,2.34,0.0,-23.5
2025-12-27T15:00:00+00:00,2.06,0.0,-23.7
2025-12-27T16:00:00+00:00,2.1,0.0,-23.9
2025-12-27T17:00:00+00:00,2.25,0.0,-24.5
2025-12-27T18:00:00+00:00,2.25,0.0,-24.9
2025-12-27T19:00:00+00:00,2.11,0.0,-25.2
2025-12-27T20:00:00+00:00,2.26,0.0,-25.1
2025-12-27T21:00:00+00:00,2.34,0.0,-25.1
2025-12-27T22:00:00+00:00,2.1,0.0,-25.0
2025-12-27T23:00:00+00:00,2.1,0.0,-24.9
2025-12-28T00:00:00+00:00,2.17,0.0,-25.0
2025-12-28T01:00:00+00:00,2.18,0.0,-25.0
2025-12-28T02:00:00+00:00,2.26,0.0,-24.5
2025-12-28T03:00:00+00:00,2.26,0.0,-24.4
2025-12-28T04:00:00+00:00,2.43,8.0,-24.2
2025-12-28T05:00:00+00:00,2.83,78.0,-20.7
2025-12-28T06:00:00+00:00,2.77,161.0,-20.0
2025-12-28T07:00:00+00:00,2.48,218.0,-19.4
2025-12-28T08:00:00+00:00,2.13,245.0,-16.1
2025-12-28T09:00:00+00:00,1.88,216.0,-15.6
2025-12-28T10:00:00+00:00,2.3,145.0,-16.0
2025-12-28T11:00:00+00:00,2.8,49.0,-16.3
2025-12-28T12:00:00+00:00,3.24,1.0,-16.0
2025-12-28T13:00:00+00:00,3.48,0.0,-16.1
2025-12-28T14:00:00+00:00,3.4,0.0,-15.9
2025-12-28T15:00:00+00:00,3.19,0.0,-16.2
2025-12-28T16:00:00+00:00,3.11,0.0,-16.4
2025-12-28T17:00:00+00:00,3.17,0.0,-16.0
2025-12-28T18:00:00+00:00,3.25,0.0,-15.8
2025-12-28T19:00:00+00:00,3.42,0.0,-15.6
2025-12-28T20:00:00+00:00,3.66,0.0,-15.1
2025-12-28T21:00:00+00:00,3.76,0.0,-14.8
2025-12-28T22:00:00+00:00,3.8,0.0,-12.8
2025-12-28T23:00:00+00:00,3.76,0.0,-12.4
2025-12-29T00:00:00+00:00,3.87,0.0,-12.1
2025-12-29T01:00:00+00:00,3.95,0.0,-11.9
2025-12-29T02:00:00+00:00,3.87,0.0,-10.8
2025-12-29T03:00:00+00:00,4.19,0.0,-10.6
2025-12-29T04:00:00+00:00,4.76,8.0,-10.1
2025-12-29T05:00:00+00:00,4.92,79.0,-7.7
2025-12-29T06:00:00+00:00,5.31,145.0,-7.4
2025-12-29T07:00:00+00:00,5.22,209.0,-7.2
2025-12-29T08:00:00+00:00,5.02,205.0,-5.3
2025-12-29T09:00:00+00:00,5.16,153.0,-5.3
2025-12-29T10:00:00+00:00,5.48,104.0,-4.6
2025-12-29T11:00:00+00:00,5.6,36.0,-4.7
2025-12-29T12:00:00+00:00,5.15,1.0,-4.5
2025-12-29T13:00:00+00:00,4.97,0.0,-4.7
2025-12-29T14:00:00+00:00,4.52,0.0,-4.4
2025-12-29T15:00:00+00:00,3.71,0.0,-4.2
2025-12-29T16:00:00+00:00,3.05,0.0,-4.4
2025-12-29T17:00:00+00:00,3.08,0.0,-3.9
2025-12-29T18:00:00+00:00,3.43,0.0,-3.8
2025-12-29T19:00:00+00:00,3.59,0.0,-3.4
2025-12-29T20:00:00+00:00,3.72,0.0,-1.7
2025-12-29T21:00:00+00:00,3.85,0.0,-0.5
2025-12-29T22:00:00+00:00,4.67,0.0,1.2
2025-12-29T23:00:00+00:00,5.13,0.0,2.0
2025-12-30T00:00:00+00:00,5.28,0.0,2.1
2025-12-30T01:00:00+00:00,5.54,0.0,1.9
2025-12-30T02:00:00+00:00,5.64,0.0,2.4
2025-12-30T03:00:00+00:00,5.97,0.0,2.3
2025-12-30T04:00:00+00:00,5.87,2.0,2.2
2025-12-30T05:00:00+00:00,5.8,31.0,2.2
2025-12-30T06:00:00+00:00,5.76,71.0,2.0
2025-12-30T07:00:00+00:00,5.68,91.0,2.0
2025-12-30T08:00:00+00:00,5.66,83.0,1.4
2025-12-30T09:00:00+00:00,5.27,72.0,1.3
2025-12-30T10:00:00+00:00,5.26,43.0,-0.3
2025-12-30T11:00:00+00:00,5.13,17.0,-0.4
2025-12-30T12:00:00+00:00,4.82,1.0,-0.6
2025-12-30T13:00:00+00:00,4.67,0.0,-0.6
2025-12-30T14:00:00+00:00,4.5,0.0,-2.8
2025-12-30T15:00:00+00:00,4.12,0.0,-3.5
2025-12-30T16:00:00+00:00,3.45,0.0,-4.0
2025-12-30T17:00:00+00:00,2.67,0.0,-5.7
2025-12-30T18:00:00+00:00,2.2,0.0,-6.2
2025-12-30T19:00:00+00:00,1.93,0.0,-6.4
2025-12-30T20:00:00+00:00,1.38,0.0,-7.6
2025-12-30T21:00:00+00:00,1.43,0.0,-7.7
2025-12-30T22:00:00+00:00,2.1,0.0,-9.2
2025-12-30T23:00:00+00:00,1.63,0.0,-9.8
2025-12-31T00:00:00+00:00,1.61,0.0,-10.3
2025-12-31T01:00:00+00:00,2.33,0.0,-10.4
2025-12-31T02:00:00+00:00,3.8,0.0,-10.3
2025-12-31T03:00:00+00:00,4.01,0.0,-10.4
2025-12-31T04:00:00+00:00,3.24,4.0,-10.3
2025-12-31T05:00:00+00:00,3.65,28.0,-8.8
2025-12-31T06:00:00+00:00,4.22,57.0,-8.6
2025-12-31T07:00:00+00:00,4.48,62.0,-8.5
2025-12-31T08:00:00+00:00,4.41,106.0,-7.2
2025-12-31T09:00:00+00:00,4.23,70.0,-7.0
2025-12-31T10:00:00+00:00,5.14,37.0,-6.1
2025-12-31T11:00:00+00:00,5.08,18.0,-6.0
2025-12-31T12:00:00+00:00,1.87,1.0,-5.8
2025-12-31T13:00:00+00:00,1.43,0.0,-5.8
2025-12-31T14:00:00+00:00,3.19,0.0,-7.2
2025-12-31T15:00:00+00:00,4.55,0.0,-8.0
2025-12-31T16:00:00+00:00,4.76,0.0,-8.0
2025-12-31T17:00:00+00:00,4.72,0.0,-9.8
2025-12-31T18:00:00+00:00,5.03,0.0,-9.5
